# Blender 3.5.0 Alpha
# www.blender.org
mtllib 1_Frank.mtl
o 1_Frank
v 0.000760 -0.007026 0.007026
v 0.000760 -0.006621 0.006621
v 0.000760 0.000000 0.009136
v 0.000760 0.000000 0.009824
v 0.000760 0.006621 0.006621
v 0.000760 0.007026 0.007026
v 0.000760 0.009136 0.000000
v 0.000760 0.009824 0.000000
v 0.000760 0.006621 -0.006621
v 0.000760 0.007026 -0.007026
v 0.000760 0.000000 -0.009136
v 0.000760 0.000000 -0.009824
v 0.000760 -0.006621 -0.006621
v 0.000760 -0.007026 -0.007026
v 0.000760 -0.009136 0.000000
v 0.000760 -0.009824 0.000000
v 0.000760 -0.005960 0.007206
v 0.000760 -0.005233 0.007715
v 0.000760 -0.004449 0.008147
v 0.000760 -0.003616 0.008501
v 0.000760 -0.002746 0.008778
v 0.000760 -0.001846 0.008976
v 0.000760 -0.000928 0.009096
v 0.000760 -0.006313 0.007664
v 0.000760 -0.005535 0.008223
v 0.000760 -0.004699 0.008703
v 0.000760 -0.003816 0.009101
v 0.000760 -0.002895 0.009414
v 0.000760 -0.001946 0.009640
v 0.000760 -0.000978 0.009777
v 0.000760 0.000928 0.009096
v 0.000760 0.001846 0.008976
v 0.000760 0.002746 0.008778
v 0.000760 0.003616 0.008501
v 0.000760 0.004449 0.008147
v 0.000760 0.005233 0.007715
v 0.000760 0.005960 0.007206
v 0.000760 0.000978 0.009777
v 0.000760 0.001946 0.009640
v 0.000760 0.002895 0.009414
v 0.000760 0.003816 0.009101
v 0.000760 0.004699 0.008703
v 0.000760 0.005535 0.008223
v 0.000760 0.006313 0.007664
v 0.000760 0.007206 0.005960
v 0.000760 0.007715 0.005233
v 0.000760 0.008147 0.004449
v 0.000760 0.008501 0.003616
v 0.000760 0.008778 0.002746
v 0.000760 0.008976 0.001846
v 0.000760 0.009096 0.000928
v 0.000760 0.007664 0.006313
v 0.000760 0.008223 0.005535
v 0.000760 0.008703 0.004699
v 0.000760 0.009101 0.003816
v 0.000760 0.009414 0.002895
v 0.000760 0.009640 0.001946
v 0.000760 0.009777 0.000978
v 0.000760 0.009096 -0.000928
v 0.000760 0.008976 -0.001846
v 0.000760 0.008778 -0.002746
v 0.000760 0.008501 -0.003616
v 0.000760 0.008147 -0.004449
v 0.000760 0.007715 -0.005233
v 0.000760 0.007206 -0.005960
v 0.000760 0.009777 -0.000978
v 0.000760 0.009640 -0.001946
v 0.000760 0.009414 -0.002895
v 0.000760 0.009101 -0.003816
v 0.000760 0.008703 -0.004699
v 0.000760 0.008223 -0.005535
v 0.000760 0.007664 -0.006313
v 0.000760 0.005960 -0.007206
v 0.000760 0.005233 -0.007715
v 0.000760 0.004449 -0.008147
v 0.000760 0.003616 -0.008501
v 0.000760 0.002746 -0.008778
v 0.000760 0.001846 -0.008976
v 0.000760 0.000928 -0.009096
v 0.000760 0.006313 -0.007664
v 0.000760 0.005535 -0.008223
v 0.000760 0.004699 -0.008703
v 0.000760 0.003816 -0.009101
v 0.000760 0.002895 -0.009414
v 0.000760 0.001946 -0.009640
v 0.000760 0.000978 -0.009777
v 0.000760 -0.000928 -0.009096
v 0.000760 -0.001846 -0.008976
v 0.000760 -0.002746 -0.008778
v 0.000760 -0.003616 -0.008501
v 0.000760 -0.004449 -0.008147
v 0.000760 -0.005233 -0.007715
v 0.000760 -0.005960 -0.007206
v 0.000760 -0.000978 -0.009777
v 0.000760 -0.001946 -0.009640
v 0.000760 -0.002895 -0.009414
v 0.000760 -0.003816 -0.009101
v 0.000760 -0.004699 -0.008703
v 0.000760 -0.005535 -0.008223
v 0.000760 -0.006313 -0.007664
v 0.000760 -0.007206 -0.005960
v 0.000760 -0.007715 -0.005233
v 0.000760 -0.008147 -0.004449
v 0.000760 -0.008501 -0.003616
v 0.000760 -0.008778 -0.002746
v 0.000760 -0.008976 -0.001846
v 0.000760 -0.009096 -0.000928
v 0.000760 -0.007664 -0.006313
v 0.000760 -0.008223 -0.005535
v 0.000760 -0.008703 -0.004699
v 0.000760 -0.009101 -0.003816
v 0.000760 -0.009414 -0.002895
v 0.000760 -0.009640 -0.001946
v 0.000760 -0.009777 -0.000978
v 0.000760 -0.009096 0.000928
v 0.000760 -0.008976 0.001846
v 0.000760 -0.008778 0.002746
v 0.000760 -0.008501 0.003616
v 0.000760 -0.008147 0.004449
v 0.000760 -0.007715 0.005233
v 0.000760 -0.007206 0.005960
v 0.000760 -0.009777 0.000978
v 0.000760 -0.009640 0.001946
v 0.000760 -0.009414 0.002895
v 0.000760 -0.009101 0.003816
v 0.000760 -0.008703 0.004699
v 0.000760 -0.008223 0.005535
v 0.000760 -0.007664 0.006313
v -0.000760 -0.007026 0.007026
v -0.000760 -0.000000 0.009824
v -0.000760 0.007026 0.007026
v -0.000760 0.009824 -0.000000
v -0.000760 0.007026 -0.007026
v -0.000760 -0.000000 -0.009824
v -0.000760 -0.007026 -0.007026
v -0.000760 -0.009824 -0.000000
v -0.000760 -0.006313 0.007664
v -0.000760 -0.005535 0.008223
v -0.000760 -0.004699 0.008703
v -0.000760 -0.003816 0.009101
v -0.000760 -0.002895 0.009414
v -0.000760 -0.001946 0.009640
v -0.000760 -0.000978 0.009777
v -0.000760 0.000978 0.009777
v -0.000760 0.001946 0.009640
v -0.000760 0.002895 0.009414
v -0.000760 0.003816 0.009101
v -0.000760 0.004699 0.008703
v -0.000760 0.005535 0.008223
v -0.000760 0.006313 0.007664
v -0.000760 0.007664 0.006313
v -0.000760 0.008223 0.005535
v -0.000760 0.008703 0.004699
v -0.000760 0.009101 0.003816
v -0.000760 0.009414 0.002895
v -0.000760 0.009640 0.001946
v -0.000760 0.009777 0.000978
v -0.000760 0.009777 -0.000978
v -0.000760 0.009640 -0.001946
v -0.000760 0.009414 -0.002895
v -0.000760 0.009101 -0.003816
v -0.000760 0.008703 -0.004699
v -0.000760 0.008223 -0.005535
v -0.000760 0.007664 -0.006313
v -0.000760 0.006313 -0.007664
v -0.000760 0.005535 -0.008223
v -0.000760 0.004699 -0.008703
v -0.000760 0.003816 -0.009101
v -0.000760 0.002895 -0.009414
v -0.000760 0.001946 -0.009640
v -0.000760 0.000978 -0.009777
v -0.000760 -0.000978 -0.009777
v -0.000760 -0.001946 -0.009640
v -0.000760 -0.002895 -0.009414
v -0.000760 -0.003816 -0.009101
v -0.000760 -0.004699 -0.008703
v -0.000760 -0.005535 -0.008223
v -0.000760 -0.006313 -0.007664
v -0.000760 -0.007664 -0.006313
v -0.000760 -0.008223 -0.005535
v -0.000760 -0.008703 -0.004699
v -0.000760 -0.009101 -0.003816
v -0.000760 -0.009414 -0.002895
v -0.000760 -0.009640 -0.001946
v -0.000760 -0.009777 -0.000978
v -0.000760 -0.009777 0.000978
v -0.000760 -0.009640 0.001946
v -0.000760 -0.009414 0.002895
v -0.000760 -0.009101 0.003816
v -0.000760 -0.008703 0.004699
v -0.000760 -0.008223 0.005535
v -0.000760 -0.007664 0.006313
v 0.000760 0.000000 0.010310
v 0.000560 0.000000 0.010513
v 0.000560 -0.007434 0.007434
v 0.000760 -0.007293 0.007293
v 0.000560 -0.010513 0.000000
v 0.000760 -0.010310 0.000000
v 0.000560 -0.007434 -0.007434
v 0.000760 -0.007293 -0.007293
v 0.000560 0.000000 -0.010513
v 0.000760 0.000000 -0.010310
v 0.000560 0.007434 -0.007434
v 0.000760 0.007293 -0.007293
v 0.000560 0.010513 0.000000
v 0.000760 0.010310 0.000000
v 0.000560 0.007434 0.007434
v 0.000760 0.007293 0.007293
v 0.000760 -0.006548 0.007967
v 0.000560 -0.006669 0.008123
v 0.000760 -0.005737 0.008563
v 0.000560 -0.005839 0.008734
v 0.000760 -0.004870 0.009079
v 0.000560 -0.004952 0.009261
v 0.000760 -0.003954 0.009511
v 0.000560 -0.004018 0.009701
v 0.000760 -0.003000 0.009854
v 0.000560 -0.003047 0.010050
v 0.000760 -0.002017 0.010105
v 0.000560 -0.002047 0.010305
v 0.000760 -0.001013 0.010258
v 0.000560 -0.001028 0.010460
v 0.000760 -0.010258 0.001013
v 0.000560 -0.010460 0.001028
v 0.000760 -0.010105 0.002017
v 0.000560 -0.010305 0.002047
v 0.000760 -0.009854 0.003000
v 0.000560 -0.010050 0.003047
v 0.000760 -0.009511 0.003954
v 0.000560 -0.009701 0.004018
v 0.000760 -0.009079 0.004870
v 0.000560 -0.009261 0.004952
v 0.000760 -0.008563 0.005737
v 0.000560 -0.008734 0.005839
v 0.000760 -0.007967 0.006548
v 0.000560 -0.008123 0.006669
v 0.000760 -0.007967 -0.006548
v 0.000560 -0.008123 -0.006669
v 0.000760 -0.008563 -0.005737
v 0.000560 -0.008734 -0.005839
v 0.000760 -0.009079 -0.004870
v 0.000560 -0.009261 -0.004952
v 0.000760 -0.009511 -0.003954
v 0.000560 -0.009701 -0.004018
v 0.000760 -0.009854 -0.003000
v 0.000560 -0.010050 -0.003047
v 0.000760 -0.010105 -0.002017
v 0.000560 -0.010305 -0.002047
v 0.000760 -0.010258 -0.001013
v 0.000560 -0.010460 -0.001028
v 0.000760 -0.001013 -0.010258
v 0.000560 -0.001028 -0.010460
v 0.000760 -0.002017 -0.010105
v 0.000560 -0.002047 -0.010305
v 0.000760 -0.003000 -0.009854
v 0.000560 -0.003047 -0.010050
v 0.000760 -0.003954 -0.009511
v 0.000560 -0.004018 -0.009701
v 0.000760 -0.004870 -0.009079
v 0.000560 -0.004952 -0.009261
v 0.000760 -0.005737 -0.008563
v 0.000560 -0.005839 -0.008734
v 0.000760 -0.006548 -0.007967
v 0.000560 -0.006669 -0.008123
v 0.000760 0.006548 -0.007967
v 0.000560 0.006669 -0.008123
v 0.000760 0.005737 -0.008563
v 0.000560 0.005839 -0.008734
v 0.000760 0.004870 -0.009079
v 0.000560 0.004952 -0.009261
v 0.000760 0.003954 -0.009511
v 0.000560 0.004018 -0.009701
v 0.000760 0.003000 -0.009854
v 0.000560 0.003047 -0.010050
v 0.000760 0.002017 -0.010105
v 0.000560 0.002047 -0.010305
v 0.000760 0.001013 -0.010258
v 0.000560 0.001028 -0.010460
v 0.000760 0.010258 -0.001013
v 0.000560 0.010460 -0.001028
v 0.000760 0.010105 -0.002017
v 0.000560 0.010305 -0.002047
v 0.000760 0.009854 -0.003000
v 0.000560 0.010050 -0.003047
v 0.000760 0.009511 -0.003954
v 0.000560 0.009701 -0.004018
v 0.000760 0.009079 -0.004870
v 0.000560 0.009261 -0.004952
v 0.000760 0.008563 -0.005737
v 0.000560 0.008734 -0.005839
v 0.000760 0.007967 -0.006548
v 0.000560 0.008123 -0.006669
v 0.000760 0.007967 0.006548
v 0.000560 0.008123 0.006669
v 0.000760 0.008563 0.005737
v 0.000560 0.008734 0.005839
v 0.000760 0.009079 0.004870
v 0.000560 0.009261 0.004952
v 0.000760 0.009511 0.003954
v 0.000560 0.009701 0.004018
v 0.000760 0.009854 0.003000
v 0.000560 0.010050 0.003047
v 0.000760 0.010105 0.002017
v 0.000560 0.010305 0.002047
v 0.000760 0.010258 0.001013
v 0.000560 0.010460 0.001028
v 0.000760 0.001013 0.010258
v 0.000560 0.001028 0.010460
v 0.000760 0.002017 0.010105
v 0.000560 0.002047 0.010305
v 0.000760 0.003000 0.009854
v 0.000560 0.003047 0.010050
v 0.000760 0.003954 0.009511
v 0.000560 0.004018 0.009701
v 0.000760 0.004870 0.009079
v 0.000560 0.004952 0.009261
v 0.000760 0.005737 0.008563
v 0.000560 0.005839 0.008734
v 0.000760 0.006548 0.007967
v 0.000560 0.006669 0.008123
v -0.000560 -0.000000 0.010513
v -0.000760 -0.000000 0.010310
v -0.000760 -0.007293 0.007293
v -0.000560 -0.007434 0.007434
v -0.000760 -0.010310 -0.000000
v -0.000560 -0.010513 -0.000000
v -0.000760 -0.007293 -0.007293
v -0.000560 -0.007434 -0.007434
v -0.000760 -0.000000 -0.010310
v -0.000560 -0.000000 -0.010513
v -0.000760 0.007293 -0.007293
v -0.000560 0.007434 -0.007434
v -0.000760 0.010310 -0.000000
v -0.000560 0.010513 -0.000000
v -0.000760 0.007293 0.007293
v -0.000560 0.007434 0.007434
v -0.000560 -0.006669 0.008123
v -0.000760 -0.006548 0.007967
v -0.000560 -0.005839 0.008734
v -0.000760 -0.005737 0.008563
v -0.000560 -0.004952 0.009261
v -0.000760 -0.004870 0.009079
v -0.000560 -0.004018 0.009701
v -0.000760 -0.003954 0.009511
v -0.000560 -0.003047 0.010050
v -0.000760 -0.003000 0.009854
v -0.000560 -0.002047 0.010305
v -0.000760 -0.002017 0.010105
v -0.000560 -0.001028 0.010460
v -0.000760 -0.001013 0.010258
v -0.000560 -0.010460 0.001028
v -0.000760 -0.010258 0.001013
v -0.000560 -0.010305 0.002047
v -0.000760 -0.010105 0.002017
v -0.000560 -0.010050 0.003047
v -0.000760 -0.009854 0.003000
v -0.000560 -0.009701 0.004018
v -0.000760 -0.009511 0.003954
v -0.000560 -0.009261 0.004952
v -0.000760 -0.009079 0.004870
v -0.000560 -0.008734 0.005839
v -0.000760 -0.008563 0.005737
v -0.000560 -0.008123 0.006669
v -0.000760 -0.007967 0.006548
v -0.000560 -0.008123 -0.006669
v -0.000760 -0.007967 -0.006548
v -0.000560 -0.008734 -0.005839
v -0.000760 -0.008563 -0.005737
v -0.000560 -0.009261 -0.004952
v -0.000760 -0.009079 -0.004870
v -0.000560 -0.009701 -0.004018
v -0.000760 -0.009511 -0.003954
v -0.000560 -0.010050 -0.003047
v -0.000760 -0.009854 -0.003000
v -0.000560 -0.010305 -0.002047
v -0.000760 -0.010105 -0.002017
v -0.000560 -0.010460 -0.001028
v -0.000760 -0.010258 -0.001013
v -0.000560 -0.001028 -0.010460
v -0.000760 -0.001013 -0.010258
v -0.000560 -0.002047 -0.010305
v -0.000760 -0.002017 -0.010105
v -0.000560 -0.003047 -0.010050
v -0.000760 -0.003000 -0.009854
v -0.000560 -0.004018 -0.009701
v -0.000760 -0.003954 -0.009511
v -0.000560 -0.004952 -0.009261
v -0.000760 -0.004870 -0.009079
v -0.000560 -0.005839 -0.008734
v -0.000760 -0.005737 -0.008563
v -0.000560 -0.006669 -0.008123
v -0.000760 -0.006548 -0.007967
v -0.000560 0.006669 -0.008123
v -0.000760 0.006548 -0.007967
v -0.000560 0.005839 -0.008734
v -0.000760 0.005737 -0.008563
v -0.000560 0.004952 -0.009261
v -0.000760 0.004870 -0.009079
v -0.000560 0.004018 -0.009701
v -0.000760 0.003954 -0.009511
v -0.000560 0.003047 -0.010050
v -0.000760 0.003000 -0.009854
v -0.000560 0.002047 -0.010305
v -0.000760 0.002017 -0.010105
v -0.000560 0.001028 -0.010460
v -0.000760 0.001013 -0.010258
v -0.000560 0.010460 -0.001028
v -0.000760 0.010258 -0.001013
v -0.000560 0.010305 -0.002047
v -0.000760 0.010105 -0.002017
v -0.000560 0.010050 -0.003047
v -0.000760 0.009854 -0.003000
v -0.000560 0.009701 -0.004018
v -0.000760 0.009511 -0.003954
v -0.000560 0.009261 -0.004952
v -0.000760 0.009079 -0.004870
v -0.000560 0.008734 -0.005839
v -0.000760 0.008563 -0.005737
v -0.000560 0.008123 -0.006669
v -0.000760 0.007967 -0.006548
v -0.000560 0.008123 0.006669
v -0.000760 0.007967 0.006548
v -0.000560 0.008734 0.005839
v -0.000760 0.008563 0.005737
v -0.000560 0.009261 0.004952
v -0.000760 0.009079 0.004870
v -0.000560 0.009701 0.004018
v -0.000760 0.009511 0.003954
v -0.000560 0.010050 0.003047
v -0.000760 0.009854 0.003000
v -0.000560 0.010305 0.002047
v -0.000760 0.010105 0.002017
v -0.000560 0.010460 0.001028
v -0.000760 0.010258 0.001013
v -0.000560 0.001028 0.010460
v -0.000760 0.001013 0.010258
v -0.000560 0.002047 0.010305
v -0.000760 0.002017 0.010105
v -0.000560 0.003047 0.010050
v -0.000760 0.003000 0.009854
v -0.000560 0.004018 0.009701
v -0.000760 0.003954 0.009511
v -0.000560 0.004952 0.009261
v -0.000760 0.004870 0.009079
v -0.000560 0.005839 0.008734
v -0.000760 0.005737 0.008563
v -0.000560 0.006669 0.008123
v -0.000760 0.006548 0.007967
v -0.000660 -0.005085 -0.000000
v -0.000660 -0.005076 -0.000691
v -0.000660 -0.005049 -0.001372
v -0.000660 -0.005003 -0.002033
v -0.000660 -0.004937 -0.002665
v -0.000660 -0.004852 -0.003256
v -0.000660 -0.004754 -0.003791
v -0.000660 -0.004650 -0.004251
v -0.000660 -0.004567 -0.004567
v -0.000660 -0.000000 -0.005085
v -0.000660 0.000691 -0.005076
v -0.000660 0.001372 -0.005049
v -0.000660 0.002033 -0.005003
v -0.000660 0.002665 -0.004937
v -0.000660 0.003256 -0.004852
v -0.000660 0.003791 -0.004754
v -0.000660 0.004251 -0.004650
v -0.000660 0.004567 -0.004567
v -0.000660 0.005085 -0.000000
v -0.000660 0.005076 0.000691
v -0.000660 0.005049 0.001372
v -0.000660 0.005003 0.002033
v -0.000660 0.004937 0.002665
v -0.000660 0.004852 0.003256
v -0.000660 0.004754 0.003791
v -0.000660 0.004650 0.004251
v -0.000660 0.004567 0.004567
v -0.000660 -0.000000 0.005085
v -0.000660 -0.000691 0.005076
v -0.000660 -0.001372 0.005049
v -0.000660 -0.002033 0.005003
v -0.000660 -0.002665 0.004937
v -0.000660 -0.003256 0.004852
v -0.000660 -0.003791 0.004754
v -0.000660 -0.004251 0.004650
v -0.000660 -0.004567 0.004567
v -0.000660 -0.004251 -0.004650
v -0.000660 -0.003791 -0.004754
v -0.000660 -0.003256 -0.004852
v -0.000660 -0.002665 -0.004937
v -0.000660 -0.002033 -0.005003
v -0.000660 -0.001372 -0.005049
v -0.000660 -0.000691 -0.005076
v -0.000660 0.004251 0.004650
v -0.000660 0.003791 0.004754
v -0.000660 0.003256 0.004852
v -0.000660 0.002665 0.004937
v -0.000660 0.002033 0.005003
v -0.000660 0.001372 0.005049
v -0.000660 0.000691 0.005076
v -0.000660 -0.000000 -0.000000
v -0.000660 -0.000000 0.000625
v -0.000660 -0.000000 0.001251
v -0.000660 -0.000000 0.001880
v -0.000660 -0.000000 0.002511
v -0.000660 -0.000000 0.003146
v -0.000660 -0.000000 0.003786
v -0.000660 -0.000000 0.004432
v -0.000660 -0.004650 0.004251
v -0.000660 -0.004754 0.003791
v -0.000660 -0.004852 0.003256
v -0.000660 -0.004937 0.002665
v -0.000660 -0.005003 0.002033
v -0.000660 -0.005049 0.001372
v -0.000660 -0.005076 0.000691
v -0.000660 0.004650 -0.004251
v -0.000660 0.004754 -0.003791
v -0.000660 0.004852 -0.003256
v -0.000660 0.004937 -0.002665
v -0.000660 0.005003 -0.002033
v -0.000660 0.005049 -0.001372
v -0.000660 0.005076 -0.000691
v -0.000660 -0.000000 -0.004432
v -0.000660 -0.000000 -0.003786
v -0.000660 -0.000000 -0.003146
v -0.000660 -0.000000 -0.002511
v -0.000660 -0.000000 -0.001880
v -0.000660 -0.000000 -0.001251
v -0.000660 -0.000000 -0.000625
v -0.000660 -0.000625 0.000000
v -0.000660 -0.001251 -0.000000
v -0.000660 -0.001880 -0.000000
v -0.000660 -0.002511 -0.000000
v -0.000660 -0.003146 -0.000000
v -0.000660 -0.003786 -0.000000
v -0.000660 -0.004432 -0.000000
v -0.000660 0.004432 -0.000000
v -0.000660 0.003786 -0.000000
v -0.000660 0.003146 -0.000000
v -0.000660 0.002511 -0.000000
v -0.000660 0.001880 -0.000000
v -0.000660 0.001251 -0.000000
v -0.000660 0.000625 -0.000000
v -0.000660 -0.007026 0.007026
v -0.000660 -0.006621 0.006621
v -0.000660 -0.006222 0.006222
v -0.000660 -0.005832 0.005832
v -0.000660 -0.005456 0.005456
v -0.000660 -0.005103 0.005103
v -0.000660 -0.004790 0.004790
v -0.000660 -0.000000 0.005746
v -0.000660 -0.000000 0.006414
v -0.000660 -0.000000 0.007088
v -0.000660 -0.000000 0.007767
v -0.000660 -0.000000 0.008450
v -0.000660 -0.000000 0.009136
v -0.000660 -0.000000 0.009824
v -0.000660 0.004790 0.004790
v -0.000660 0.005103 0.005103
v -0.000660 0.005456 0.005456
v -0.000660 0.005832 0.005832
v -0.000660 0.006222 0.006222
v -0.000660 0.006621 0.006621
v -0.000660 0.007026 0.007026
v -0.000660 0.005746 -0.000000
v -0.000660 0.006414 -0.000000
v -0.000660 0.007088 -0.000000
v -0.000660 0.007767 -0.000000
v -0.000660 0.008450 -0.000000
v -0.000660 0.009136 -0.000000
v -0.000660 0.009824 -0.000000
v -0.000660 0.004790 -0.004790
v -0.000660 0.005103 -0.005103
v -0.000660 0.005456 -0.005456
v -0.000660 0.005832 -0.005832
v -0.000660 0.006222 -0.006222
v -0.000660 0.006621 -0.006621
v -0.000660 0.007026 -0.007026
v -0.000660 -0.000000 -0.005746
v -0.000660 -0.000000 -0.006414
v -0.000660 -0.000000 -0.007088
v -0.000660 -0.000000 -0.007767
v -0.000660 -0.000000 -0.008450
v -0.000660 -0.000000 -0.009136
v -0.000660 -0.000000 -0.009824
v -0.000660 -0.004790 -0.004790
v -0.000660 -0.005103 -0.005103
v -0.000660 -0.005456 -0.005456
v -0.000660 -0.005832 -0.005832
v -0.000660 -0.006222 -0.006222
v -0.000660 -0.006621 -0.006621
v -0.000660 -0.007026 -0.007026
v -0.000660 -0.005746 -0.000000
v -0.000660 -0.006414 -0.000000
v -0.000660 -0.007088 -0.000000
v -0.000660 -0.007767 -0.000000
v -0.000660 -0.008450 -0.000000
v -0.000660 -0.009136 -0.000000
v -0.000660 -0.009824 -0.000000
v -0.000660 0.000625 0.000625
v -0.000660 0.001251 0.000626
v -0.000660 0.001879 0.000628
v -0.000660 0.002510 0.000633
v -0.000660 0.003144 0.000641
v -0.000660 0.003782 0.000652
v -0.000660 0.004426 0.000669
v -0.000660 0.000626 0.001251
v -0.000660 0.001253 0.001253
v -0.000660 0.001880 0.001257
v -0.000660 0.002509 0.001264
v -0.000660 0.003139 0.001278
v -0.000660 0.003772 0.001299
v -0.000660 0.004409 0.001329
v -0.000660 0.000628 0.001879
v -0.000660 0.001257 0.001880
v -0.000660 0.001884 0.001884
v -0.000660 0.002509 0.001892
v -0.000660 0.003134 0.001907
v -0.000660 0.003757 0.001933
v -0.000660 0.004380 0.001973
v -0.000660 0.000633 0.002510
v -0.000660 0.001264 0.002509
v -0.000660 0.001892 0.002509
v -0.000660 0.002514 0.002514
v -0.000660 0.003129 0.002524
v -0.000660 0.003737 0.002548
v -0.000660 0.004339 0.002593
v -0.000660 0.000641 0.003144
v -0.000660 0.001278 0.003139
v -0.000660 0.001907 0.003134
v -0.000660 0.002524 0.003129
v -0.000660 0.003127 0.003127
v -0.000660 0.003715 0.003140
v -0.000660 0.004290 0.003178
v -0.000660 0.000652 0.003782
v -0.000660 0.001299 0.003772
v -0.000660 0.001933 0.003757
v -0.000660 0.002548 0.003737
v -0.000660 0.003140 0.003715
v -0.000660 0.003705 0.003705
v -0.000660 0.004242 0.003721
v -0.000660 0.000669 0.004426
v -0.000660 0.001329 0.004409
v -0.000660 0.001973 0.004380
v -0.000660 0.002593 0.004339
v -0.000660 0.003178 0.004290
v -0.000660 0.003721 0.004242
v -0.000660 0.004213 0.004213
v -0.000660 -0.004426 0.000669
v -0.000660 -0.003782 0.000652
v -0.000660 -0.003144 0.000641
v -0.000660 -0.002510 0.000633
v -0.000660 -0.001879 0.000628
v -0.000660 -0.001251 0.000626
v -0.000660 -0.000625 0.000625
v -0.000660 -0.004409 0.001329
v -0.000660 -0.003772 0.001299
v -0.000660 -0.003139 0.001278
v -0.000660 -0.002509 0.001264
v -0.000660 -0.001880 0.001257
v -0.000660 -0.001253 0.001253
v -0.000660 -0.000626 0.001251
v -0.000660 -0.004380 0.001973
v -0.000660 -0.003757 0.001933
v -0.000660 -0.003134 0.001907
v -0.000660 -0.002509 0.001892
v -0.000660 -0.001884 0.001884
v -0.000660 -0.001257 0.001880
v -0.000660 -0.000628 0.001879
v -0.000660 -0.004339 0.002593
v -0.000660 -0.003737 0.002548
v -0.000660 -0.003129 0.002524
v -0.000660 -0.002514 0.002514
v -0.000660 -0.001892 0.002509
v -0.000660 -0.001264 0.002509
v -0.000660 -0.000633 0.002510
v -0.000660 -0.004290 0.003178
v -0.000660 -0.003715 0.003140
v -0.000660 -0.003127 0.003127
v -0.000660 -0.002524 0.003129
v -0.000660 -0.001907 0.003134
v -0.000660 -0.001278 0.003139
v -0.000660 -0.000641 0.003144
v -0.000660 -0.004242 0.003721
v -0.000660 -0.003705 0.003705
v -0.000660 -0.003140 0.003715
v -0.000660 -0.002548 0.003737
v -0.000660 -0.001933 0.003757
v -0.000660 -0.001299 0.003772
v -0.000660 -0.000652 0.003782
v -0.000660 -0.004213 0.004213
v -0.000660 -0.003721 0.004242
v -0.000660 -0.003178 0.004290
v -0.000660 -0.002593 0.004339
v -0.000660 -0.001973 0.004380
v -0.000660 -0.001329 0.004409
v -0.000660 -0.000669 0.004426
v -0.000660 -0.004213 -0.004213
v -0.000660 -0.003721 -0.004242
v -0.000660 -0.003178 -0.004290
v -0.000660 -0.002593 -0.004339
v -0.000660 -0.001973 -0.004380
v -0.000660 -0.001329 -0.004409
v -0.000660 -0.000669 -0.004426
v -0.000660 -0.004242 -0.003721
v -0.000660 -0.003705 -0.003705
v -0.000660 -0.003140 -0.003715
v -0.000660 -0.002548 -0.003737
v -0.000660 -0.001933 -0.003757
v -0.000660 -0.001299 -0.003772
v -0.000660 -0.000652 -0.003782
v -0.000660 -0.004290 -0.003178
v -0.000660 -0.003715 -0.003140
v -0.000660 -0.003127 -0.003127
v -0.000660 -0.002524 -0.003129
v -0.000660 -0.001907 -0.003134
v -0.000660 -0.001278 -0.003139
v -0.000660 -0.000641 -0.003144
v -0.000660 -0.004339 -0.002593
v -0.000660 -0.003737 -0.002548
v -0.000660 -0.003129 -0.002524
v -0.000660 -0.002514 -0.002514
v -0.000660 -0.001892 -0.002509
v -0.000660 -0.001264 -0.002509
v -0.000660 -0.000633 -0.002510
v -0.000660 -0.004380 -0.001973
v -0.000660 -0.003757 -0.001933
v -0.000660 -0.003134 -0.001907
v -0.000660 -0.002509 -0.001892
v -0.000660 -0.001884 -0.001884
v -0.000660 -0.001257 -0.001880
v -0.000660 -0.000628 -0.001879
v -0.000660 -0.004409 -0.001329
v -0.000660 -0.003772 -0.001299
v -0.000660 -0.003139 -0.001278
v -0.000660 -0.002509 -0.001264
v -0.000660 -0.001880 -0.001257
v -0.000660 -0.001253 -0.001253
v -0.000660 -0.000626 -0.001251
v -0.000660 -0.004426 -0.000669
v -0.000660 -0.003782 -0.000652
v -0.000660 -0.003144 -0.000641
v -0.000660 -0.002510 -0.000633
v -0.000660 -0.001879 -0.000628
v -0.000660 -0.001251 -0.000626
v -0.000660 -0.000625 -0.000625
v -0.000660 0.000669 -0.004426
v -0.000660 0.001329 -0.004409
v -0.000660 0.001973 -0.004380
v -0.000660 0.002593 -0.004339
v -0.000660 0.003178 -0.004290
v -0.000660 0.003721 -0.004242
v -0.000660 0.004213 -0.004213
v -0.000660 0.000652 -0.003782
v -0.000660 0.001299 -0.003772
v -0.000660 0.001933 -0.003757
v -0.000660 0.002548 -0.003737
v -0.000660 0.003140 -0.003715
v -0.000660 0.003705 -0.003705
v -0.000660 0.004242 -0.003721
v -0.000660 0.000641 -0.003144
v -0.000660 0.001278 -0.003139
v -0.000660 0.001907 -0.003134
v -0.000660 0.002524 -0.003129
v -0.000660 0.003127 -0.003127
v -0.000660 0.003715 -0.003140
v -0.000660 0.004290 -0.003178
v -0.000660 0.000633 -0.002510
v -0.000660 0.001264 -0.002509
v -0.000660 0.001892 -0.002509
v -0.000660 0.002514 -0.002514
v -0.000660 0.003129 -0.002524
v -0.000660 0.003737 -0.002548
v -0.000660 0.004339 -0.002593
v -0.000660 0.000628 -0.001879
v -0.000660 0.001257 -0.001880
v -0.000660 0.001884 -0.001884
v -0.000660 0.002509 -0.001892
v -0.000660 0.003134 -0.001907
v -0.000660 0.003757 -0.001933
v -0.000660 0.004380 -0.001973
v -0.000660 0.000626 -0.001251
v -0.000660 0.001253 -0.001253
v -0.000660 0.001880 -0.001257
v -0.000660 0.002509 -0.001264
v -0.000660 0.003139 -0.001278
v -0.000660 0.003772 -0.001299
v -0.000660 0.004409 -0.001329
v -0.000660 0.000625 -0.000625
v -0.000660 0.001251 -0.000626
v -0.000660 0.001879 -0.000628
v -0.000660 0.002510 -0.000633
v -0.000660 0.003144 -0.000641
v -0.000660 0.003782 -0.000652
v -0.000660 0.004426 -0.000669
v -0.000660 -0.004413 0.005052
v -0.000660 -0.003935 0.005247
v -0.000660 -0.003382 0.005405
v -0.000660 -0.002770 0.005531
v -0.000660 -0.002115 0.005627
v -0.000660 -0.001427 0.005694
v -0.000660 -0.000719 0.005733
v -0.000660 -0.004662 0.005454
v -0.000660 -0.004140 0.005731
v -0.000660 -0.003550 0.005951
v -0.000660 -0.002904 0.006123
v -0.000660 -0.002216 0.006253
v -0.000660 -0.001495 0.006344
v -0.000660 -0.000753 0.006397
v -0.000660 -0.004956 0.005874
v -0.000660 -0.004384 0.006218
v -0.000660 -0.003749 0.006495
v -0.000660 -0.003062 0.006714
v -0.000660 -0.002333 0.006880
v -0.000660 -0.001573 0.006997
v -0.000660 -0.000792 0.007066
v -0.000660 -0.005278 0.006309
v -0.000660 -0.004654 0.006711
v -0.000660 -0.003970 0.007042
v -0.000660 -0.003236 0.007307
v -0.000660 -0.002462 0.007510
v -0.000660 -0.001658 0.007654
v -0.000660 -0.000834 0.007739
v -0.000660 -0.005614 0.006754
v -0.000660 -0.004939 0.007210
v -0.000660 -0.004205 0.007592
v -0.000660 -0.003422 0.007903
v -0.000660 -0.002601 0.008143
v -0.000660 -0.001750 0.008314
v -0.000660 -0.000880 0.008416
v -0.000660 -0.005960 0.007206
v -0.000660 -0.005233 0.007715
v -0.000660 -0.004449 0.008147
v -0.000660 -0.003616 0.008501
v -0.000660 -0.002746 0.008778
v -0.000660 -0.001846 0.008976
v -0.000660 -0.000928 0.009096
v -0.000660 -0.006313 0.007664
v -0.000660 -0.005535 0.008223
v -0.000660 -0.004699 0.008703
v -0.000660 -0.003816 0.009101
v -0.000660 -0.002895 0.009414
v -0.000660 -0.001946 0.009640
v -0.000660 -0.000978 0.009777
v -0.000660 0.000719 0.005733
v -0.000660 0.001427 0.005694
v -0.000660 0.002115 0.005627
v -0.000660 0.002770 0.005531
v -0.000660 0.003382 0.005405
v -0.000660 0.003935 0.005247
v -0.000660 0.004413 0.005052
v -0.000660 0.000753 0.006397
v -0.000660 0.001495 0.006344
v -0.000660 0.002216 0.006253
v -0.000660 0.002904 0.006123
v -0.000660 0.003550 0.005951
v -0.000660 0.004140 0.005731
v -0.000660 0.004662 0.005454
v -0.000660 0.000792 0.007066
v -0.000660 0.001573 0.006997
v -0.000660 0.002333 0.006880
v -0.000660 0.003062 0.006714
v -0.000660 0.003749 0.006495
v -0.000660 0.004384 0.006218
v -0.000660 0.004956 0.005874
v -0.000660 0.000834 0.007739
v -0.000660 0.001658 0.007654
v -0.000660 0.002462 0.007510
v -0.000660 0.003236 0.007307
v -0.000660 0.003970 0.007042
v -0.000660 0.004654 0.006711
v -0.000660 0.005278 0.006309
v -0.000660 0.000880 0.008416
v -0.000660 0.001750 0.008314
v -0.000660 0.002601 0.008143
v -0.000660 0.003422 0.007903
v -0.000660 0.004205 0.007592
v -0.000660 0.004939 0.007210
v -0.000660 0.005614 0.006754
v -0.000660 0.000928 0.009096
v -0.000660 0.001846 0.008976
v -0.000660 0.002746 0.008778
v -0.000660 0.003616 0.008501
v -0.000660 0.004449 0.008147
v -0.000660 0.005233 0.007715
v -0.000660 0.005960 0.007206
v -0.000660 0.000978 0.009777
v -0.000660 0.001946 0.009640
v -0.000660 0.002895 0.009414
v -0.000660 0.003816 0.009101
v -0.000660 0.004699 0.008703
v -0.000660 0.005535 0.008223
v -0.000660 0.006313 0.007664
v -0.000660 0.005052 0.004413
v -0.000660 0.005247 0.003935
v -0.000660 0.005405 0.003382
v -0.000660 0.005531 0.002770
v -0.000660 0.005627 0.002115
v -0.000660 0.005694 0.001427
v -0.000660 0.005733 0.000719
v -0.000660 0.005454 0.004662
v -0.000660 0.005731 0.004140
v -0.000660 0.005951 0.003550
v -0.000660 0.006123 0.002904
v -0.000660 0.006253 0.002216
v -0.000660 0.006344 0.001495
v -0.000660 0.006397 0.000753
v -0.000660 0.005874 0.004956
v -0.000660 0.006218 0.004384
v -0.000660 0.006495 0.003749
v -0.000660 0.006714 0.003062
v -0.000660 0.006880 0.002333
v -0.000660 0.006997 0.001573
v -0.000660 0.007066 0.000792
v -0.000660 0.006309 0.005278
v -0.000660 0.006711 0.004654
v -0.000660 0.007042 0.003970
v -0.000660 0.007307 0.003236
v -0.000660 0.007510 0.002462
v -0.000660 0.007654 0.001658
v -0.000660 0.007739 0.000834
v -0.000660 0.006754 0.005614
v -0.000660 0.007210 0.004939
v -0.000660 0.007592 0.004205
v -0.000660 0.007903 0.003422
v -0.000660 0.008143 0.002601
v -0.000660 0.008314 0.001750
v -0.000660 0.008416 0.000880
v -0.000660 0.007206 0.005960
v -0.000660 0.007715 0.005233
v -0.000660 0.008147 0.004449
v -0.000660 0.008501 0.003616
v -0.000660 0.008778 0.002746
v -0.000660 0.008976 0.001846
v -0.000660 0.009096 0.000928
v -0.000660 0.007664 0.006313
v -0.000660 0.008223 0.005535
v -0.000660 0.008703 0.004699
v -0.000660 0.009101 0.003816
v -0.000660 0.009414 0.002895
v -0.000660 0.009640 0.001946
v -0.000660 0.009777 0.000978
v -0.000660 0.005733 -0.000719
v -0.000660 0.005694 -0.001427
v -0.000660 0.005627 -0.002115
v -0.000660 0.005531 -0.002770
v -0.000660 0.005405 -0.003382
v -0.000660 0.005247 -0.003935
v -0.000660 0.005052 -0.004413
v -0.000660 0.006397 -0.000753
v -0.000660 0.006344 -0.001495
v -0.000660 0.006253 -0.002216
v -0.000660 0.006123 -0.002904
v -0.000660 0.005951 -0.003550
v -0.000660 0.005731 -0.004140
v -0.000660 0.005454 -0.004662
v -0.000660 0.007066 -0.000792
v -0.000660 0.006997 -0.001573
v -0.000660 0.006880 -0.002333
v -0.000660 0.006714 -0.003062
v -0.000660 0.006495 -0.003749
v -0.000660 0.006218 -0.004384
v -0.000660 0.005874 -0.004956
v -0.000660 0.007739 -0.000834
v -0.000660 0.007654 -0.001658
v -0.000660 0.007510 -0.002462
v -0.000660 0.007307 -0.003236
v -0.000660 0.007042 -0.003970
v -0.000660 0.006711 -0.004654
v -0.000660 0.006309 -0.005278
v -0.000660 0.008416 -0.000880
v -0.000660 0.008314 -0.001750
v -0.000660 0.008143 -0.002601
v -0.000660 0.007903 -0.003422
v -0.000660 0.007592 -0.004205
v -0.000660 0.007210 -0.004939
v -0.000660 0.006754 -0.005614
v -0.000660 0.009096 -0.000928
v -0.000660 0.008976 -0.001846
v -0.000660 0.008778 -0.002746
v -0.000660 0.008501 -0.003616
v -0.000660 0.008147 -0.004449
v -0.000660 0.007715 -0.005233
v -0.000660 0.007206 -0.005960
v -0.000660 0.009777 -0.000978
v -0.000660 0.009640 -0.001946
v -0.000660 0.009414 -0.002895
v -0.000660 0.009101 -0.003816
v -0.000660 0.008703 -0.004699
v -0.000660 0.008223 -0.005535
v -0.000660 0.007664 -0.006313
v -0.000660 0.004413 -0.005052
v -0.000660 0.003935 -0.005247
v -0.000660 0.003382 -0.005405
v -0.000660 0.002770 -0.005531
v -0.000660 0.002115 -0.005627
v -0.000660 0.001427 -0.005694
v -0.000660 0.000719 -0.005733
v -0.000660 0.004662 -0.005454
v -0.000660 0.004140 -0.005731
v -0.000660 0.003550 -0.005951
v -0.000660 0.002904 -0.006123
v -0.000660 0.002216 -0.006253
v -0.000660 0.001495 -0.006344
v -0.000660 0.000753 -0.006397
v -0.000660 0.004956 -0.005874
v -0.000660 0.004384 -0.006218
v -0.000660 0.003749 -0.006495
v -0.000660 0.003062 -0.006714
v -0.000660 0.002333 -0.006880
v -0.000660 0.001573 -0.006997
v -0.000660 0.000792 -0.007066
v -0.000660 0.005278 -0.006309
v -0.000660 0.004654 -0.006711
v -0.000660 0.003970 -0.007042
v -0.000660 0.003236 -0.007307
v -0.000660 0.002462 -0.007510
v -0.000660 0.001658 -0.007654
v -0.000660 0.000834 -0.007739
v -0.000660 0.005614 -0.006754
v -0.000660 0.004939 -0.007210
v -0.000660 0.004205 -0.007592
v -0.000660 0.003422 -0.007903
v -0.000660 0.002601 -0.008143
v -0.000660 0.001750 -0.008314
v -0.000660 0.000880 -0.008416
v -0.000660 0.005960 -0.007206
v -0.000660 0.005233 -0.007715
v -0.000660 0.004449 -0.008147
v -0.000660 0.003616 -0.008501
v -0.000660 0.002746 -0.008778
v -0.000660 0.001846 -0.008976
v -0.000660 0.000928 -0.009096
v -0.000660 0.006313 -0.007664
v -0.000660 0.005535 -0.008223
v -0.000660 0.004699 -0.008703
v -0.000660 0.003816 -0.009101
v -0.000660 0.002895 -0.009414
v -0.000660 0.001946 -0.009640
v -0.000660 0.000978 -0.009777
v -0.000660 -0.000719 -0.005733
v -0.000660 -0.001427 -0.005694
v -0.000660 -0.002115 -0.005627
v -0.000660 -0.002770 -0.005531
v -0.000660 -0.003382 -0.005405
v -0.000660 -0.003935 -0.005247
v -0.000660 -0.004413 -0.005052
v -0.000660 -0.000753 -0.006397
v -0.000660 -0.001495 -0.006344
v -0.000660 -0.002216 -0.006253
v -0.000660 -0.002904 -0.006123
v -0.000660 -0.003550 -0.005951
v -0.000660 -0.004140 -0.005731
v -0.000660 -0.004662 -0.005454
v -0.000660 -0.000792 -0.007066
v -0.000660 -0.001573 -0.006997
v -0.000660 -0.002333 -0.006880
v -0.000660 -0.003062 -0.006714
v -0.000660 -0.003749 -0.006495
v -0.000660 -0.004384 -0.006218
v -0.000660 -0.004956 -0.005874
v -0.000660 -0.000834 -0.007739
v -0.000660 -0.001658 -0.007654
v -0.000660 -0.002462 -0.007510
v -0.000660 -0.003236 -0.007307
v -0.000660 -0.003970 -0.007042
v -0.000660 -0.004654 -0.006711
v -0.000660 -0.005278 -0.006309
v -0.000660 -0.000880 -0.008416
v -0.000660 -0.001750 -0.008314
v -0.000660 -0.002601 -0.008143
v -0.000660 -0.003422 -0.007903
v -0.000660 -0.004205 -0.007592
v -0.000660 -0.004939 -0.007210
v -0.000660 -0.005614 -0.006754
v -0.000660 -0.000928 -0.009096
v -0.000660 -0.001846 -0.008976
v -0.000660 -0.002746 -0.008778
v -0.000660 -0.003616 -0.008501
v -0.000660 -0.004449 -0.008147
v -0.000660 -0.005233 -0.007715
v -0.000660 -0.005960 -0.007206
v -0.000660 -0.000978 -0.009777
v -0.000660 -0.001946 -0.009640
v -0.000660 -0.002895 -0.009414
v -0.000660 -0.003816 -0.009101
v -0.000660 -0.004699 -0.008703
v -0.000660 -0.005535 -0.008223
v -0.000660 -0.006313 -0.007664
v -0.000660 -0.005052 -0.004413
v -0.000660 -0.005247 -0.003935
v -0.000660 -0.005405 -0.003382
v -0.000660 -0.005531 -0.002770
v -0.000660 -0.005627 -0.002115
v -0.000660 -0.005694 -0.001427
v -0.000660 -0.005733 -0.000719
v -0.000660 -0.005454 -0.004662
v -0.000660 -0.005731 -0.004140
v -0.000660 -0.005951 -0.003550
v -0.000660 -0.006123 -0.002904
v -0.000660 -0.006253 -0.002216
v -0.000660 -0.006344 -0.001495
v -0.000660 -0.006397 -0.000753
v -0.000660 -0.005874 -0.004956
v -0.000660 -0.006218 -0.004384
v -0.000660 -0.006495 -0.003749
v -0.000660 -0.006714 -0.003062
v -0.000660 -0.006880 -0.002333
v -0.000660 -0.006997 -0.001573
v -0.000660 -0.007066 -0.000792
v -0.000660 -0.006309 -0.005278
v -0.000660 -0.006711 -0.004654
v -0.000660 -0.007042 -0.003970
v -0.000660 -0.007307 -0.003236
v -0.000660 -0.007510 -0.002462
v -0.000660 -0.007654 -0.001658
v -0.000660 -0.007739 -0.000834
v -0.000660 -0.006754 -0.005614
v -0.000660 -0.007210 -0.004939
v -0.000660 -0.007592 -0.004205
v -0.000660 -0.007903 -0.003422
v -0.000660 -0.008143 -0.002601
v -0.000660 -0.008314 -0.001750
v -0.000660 -0.008416 -0.000880
v -0.000660 -0.007206 -0.005960
v -0.000660 -0.007715 -0.005233
v -0.000660 -0.008147 -0.004449
v -0.000660 -0.008501 -0.003616
v -0.000660 -0.008778 -0.002746
v -0.000660 -0.008976 -0.001846
v -0.000660 -0.009096 -0.000928
v -0.000660 -0.007664 -0.006313
v -0.000660 -0.008223 -0.005535
v -0.000660 -0.008703 -0.004699
v -0.000660 -0.009101 -0.003816
v -0.000660 -0.009414 -0.002895
v -0.000660 -0.009640 -0.001946
v -0.000660 -0.009777 -0.000978
v -0.000660 -0.005733 0.000719
v -0.000660 -0.005694 0.001427
v -0.000660 -0.005627 0.002115
v -0.000660 -0.005531 0.002770
v -0.000660 -0.005405 0.003382
v -0.000660 -0.005247 0.003935
v -0.000660 -0.005052 0.004413
v -0.000660 -0.006397 0.000753
v -0.000660 -0.006344 0.001495
v -0.000660 -0.006253 0.002216
v -0.000660 -0.006123 0.002904
v -0.000660 -0.005951 0.003550
v -0.000660 -0.005731 0.004140
v -0.000660 -0.005454 0.004662
v -0.000660 -0.007066 0.000792
v -0.000660 -0.006997 0.001573
v -0.000660 -0.006880 0.002333
v -0.000660 -0.006714 0.003062
v -0.000660 -0.006495 0.003749
v -0.000660 -0.006218 0.004384
v -0.000660 -0.005874 0.004956
v -0.000660 -0.007739 0.000834
v -0.000660 -0.007654 0.001658
v -0.000660 -0.007510 0.002462
v -0.000660 -0.007307 0.003236
v -0.000660 -0.007042 0.003970
v -0.000660 -0.006711 0.004654
v -0.000660 -0.006309 0.005278
v -0.000660 -0.008416 0.000880
v -0.000660 -0.008314 0.001750
v -0.000660 -0.008143 0.002601
v -0.000660 -0.007903 0.003422
v -0.000660 -0.007592 0.004205
v -0.000660 -0.007210 0.004939
v -0.000660 -0.006754 0.005614
v -0.000660 -0.009096 0.000928
v -0.000660 -0.008976 0.001846
v -0.000660 -0.008778 0.002746
v -0.000660 -0.008501 0.003616
v -0.000660 -0.008147 0.004449
v -0.000660 -0.007715 0.005233
v -0.000660 -0.007206 0.005960
v -0.000660 -0.009777 0.000978
v -0.000660 -0.009640 0.001946
v -0.000660 -0.009414 0.002895
v -0.000660 -0.009101 0.003816
v -0.000660 -0.008703 0.004699
v -0.000660 -0.008223 0.005535
v -0.000660 -0.007664 0.006313
v 0.000610 -0.005085 0.000000
v 0.000610 -0.005076 -0.000691
v 0.000610 -0.005049 -0.001372
v 0.000610 -0.005003 -0.002033
v 0.000610 -0.004937 -0.002665
v 0.000610 -0.004852 -0.003256
v 0.000610 -0.004754 -0.003791
v 0.000610 -0.004650 -0.004251
v 0.000610 -0.004567 -0.004567
v 0.000610 0.000000 -0.005085
v 0.000610 0.000691 -0.005076
v 0.000610 0.001372 -0.005049
v 0.000610 0.002033 -0.005003
v 0.000610 0.002665 -0.004937
v 0.000610 0.003256 -0.004852
v 0.000610 0.003791 -0.004754
v 0.000610 0.004251 -0.004650
v 0.000610 0.004567 -0.004567
v 0.000610 0.005085 0.000000
v 0.000610 0.005076 0.000691
v 0.000610 0.005049 0.001372
v 0.000610 0.005003 0.002033
v 0.000610 0.004937 0.002665
v 0.000610 0.004852 0.003256
v 0.000610 0.004754 0.003791
v 0.000610 0.004650 0.004251
v 0.000610 0.004567 0.004567
v 0.000610 0.000000 0.005085
v 0.000610 -0.000691 0.005076
v 0.000610 -0.001372 0.005049
v 0.000610 -0.002033 0.005003
v 0.000610 -0.002665 0.004937
v 0.000610 -0.003256 0.004852
v 0.000610 -0.003791 0.004754
v 0.000610 -0.004251 0.004650
v 0.000610 -0.004567 0.004567
v 0.000610 -0.004251 -0.004650
v 0.000610 -0.003791 -0.004754
v 0.000610 -0.003256 -0.004852
v 0.000610 -0.002665 -0.004937
v 0.000610 -0.002033 -0.005003
v 0.000610 -0.001372 -0.005049
v 0.000610 -0.000691 -0.005076
v 0.000610 0.004251 0.004650
v 0.000610 0.003791 0.004754
v 0.000610 0.003256 0.004852
v 0.000610 0.002665 0.004937
v 0.000610 0.002033 0.005003
v 0.000610 0.001372 0.005049
v 0.000610 0.000691 0.005076
v 0.000610 0.000000 0.000000
v 0.000610 0.000000 0.000625
v 0.000610 0.000000 0.001251
v 0.000610 0.000000 0.001880
v 0.000610 0.000000 0.002511
v 0.000610 0.000000 0.003146
v 0.000610 0.000000 0.003786
v 0.000610 0.000000 0.004432
v 0.000610 -0.004650 0.004251
v 0.000610 -0.004754 0.003791
v 0.000610 -0.004852 0.003256
v 0.000610 -0.004937 0.002665
v 0.000610 -0.005003 0.002033
v 0.000610 -0.005049 0.001372
v 0.000610 -0.005076 0.000691
v 0.000610 0.004650 -0.004251
v 0.000610 0.004754 -0.003791
v 0.000610 0.004852 -0.003256
v 0.000610 0.004937 -0.002665
v 0.000610 0.005003 -0.002033
v 0.000610 0.005049 -0.001372
v 0.000610 0.005076 -0.000691
v 0.000610 0.000000 -0.004432
v 0.000610 0.000000 -0.003786
v 0.000610 0.000000 -0.003146
v 0.000610 0.000000 -0.002511
v 0.000610 0.000000 -0.001880
v 0.000610 0.000000 -0.001251
v 0.000610 0.000000 -0.000625
v 0.000610 -0.000625 0.000000
v 0.000610 -0.001251 0.000000
v 0.000610 -0.001880 0.000000
v 0.000610 -0.002511 0.000000
v 0.000610 -0.003146 -0.000000
v 0.000610 -0.003786 0.000000
v 0.000610 -0.004432 0.000000
v 0.000610 0.004432 0.000000
v 0.000610 0.003786 0.000000
v 0.000610 0.003146 0.000000
v 0.000610 0.002511 0.000000
v 0.000610 0.001880 0.000000
v 0.000610 0.001251 0.000000
v 0.000610 0.000625 0.000000
v 0.000610 -0.006621 0.006621
v 0.000610 -0.006222 0.006222
v 0.000610 -0.005832 0.005832
v 0.000610 -0.005456 0.005456
v 0.000610 -0.005103 0.005103
v 0.000610 -0.004790 0.004790
v 0.000610 0.000000 0.005746
v 0.000610 0.000000 0.006414
v 0.000610 0.000000 0.007088
v 0.000610 0.000000 0.007767
v 0.000610 0.000000 0.008450
v 0.000610 0.000000 0.009136
v 0.000610 0.004790 0.004790
v 0.000610 0.005103 0.005103
v 0.000610 0.005456 0.005456
v 0.000610 0.005832 0.005832
v 0.000610 0.006222 0.006222
v 0.000610 0.006621 0.006621
v 0.000610 0.005746 0.000000
v 0.000610 0.006414 0.000000
v 0.000610 0.007088 0.000000
v 0.000610 0.007767 0.000000
v 0.000610 0.008450 0.000000
v 0.000610 0.009136 0.000000
v 0.000610 0.004790 -0.004790
v 0.000610 0.005103 -0.005103
v 0.000610 0.005456 -0.005456
v 0.000610 0.005832 -0.005832
v 0.000610 0.006222 -0.006222
v 0.000610 0.006621 -0.006621
v 0.000610 0.000000 -0.005746
v 0.000610 0.000000 -0.006414
v 0.000610 0.000000 -0.007088
v 0.000610 0.000000 -0.007767
v 0.000610 0.000000 -0.008450
v 0.000610 0.000000 -0.009136
v 0.000610 -0.004790 -0.004790
v 0.000610 -0.005103 -0.005103
v 0.000610 -0.005456 -0.005456
v 0.000610 -0.005832 -0.005832
v 0.000610 -0.006222 -0.006222
v 0.000610 -0.006621 -0.006621
v 0.000610 -0.005746 0.000000
v 0.000610 -0.006414 0.000000
v 0.000610 -0.007088 0.000000
v 0.000610 -0.007767 0.000000
v 0.000610 -0.008450 0.000000
v 0.000610 -0.009136 0.000000
v 0.000610 0.000625 0.000625
v 0.000610 0.001251 0.000626
v 0.000610 0.001879 0.000628
v 0.000610 0.002510 0.000633
v 0.000610 0.003144 0.000641
v 0.000610 0.003782 0.000652
v 0.000610 0.004426 0.000669
v 0.000610 0.000626 0.001251
v 0.000610 0.001253 0.001253
v 0.000610 0.001880 0.001257
v 0.000610 0.002509 0.001264
v 0.000610 0.003139 0.001278
v 0.000610 0.003772 0.001299
v 0.000610 0.004409 0.001329
v 0.000610 0.000628 0.001879
v 0.000610 0.001257 0.001880
v 0.000610 0.001884 0.001884
v 0.000610 0.002509 0.001892
v 0.000610 0.003134 0.001907
v 0.000610 0.003757 0.001933
v 0.000610 0.004380 0.001973
v 0.000610 0.000633 0.002510
v 0.000610 0.001264 0.002509
v 0.000610 0.001892 0.002509
v 0.000610 0.002514 0.002514
v 0.000610 0.003129 0.002524
v 0.000610 0.003737 0.002548
v 0.000610 0.004339 0.002593
v 0.000610 0.000641 0.003144
v 0.000610 0.001278 0.003139
v 0.000610 0.001907 0.003134
v 0.000610 0.002524 0.003129
v 0.000610 0.003127 0.003127
v 0.000610 0.003715 0.003140
v 0.000610 0.004290 0.003178
v 0.000610 0.000652 0.003782
v 0.000610 0.001299 0.003772
v 0.000610 0.001933 0.003757
v 0.000610 0.002548 0.003737
v 0.000610 0.003140 0.003715
v 0.000610 0.003705 0.003705
v 0.000610 0.004242 0.003721
v 0.000610 0.000669 0.004426
v 0.000610 0.001329 0.004409
v 0.000610 0.001973 0.004380
v 0.000610 0.002593 0.004339
v 0.000610 0.003178 0.004290
v 0.000610 0.003721 0.004242
v 0.000610 0.004213 0.004213
v 0.000610 -0.004426 0.000669
v 0.000610 -0.003782 0.000652
v 0.000610 -0.003144 0.000641
v 0.000610 -0.002510 0.000633
v 0.000610 -0.001879 0.000628
v 0.000610 -0.001251 0.000626
v 0.000610 -0.000625 0.000625
v 0.000610 -0.004409 0.001329
v 0.000610 -0.003772 0.001299
v 0.000610 -0.003139 0.001278
v 0.000610 -0.002509 0.001264
v 0.000610 -0.001880 0.001257
v 0.000610 -0.001253 0.001253
v 0.000610 -0.000626 0.001251
v 0.000610 -0.004380 0.001973
v 0.000610 -0.003757 0.001933
v 0.000610 -0.003134 0.001907
v 0.000610 -0.002509 0.001892
v 0.000610 -0.001884 0.001884
v 0.000610 -0.001257 0.001880
v 0.000610 -0.000628 0.001879
v 0.000610 -0.004339 0.002593
v 0.000610 -0.003737 0.002548
v 0.000610 -0.003129 0.002524
v 0.000610 -0.002514 0.002514
v 0.000610 -0.001892 0.002509
v 0.000610 -0.001264 0.002509
v 0.000610 -0.000633 0.002510
v 0.000610 -0.004290 0.003178
v 0.000610 -0.003715 0.003140
v 0.000610 -0.003127 0.003127
v 0.000610 -0.002524 0.003129
v 0.000610 -0.001907 0.003134
v 0.000610 -0.001278 0.003139
v 0.000610 -0.000641 0.003144
v 0.000610 -0.004242 0.003721
v 0.000610 -0.003705 0.003705
v 0.000610 -0.003140 0.003715
v 0.000610 -0.002548 0.003737
v 0.000610 -0.001933 0.003757
v 0.000610 -0.001299 0.003772
v 0.000610 -0.000652 0.003782
v 0.000610 -0.004213 0.004213
v 0.000610 -0.003721 0.004242
v 0.000610 -0.003178 0.004290
v 0.000610 -0.002593 0.004339
v 0.000610 -0.001973 0.004380
v 0.000610 -0.001329 0.004409
v 0.000610 -0.000669 0.004426
v 0.000610 -0.004213 -0.004213
v 0.000610 -0.003721 -0.004242
v 0.000610 -0.003178 -0.004290
v 0.000610 -0.002593 -0.004339
v 0.000610 -0.001973 -0.004380
v 0.000610 -0.001329 -0.004409
v 0.000610 -0.000669 -0.004426
v 0.000610 -0.004242 -0.003721
v 0.000610 -0.003705 -0.003705
v 0.000610 -0.003140 -0.003715
v 0.000610 -0.002548 -0.003737
v 0.000610 -0.001933 -0.003757
v 0.000610 -0.001299 -0.003772
v 0.000610 -0.000652 -0.003782
v 0.000610 -0.004290 -0.003178
v 0.000610 -0.003715 -0.003140
v 0.000610 -0.003127 -0.003127
v 0.000610 -0.002524 -0.003129
v 0.000610 -0.001907 -0.003134
v 0.000610 -0.001278 -0.003139
v 0.000610 -0.000641 -0.003144
v 0.000610 -0.004339 -0.002593
v 0.000610 -0.003737 -0.002548
v 0.000610 -0.003129 -0.002524
v 0.000610 -0.002514 -0.002514
v 0.000610 -0.001892 -0.002509
v 0.000610 -0.001264 -0.002509
v 0.000610 -0.000633 -0.002510
v 0.000610 -0.004380 -0.001973
v 0.000610 -0.003757 -0.001933
v 0.000610 -0.003134 -0.001907
v 0.000610 -0.002509 -0.001892
v 0.000610 -0.001884 -0.001884
v 0.000610 -0.001257 -0.001880
v 0.000610 -0.000628 -0.001879
v 0.000610 -0.004409 -0.001329
v 0.000610 -0.003772 -0.001299
v 0.000610 -0.003139 -0.001278
v 0.000610 -0.002509 -0.001264
v 0.000610 -0.001880 -0.001257
v 0.000610 -0.001253 -0.001253
v 0.000610 -0.000626 -0.001251
v 0.000610 -0.004426 -0.000669
v 0.000610 -0.003782 -0.000652
v 0.000610 -0.003144 -0.000641
v 0.000610 -0.002510 -0.000633
v 0.000610 -0.001879 -0.000628
v 0.000610 -0.001251 -0.000626
v 0.000610 -0.000625 -0.000625
v 0.000610 0.000669 -0.004426
v 0.000610 0.001329 -0.004409
v 0.000610 0.001973 -0.004380
v 0.000610 0.002593 -0.004339
v 0.000610 0.003178 -0.004290
v 0.000610 0.003721 -0.004242
v 0.000610 0.004213 -0.004213
v 0.000610 0.000652 -0.003782
v 0.000610 0.001299 -0.003772
v 0.000610 0.001933 -0.003757
v 0.000610 0.002548 -0.003737
v 0.000610 0.003140 -0.003715
v 0.000610 0.003705 -0.003705
v 0.000610 0.004242 -0.003721
v 0.000610 0.000641 -0.003144
v 0.000610 0.001278 -0.003139
v 0.000610 0.001907 -0.003134
v 0.000610 0.002524 -0.003129
v 0.000610 0.003127 -0.003127
v 0.000610 0.003715 -0.003140
v 0.000610 0.004290 -0.003178
v 0.000610 0.000633 -0.002510
v 0.000610 0.001264 -0.002509
v 0.000610 0.001892 -0.002509
v 0.000610 0.002514 -0.002514
v 0.000610 0.003129 -0.002524
v 0.000610 0.003737 -0.002548
v 0.000610 0.004339 -0.002593
v 0.000610 0.000628 -0.001879
v 0.000610 0.001257 -0.001880
v 0.000610 0.001884 -0.001884
v 0.000610 0.002509 -0.001892
v 0.000610 0.003134 -0.001907
v 0.000610 0.003757 -0.001933
v 0.000610 0.004380 -0.001973
v 0.000610 0.000626 -0.001251
v 0.000610 0.001253 -0.001253
v 0.000610 0.001880 -0.001257
v 0.000610 0.002509 -0.001264
v 0.000610 0.003139 -0.001278
v 0.000610 0.003772 -0.001299
v 0.000610 0.004409 -0.001329
v 0.000610 0.000625 -0.000625
v 0.000610 0.001251 -0.000626
v 0.000610 0.001879 -0.000628
v 0.000610 0.002510 -0.000633
v 0.000610 0.003144 -0.000641
v 0.000610 0.003782 -0.000652
v 0.000610 0.004426 -0.000669
v 0.000610 -0.004413 0.005052
v 0.000610 -0.003935 0.005247
v 0.000610 -0.003382 0.005405
v 0.000610 -0.002770 0.005531
v 0.000610 -0.002115 0.005627
v 0.000610 -0.001427 0.005694
v 0.000610 -0.000719 0.005733
v 0.000610 -0.004662 0.005454
v 0.000610 -0.004140 0.005731
v 0.000610 -0.003550 0.005951
v 0.000610 -0.002904 0.006123
v 0.000610 -0.002216 0.006253
v 0.000610 -0.001495 0.006344
v 0.000610 -0.000753 0.006397
v 0.000610 -0.004956 0.005874
v 0.000610 -0.004384 0.006218
v 0.000610 -0.003749 0.006495
v 0.000610 -0.003062 0.006714
v 0.000610 -0.002333 0.006880
v 0.000610 -0.001573 0.006997
v 0.000610 -0.000792 0.007066
v 0.000610 -0.005278 0.006309
v 0.000610 -0.004654 0.006711
v 0.000610 -0.003970 0.007042
v 0.000610 -0.003236 0.007307
v 0.000610 -0.002462 0.007510
v 0.000610 -0.001658 0.007654
v 0.000610 -0.000834 0.007739
v 0.000610 -0.005614 0.006754
v 0.000610 -0.004939 0.007210
v 0.000610 -0.004205 0.007592
v 0.000610 -0.003422 0.007903
v 0.000610 -0.002601 0.008143
v 0.000610 -0.001750 0.008314
v 0.000610 -0.000880 0.008416
v 0.000610 -0.005960 0.007206
v 0.000610 -0.005233 0.007715
v 0.000610 -0.004449 0.008147
v 0.000610 -0.003616 0.008501
v 0.000610 -0.002746 0.008778
v 0.000610 -0.001846 0.008976
v 0.000610 -0.000928 0.009096
v 0.000610 0.000719 0.005733
v 0.000610 0.001427 0.005694
v 0.000610 0.002115 0.005627
v 0.000610 0.002770 0.005531
v 0.000610 0.003382 0.005405
v 0.000610 0.003935 0.005247
v 0.000610 0.004413 0.005052
v 0.000610 0.000753 0.006397
v 0.000610 0.001495 0.006344
v 0.000610 0.002216 0.006253
v 0.000610 0.002904 0.006123
v 0.000610 0.003550 0.005951
v 0.000610 0.004140 0.005731
v 0.000610 0.004662 0.005454
v 0.000610 0.000792 0.007066
v 0.000610 0.001573 0.006997
v 0.000610 0.002333 0.006880
v 0.000610 0.003062 0.006714
v 0.000610 0.003749 0.006495
v 0.000610 0.004384 0.006218
v 0.000610 0.004956 0.005874
v 0.000610 0.000834 0.007739
v 0.000610 0.001658 0.007654
v 0.000610 0.002462 0.007510
v 0.000610 0.003236 0.007307
v 0.000610 0.003970 0.007042
v 0.000610 0.004654 0.006711
v 0.000610 0.005278 0.006309
v 0.000610 0.000880 0.008416
v 0.000610 0.001750 0.008314
v 0.000610 0.002601 0.008143
v 0.000610 0.003422 0.007903
v 0.000610 0.004205 0.007592
v 0.000610 0.004939 0.007210
v 0.000610 0.005614 0.006754
v 0.000610 0.000928 0.009096
v 0.000610 0.001846 0.008976
v 0.000610 0.002746 0.008778
v 0.000610 0.003616 0.008501
v 0.000610 0.004449 0.008147
v 0.000610 0.005233 0.007715
v 0.000610 0.005960 0.007206
v 0.000610 0.005052 0.004413
v 0.000610 0.005247 0.003935
v 0.000610 0.005405 0.003382
v 0.000610 0.005531 0.002770
v 0.000610 0.005627 0.002115
v 0.000610 0.005694 0.001427
v 0.000610 0.005733 0.000719
v 0.000610 0.005454 0.004662
v 0.000610 0.005731 0.004140
v 0.000610 0.005951 0.003550
v 0.000610 0.006123 0.002904
v 0.000610 0.006253 0.002216
v 0.000610 0.006344 0.001495
v 0.000610 0.006397 0.000753
v 0.000610 0.005874 0.004956
v 0.000610 0.006218 0.004384
v 0.000610 0.006495 0.003749
v 0.000610 0.006714 0.003062
v 0.000610 0.006880 0.002333
v 0.000610 0.006997 0.001573
v 0.000610 0.007066 0.000792
v 0.000610 0.006309 0.005278
v 0.000610 0.006711 0.004654
v 0.000610 0.007042 0.003970
v 0.000610 0.007307 0.003236
v 0.000610 0.007510 0.002462
v 0.000610 0.007654 0.001658
v 0.000610 0.007739 0.000834
v 0.000610 0.006754 0.005614
v 0.000610 0.007210 0.004939
v 0.000610 0.007592 0.004205
v 0.000610 0.007903 0.003422
v 0.000610 0.008143 0.002601
v 0.000610 0.008314 0.001750
v 0.000610 0.008416 0.000880
v 0.000610 0.007206 0.005960
v 0.000610 0.007715 0.005233
v 0.000610 0.008147 0.004449
v 0.000610 0.008501 0.003616
v 0.000610 0.008778 0.002746
v 0.000610 0.008976 0.001846
v 0.000610 0.009096 0.000928
v 0.000610 0.005733 -0.000719
v 0.000610 0.005694 -0.001427
v 0.000610 0.005627 -0.002115
v 0.000610 0.005531 -0.002770
v 0.000610 0.005405 -0.003382
v 0.000610 0.005247 -0.003935
v 0.000610 0.005052 -0.004413
v 0.000610 0.006397 -0.000753
v 0.000610 0.006344 -0.001495
v 0.000610 0.006253 -0.002216
v 0.000610 0.006123 -0.002904
v 0.000610 0.005951 -0.003550
v 0.000610 0.005731 -0.004140
v 0.000610 0.005454 -0.004662
v 0.000610 0.007066 -0.000792
v 0.000610 0.006997 -0.001573
v 0.000610 0.006880 -0.002333
v 0.000610 0.006714 -0.003062
v 0.000610 0.006495 -0.003749
v 0.000610 0.006218 -0.004384
v 0.000610 0.005874 -0.004956
v 0.000610 0.007739 -0.000834
v 0.000610 0.007654 -0.001658
v 0.000610 0.007510 -0.002462
v 0.000610 0.007307 -0.003236
v 0.000610 0.007042 -0.003970
v 0.000610 0.006711 -0.004654
v 0.000610 0.006309 -0.005278
v 0.000610 0.008416 -0.000880
v 0.000610 0.008314 -0.001750
v 0.000610 0.008143 -0.002601
v 0.000610 0.007903 -0.003422
v 0.000610 0.007592 -0.004205
v 0.000610 0.007210 -0.004939
v 0.000610 0.006754 -0.005614
v 0.000610 0.009096 -0.000928
v 0.000610 0.008976 -0.001846
v 0.000610 0.008778 -0.002746
v 0.000610 0.008501 -0.003616
v 0.000610 0.008147 -0.004449
v 0.000610 0.007715 -0.005233
v 0.000610 0.007206 -0.005960
v 0.000610 0.004413 -0.005052
v 0.000610 0.003935 -0.005247
v 0.000610 0.003382 -0.005405
v 0.000610 0.002770 -0.005531
v 0.000610 0.002115 -0.005627
v 0.000610 0.001427 -0.005694
v 0.000610 0.000719 -0.005733
v 0.000610 0.004662 -0.005454
v 0.000610 0.004140 -0.005731
v 0.000610 0.003550 -0.005951
v 0.000610 0.002904 -0.006123
v 0.000610 0.002216 -0.006253
v 0.000610 0.001495 -0.006344
v 0.000610 0.000753 -0.006397
v 0.000610 0.004956 -0.005874
v 0.000610 0.004384 -0.006218
v 0.000610 0.003749 -0.006495
v 0.000610 0.003062 -0.006714
v 0.000610 0.002333 -0.006880
v 0.000610 0.001573 -0.006997
v 0.000610 0.000792 -0.007066
v 0.000610 0.005278 -0.006309
v 0.000610 0.004654 -0.006711
v 0.000610 0.003970 -0.007042
v 0.000610 0.003236 -0.007307
v 0.000610 0.002462 -0.007510
v 0.000610 0.001658 -0.007654
v 0.000610 0.000834 -0.007739
v 0.000610 0.005614 -0.006754
v 0.000610 0.004939 -0.007210
v 0.000610 0.004205 -0.007592
v 0.000610 0.003422 -0.007903
v 0.000610 0.002601 -0.008143
v 0.000610 0.001750 -0.008314
v 0.000610 0.000880 -0.008416
v 0.000610 0.005960 -0.007206
v 0.000610 0.005233 -0.007715
v 0.000610 0.004449 -0.008147
v 0.000610 0.003616 -0.008501
v 0.000610 0.002746 -0.008778
v 0.000610 0.001846 -0.008976
v 0.000610 0.000928 -0.009096
v 0.000610 -0.000719 -0.005733
v 0.000610 -0.001427 -0.005694
v 0.000610 -0.002115 -0.005627
v 0.000610 -0.002770 -0.005531
v 0.000610 -0.003382 -0.005405
v 0.000610 -0.003935 -0.005247
v 0.000610 -0.004413 -0.005052
v 0.000610 -0.000753 -0.006397
v 0.000610 -0.001495 -0.006344
v 0.000610 -0.002216 -0.006253
v 0.000610 -0.002904 -0.006123
v 0.000610 -0.003550 -0.005951
v 0.000610 -0.004140 -0.005731
v 0.000610 -0.004662 -0.005454
v 0.000610 -0.000792 -0.007066
v 0.000610 -0.001573 -0.006997
v 0.000610 -0.002333 -0.006880
v 0.000610 -0.003062 -0.006714
v 0.000610 -0.003749 -0.006495
v 0.000610 -0.004384 -0.006218
v 0.000610 -0.004956 -0.005874
v 0.000610 -0.000834 -0.007739
v 0.000610 -0.001658 -0.007654
v 0.000610 -0.002462 -0.007510
v 0.000610 -0.003236 -0.007307
v 0.000610 -0.003970 -0.007042
v 0.000610 -0.004654 -0.006711
v 0.000610 -0.005278 -0.006309
v 0.000610 -0.000880 -0.008416
v 0.000610 -0.001750 -0.008314
v 0.000610 -0.002601 -0.008143
v 0.000610 -0.003422 -0.007903
v 0.000610 -0.004205 -0.007592
v 0.000610 -0.004939 -0.007210
v 0.000610 -0.005614 -0.006754
v 0.000610 -0.000928 -0.009096
v 0.000610 -0.001846 -0.008976
v 0.000610 -0.002746 -0.008778
v 0.000610 -0.003616 -0.008501
v 0.000610 -0.004449 -0.008147
v 0.000610 -0.005233 -0.007715
v 0.000610 -0.005960 -0.007206
v 0.000610 -0.005052 -0.004413
v 0.000610 -0.005247 -0.003935
v 0.000610 -0.005405 -0.003382
v 0.000610 -0.005531 -0.002770
v 0.000610 -0.005627 -0.002115
v 0.000610 -0.005694 -0.001427
v 0.000610 -0.005733 -0.000719
v 0.000610 -0.005454 -0.004662
v 0.000610 -0.005731 -0.004140
v 0.000610 -0.005951 -0.003550
v 0.000610 -0.006123 -0.002904
v 0.000610 -0.006253 -0.002216
v 0.000610 -0.006344 -0.001495
v 0.000610 -0.006397 -0.000753
v 0.000610 -0.005874 -0.004956
v 0.000610 -0.006218 -0.004384
v 0.000610 -0.006495 -0.003749
v 0.000610 -0.006714 -0.003062
v 0.000610 -0.006880 -0.002333
v 0.000610 -0.006997 -0.001573
v 0.000610 -0.007066 -0.000792
v 0.000610 -0.006309 -0.005278
v 0.000610 -0.006711 -0.004654
v 0.000610 -0.007042 -0.003970
v 0.000610 -0.007307 -0.003236
v 0.000610 -0.007510 -0.002462
v 0.000610 -0.007654 -0.001658
v 0.000610 -0.007739 -0.000834
v 0.000610 -0.006754 -0.005614
v 0.000610 -0.007210 -0.004939
v 0.000610 -0.007592 -0.004205
v 0.000610 -0.007903 -0.003422
v 0.000610 -0.008143 -0.002601
v 0.000610 -0.008314 -0.001750
v 0.000610 -0.008416 -0.000880
v 0.000610 -0.007206 -0.005960
v 0.000610 -0.007715 -0.005233
v 0.000610 -0.008147 -0.004449
v 0.000610 -0.008501 -0.003616
v 0.000610 -0.008778 -0.002746
v 0.000610 -0.008976 -0.001846
v 0.000610 -0.009096 -0.000928
v 0.000610 -0.005733 0.000719
v 0.000610 -0.005694 0.001427
v 0.000610 -0.005627 0.002115
v 0.000610 -0.005531 0.002770
v 0.000610 -0.005405 0.003382
v 0.000610 -0.005247 0.003935
v 0.000610 -0.005052 0.004413
v 0.000610 -0.006397 0.000753
v 0.000610 -0.006344 0.001495
v 0.000610 -0.006253 0.002216
v 0.000610 -0.006123 0.002904
v 0.000610 -0.005951 0.003550
v 0.000610 -0.005731 0.004140
v 0.000610 -0.005454 0.004662
v 0.000610 -0.007066 0.000792
v 0.000610 -0.006997 0.001573
v 0.000610 -0.006880 0.002333
v 0.000610 -0.006714 0.003062
v 0.000610 -0.006495 0.003749
v 0.000610 -0.006218 0.004384
v 0.000610 -0.005874 0.004956
v 0.000610 -0.007739 0.000834
v 0.000610 -0.007654 0.001658
v 0.000610 -0.007510 0.002462
v 0.000610 -0.007307 0.003236
v 0.000610 -0.007042 0.003970
v 0.000610 -0.006711 0.004654
v 0.000610 -0.006309 0.005278
v 0.000610 -0.008416 0.000880
v 0.000610 -0.008314 0.001750
v 0.000610 -0.008143 0.002601
v 0.000610 -0.007903 0.003422
v 0.000610 -0.007592 0.004205
v 0.000610 -0.007210 0.004939
v 0.000610 -0.006754 0.005614
v 0.000610 -0.009096 0.000928
v 0.000610 -0.008976 0.001846
v 0.000610 -0.008778 0.002746
v 0.000610 -0.008501 0.003616
v 0.000610 -0.008147 0.004449
v 0.000610 -0.007715 0.005233
v 0.000610 -0.007206 0.005960
vn 0.7203 0.4296 -0.5447
vn 0.7194 0.3670 -0.5897
vn 1.0000 -0.0000 -0.0000
vn 0.7186 0.3042 -0.6254
vn 0.7179 0.2421 -0.6527
vn 0.7174 0.1808 -0.6728
vn 0.7171 0.1202 -0.6865
vn 0.7170 0.0601 -0.6945
vn 0.7169 -0.0000 -0.6971
vn 0.3812 -0.0000 0.9245
vn 0.3810 0.0933 0.9198
vn -0.3810 0.0933 0.9198
vn -0.3812 -0.0000 0.9245
vn 0.3810 -0.9198 0.0933
vn 0.3805 -0.9064 0.1835
vn -0.3805 -0.9064 0.1835
vn -0.3810 -0.9198 0.0933
vn 0.3805 -0.1835 0.9064
vn 0.3810 -0.0933 0.9198
vn -0.3810 -0.0933 0.9198
vn -0.3805 -0.1835 0.9064
vn 0.3798 -0.2703 0.8847
vn -0.3798 -0.2703 0.8847
vn 0.3788 -0.3537 0.8552
vn -0.3788 -0.3537 0.8552
vn 0.3779 -0.4341 0.8178
vn -0.3779 -0.4341 0.8178
vn 0.3770 -0.5113 0.7723
vn -0.3770 -0.5113 0.7723
vn 0.3764 -0.7181 0.5854
vn 0.3761 -0.6552 0.6552
vn -0.3761 -0.6552 0.6552
vn -0.3764 -0.7181 0.5854
vn 0.7209 0.4901 -0.4901
vn 0.7170 -0.0601 -0.6945
vn 0.7171 -0.1202 -0.6865
vn 0.7174 -0.1808 -0.6728
vn 0.7179 -0.2421 -0.6527
vn 0.7186 -0.3042 -0.6254
vn 0.7194 -0.3670 -0.5897
vn 0.7203 -0.4296 -0.5447
vn 0.7209 -0.4901 -0.4901
vn 0.9186 0.3060 0.2499
vn 0.9185 0.2797 0.2797
vn -0.7178 0.0655 -0.6932
vn -0.9207 -0.0397 0.3883
vn -0.9207 -0.0000 0.3903
vn -0.7179 -0.0000 -0.6961
vn 0.3770 0.5113 0.7723
vn 0.3764 0.5854 0.7181
vn -0.3764 0.5854 0.7181
vn -0.3770 0.5113 0.7723
vn 0.3779 0.4341 0.8178
vn -0.3779 0.4341 0.8178
vn 0.3788 0.3537 0.8552
vn -0.3788 0.3537 0.8552
vn 0.3798 0.2703 0.8847
vn -0.3798 0.2703 0.8847
vn 0.3805 0.1835 0.9064
vn -0.3805 0.1835 0.9064
vn 0.3764 -0.5854 0.7181
vn -0.3764 -0.5854 0.7181
vn 0.7203 -0.5447 -0.4296
vn 0.7194 -0.5897 -0.3670
vn 0.7186 -0.6254 -0.3042
vn 0.7179 -0.6527 -0.2421
vn 0.7174 -0.6728 -0.1808
vn 0.7171 -0.6865 -0.1202
vn 0.7170 -0.6945 -0.0601
vn 0.7169 -0.6971 -0.0000
vn 0.9207 0.3883 -0.0397
vn 0.9207 0.3903 -0.0000
vn 0.3805 0.9064 0.1835
vn 0.3810 0.9198 0.0933
vn -0.3810 0.9198 0.0933
vn -0.3805 0.9064 0.1835
vn 0.3798 0.8847 0.2703
vn -0.3798 0.8847 0.2703
vn 0.3788 0.8552 0.3537
vn -0.3788 0.8552 0.3537
vn 0.3779 0.8178 0.4341
vn -0.3779 0.8178 0.4341
vn 0.3770 0.7723 0.5113
vn -0.3770 0.7723 0.5113
vn 0.3761 0.6552 0.6552
vn -0.3761 0.6552 0.6552
vn 0.7170 -0.6945 0.0601
vn 0.7171 -0.6865 0.1202
vn 0.7174 -0.6728 0.1808
vn 0.7179 -0.6527 0.2421
vn 0.7186 -0.6254 0.3042
vn 0.7194 -0.5897 0.3670
vn 0.7203 -0.5447 0.4296
vn 0.7209 -0.4901 0.4901
vn 0.9186 0.2499 -0.3060
vn 0.9185 0.2797 -0.2797
vn 0.3764 0.7181 0.5854
vn -0.3764 0.7181 0.5854
vn 0.3770 0.7723 -0.5113
vn 0.3764 0.7181 -0.5854
vn -0.3764 0.7181 -0.5854
vn -0.3770 0.7723 -0.5113
vn 0.3779 0.8178 -0.4341
vn -0.3779 0.8178 -0.4341
vn 0.3788 0.8552 -0.3537
vn -0.3788 0.8552 -0.3537
vn 0.3798 0.8847 -0.2703
vn -0.3798 0.8847 -0.2703
vn 0.3805 0.9064 -0.1835
vn -0.3805 0.9064 -0.1835
vn 0.3812 0.9245 -0.0000
vn -0.3812 0.9245 -0.0000
vn 0.7203 -0.4296 0.5447
vn 0.7194 -0.3670 0.5897
vn 0.7186 -0.3042 0.6254
vn 0.7179 -0.2421 0.6527
vn 0.7174 -0.1808 0.6728
vn 0.7171 -0.1202 0.6865
vn 0.7170 -0.0601 0.6945
vn 0.7169 -0.0000 0.6971
vn 0.9207 -0.0397 -0.3883
vn 0.9207 -0.0000 -0.3903
vn 0.3810 0.9198 -0.0933
vn -0.3810 0.9198 -0.0933
vn 0.3805 0.1835 -0.9064
vn 0.3810 0.0933 -0.9198
vn -0.3810 0.0933 -0.9198
vn -0.3805 0.1835 -0.9064
vn 0.3798 0.2703 -0.8847
vn -0.3798 0.2703 -0.8847
vn 0.3788 0.3537 -0.8552
vn -0.3788 0.3537 -0.8552
vn 0.3779 0.4341 -0.8178
vn -0.3779 0.4341 -0.8178
vn 0.3770 0.5113 -0.7723
vn -0.3770 0.5113 -0.7723
vn 0.3761 0.6552 -0.6552
vn -0.3761 0.6552 -0.6552
vn 0.7170 0.0601 0.6945
vn 0.7171 0.1202 0.6865
vn 0.7174 0.1808 0.6728
vn 0.7179 0.2421 0.6527
vn 0.7186 0.3042 0.6254
vn 0.7194 0.3670 0.5897
vn 0.7203 0.4296 0.5447
vn 0.7209 0.4901 0.4901
vn 0.9186 -0.3060 -0.2499
vn 0.9185 -0.2797 -0.2797
vn 0.3764 0.5854 -0.7181
vn -0.3764 0.5854 -0.7181
vn 0.3770 -0.5113 -0.7723
vn 0.3764 -0.5854 -0.7181
vn -0.3764 -0.5854 -0.7181
vn -0.3770 -0.5113 -0.7723
vn 0.3779 -0.4341 -0.8178
vn -0.3779 -0.4341 -0.8178
vn 0.3788 -0.3537 -0.8552
vn -0.3788 -0.3537 -0.8552
vn 0.3798 -0.2703 -0.8847
vn -0.3798 -0.2703 -0.8847
vn 0.3805 -0.1835 -0.9064
vn -0.3805 -0.1835 -0.9064
vn 0.3812 -0.0000 -0.9245
vn -0.3812 -0.0000 -0.9245
vn 0.7203 0.5447 0.4296
vn 0.7194 0.5897 0.3670
vn 0.7186 0.6254 0.3042
vn 0.7179 0.6527 0.2421
vn 0.7174 0.6728 0.1808
vn 0.7171 0.6865 0.1202
vn 0.7170 0.6945 0.0601
vn 0.7170 0.6945 -0.0601
vn 0.7169 0.6971 -0.0000
vn 0.6975 0.7165 -0.0000
vn 0.6975 0.7139 -0.0618
vn 0.6938 0.5092 0.5092
vn 0.6944 0.5650 0.4456
vn 0.6975 -0.0000 0.7165
vn 0.6975 0.0618 0.7139
vn 0.6938 -0.5092 0.5092
vn 0.6944 -0.4456 0.5650
vn 0.6975 -0.7165 -0.0000
vn 0.6975 -0.7139 0.0618
vn 0.6938 -0.5092 -0.5092
vn 0.6944 -0.5650 -0.4456
vn 0.6975 -0.0000 -0.7165
vn 0.6975 -0.0618 -0.7139
vn 0.6938 0.5092 -0.5092
vn 0.6944 0.4456 -0.5650
vn 0.7203 0.5447 -0.4296
vn 0.7194 0.5897 -0.3670
vn 0.6952 0.6103 -0.3798
vn 0.6944 0.5650 -0.4456
vn 0.6974 0.7060 0.1236
vn 0.6975 0.7139 0.0618
vn 0.9207 -0.3883 0.0397
vn 0.9207 -0.3903 -0.0000
vn 0.3810 -0.0933 -0.9198
vn -0.3810 -0.0933 -0.9198
vn 0.3805 -0.9064 -0.1835
vn 0.3810 -0.9198 -0.0933
vn -0.3810 -0.9198 -0.0933
vn -0.3805 -0.9064 -0.1835
vn 0.3798 -0.8847 -0.2703
vn -0.3798 -0.8847 -0.2703
vn 0.3788 -0.8552 -0.3537
vn -0.3788 -0.8552 -0.3537
vn 0.3779 -0.8178 -0.4341
vn -0.3779 -0.8178 -0.4341
vn 0.3770 -0.7723 -0.5113
vn -0.3770 -0.7723 -0.5113
vn 0.3761 -0.6552 -0.6552
vn -0.3761 -0.6552 -0.6552
vn 0.6952 0.3798 0.6103
vn 0.6944 0.4456 0.5650
vn 0.6974 -0.1236 0.7060
vn 0.6975 -0.0618 0.7139
vn 0.6952 -0.6103 0.3798
vn 0.6944 -0.5650 0.4456
vn 0.6974 -0.7060 -0.1236
vn 0.6975 -0.7139 -0.0618
vn 0.7186 0.6254 -0.3042
vn 0.6960 0.6457 -0.3141
vn 0.6952 -0.3798 -0.6103
vn 0.6944 -0.4456 -0.5650
vn 0.6971 0.6924 0.1861
vn 0.6974 0.1236 -0.7060
vn 0.6975 0.0618 -0.7139
vn 0.6960 0.3141 0.6457
vn 0.6971 -0.1861 0.6924
vn 0.6960 -0.6457 0.3141
vn 0.6971 -0.6924 -0.1861
vn 0.7179 0.6527 -0.2421
vn 0.6966 0.6727 -0.2495
vn 0.6960 -0.3141 -0.6457
vn 0.6966 0.6727 0.2495
vn 0.6971 0.1861 -0.6924
vn 0.6966 0.2495 0.6727
vn 0.6966 -0.2495 0.6727
vn 0.6966 -0.6727 0.2495
vn 0.6966 -0.6727 -0.2495
vn 0.7174 0.6728 -0.1808
vn 0.6971 0.6924 -0.1861
vn 0.6966 -0.2495 -0.6727
vn 0.6960 0.6457 0.3141
vn 0.6966 0.2495 -0.6727
vn 0.6971 0.1861 0.6924
vn 0.6960 -0.3141 0.6457
vn 0.6971 -0.6924 0.1861
vn 0.6960 -0.6457 -0.3141
vn 0.7171 0.6865 -0.1202
vn 0.6974 0.7060 -0.1236
vn 0.6971 -0.1861 -0.6924
vn 0.6952 0.6103 0.3798
vn 0.6960 0.3141 -0.6457
vn 0.6974 0.1236 0.7060
vn 0.6952 -0.3798 0.6103
vn 0.6974 -0.7060 0.1236
vn 0.6952 -0.6103 -0.3798
vn 0.6974 -0.1236 -0.7060
vn 0.6952 0.3798 -0.6103
vn 0.9186 -0.2499 0.3060
vn 0.9185 -0.2797 0.2797
vn 0.3764 -0.7181 -0.5854
vn -0.3764 -0.7181 -0.5854
vn 0.3770 -0.7723 0.5113
vn -0.3770 -0.7723 0.5113
vn 0.3779 -0.8178 0.4341
vn -0.3779 -0.8178 0.4341
vn 0.3788 -0.8552 0.3537
vn -0.3788 -0.8552 0.3537
vn 0.3798 -0.8847 0.2703
vn -0.3798 -0.8847 0.2703
vn 0.3812 -0.9245 -0.0000
vn -0.3812 -0.9245 -0.0000
vn -0.9207 0.0397 0.3883
vn -0.7178 -0.0655 -0.6932
vn -0.7178 0.6932 -0.0655
vn -0.9207 -0.3883 0.0397
vn -0.9205 -0.3828 0.0782
vn -0.7177 0.6841 -0.1298
vn -0.7177 0.1298 -0.6841
vn -0.9205 -0.0782 0.3828
vn -0.7178 0.1930 -0.6690
vn -0.9202 -0.1151 0.3741
vn -0.7180 0.2552 -0.6476
vn -0.9198 -0.1508 0.3622
vn -0.7183 0.3164 -0.6196
vn -0.9194 -0.1851 0.3471
vn -0.7188 0.3765 -0.5845
vn -0.9190 -0.2182 0.3284
vn -0.7193 0.5416 -0.4351
vn -0.9186 -0.3060 0.2499
vn -0.9185 -0.2797 0.2797
vn -0.7197 0.4909 -0.4909
vn -0.7193 0.4351 -0.5416
vn -0.9186 -0.2499 0.3060
vn -0.7188 -0.3765 -0.5845
vn -0.9190 0.2182 0.3284
vn -0.9186 0.2499 0.3060
vn -0.7193 -0.4351 -0.5416
vn -0.7183 -0.3164 -0.6196
vn -0.9194 0.1851 0.3471
vn -0.7180 -0.2552 -0.6476
vn -0.9198 0.1508 0.3622
vn -0.7178 -0.1930 -0.6690
vn -0.9202 0.1151 0.3741
vn -0.7177 -0.1298 -0.6841
vn -0.9205 0.0782 0.3828
vn -0.7197 -0.4909 -0.4909
vn -0.9185 0.2797 0.2797
vn -0.9186 0.3060 0.2499
vn -0.7193 -0.5416 -0.4351
vn -0.7177 -0.6841 -0.1298
vn -0.9205 0.3828 0.0782
vn -0.9207 0.3883 0.0397
vn -0.7178 -0.6932 -0.0655
vn -0.7178 -0.6690 -0.1930
vn -0.9202 0.3741 0.1151
vn -0.7180 -0.6476 -0.2552
vn -0.9198 0.3622 0.1508
vn -0.7183 -0.6196 -0.3164
vn -0.9194 0.3471 0.1851
vn -0.7188 -0.5845 -0.3765
vn -0.9190 0.3284 0.2182
vn -0.7179 -0.6961 -0.0000
vn -0.9207 0.3903 -0.0000
vn -0.9207 0.3883 -0.0397
vn -0.7178 -0.6932 0.0655
vn -0.7188 -0.5845 0.3765
vn -0.9190 0.3284 -0.2182
vn -0.9186 0.3060 -0.2499
vn -0.7193 -0.5416 0.4351
vn -0.7183 -0.6196 0.3164
vn -0.9194 0.3471 -0.1851
vn -0.7180 -0.6476 0.2552
vn -0.9198 0.3622 -0.1508
vn -0.7178 -0.6690 0.1930
vn -0.9202 0.3741 -0.1151
vn -0.7177 -0.6841 0.1298
vn -0.9205 0.3828 -0.0782
vn -0.7197 -0.4909 0.4909
vn -0.9185 0.2797 -0.2797
vn -0.9186 0.2499 -0.3060
vn -0.7193 -0.4351 0.5416
vn -0.7177 -0.1298 0.6841
vn -0.9205 0.0782 -0.3828
vn -0.9207 0.0397 -0.3883
vn -0.7178 -0.0655 0.6932
vn -0.7178 -0.1930 0.6690
vn -0.9202 0.1151 -0.3741
vn -0.7180 -0.2552 0.6476
vn -0.9198 0.1508 -0.3622
vn -0.7183 -0.3164 0.6196
vn -0.9194 0.1851 -0.3471
vn -0.7188 -0.3765 0.5845
vn -0.9190 0.2182 -0.3284
vn -0.7179 -0.0000 0.6961
vn -0.9207 -0.0000 -0.3903
vn -0.9207 -0.0397 -0.3883
vn -0.7178 0.0655 0.6932
vn -0.7188 0.3765 0.5845
vn -0.9190 -0.2182 -0.3284
vn -0.9186 -0.2499 -0.3060
vn -0.7193 0.4351 0.5416
vn -0.7183 0.3164 0.6196
vn -0.9194 -0.1851 -0.3471
vn -0.7180 0.2552 0.6476
vn -0.9198 -0.1508 -0.3622
vn -0.7178 0.1930 0.6690
vn -0.9202 -0.1151 -0.3741
vn -0.7177 0.1298 0.6841
vn -0.9205 -0.0782 -0.3828
vn -0.7188 0.5845 -0.3765
vn -0.6953 0.5603 -0.4501
vn -0.6958 0.6038 -0.3890
vn -0.7177 0.6841 0.1298
vn -0.7178 0.6932 0.0655
vn -0.6967 0.7142 0.0674
vn -0.6968 0.7047 0.1337
vn -0.7197 0.4909 0.4909
vn -0.9185 -0.2797 -0.2797
vn -0.9186 -0.3060 -0.2499
vn -0.7193 0.5416 0.4351
vn -0.9205 -0.3828 -0.0782
vn -0.9207 -0.3883 -0.0397
vn -0.7178 0.6690 0.1930
vn -0.9202 -0.3741 -0.1151
vn -0.7180 0.6476 0.2552
vn -0.9198 -0.3622 -0.1508
vn -0.7183 0.6196 0.3164
vn -0.9194 -0.3471 -0.1851
vn -0.7188 0.5845 0.3765
vn -0.9190 -0.3284 -0.2182
vn -0.6953 0.4501 0.5603
vn -0.6958 0.3890 0.6038
vn -0.6967 -0.0674 0.7142
vn -0.6968 -0.1337 0.7047
vn -0.6953 -0.5603 0.4501
vn -0.6958 -0.6038 0.3890
vn -0.6967 -0.7142 -0.0674
vn -0.6968 -0.7047 -0.1337
vn -0.7183 0.6196 -0.3164
vn -0.6962 0.6393 -0.3264
vn -0.6953 -0.4501 -0.5603
vn -0.6958 -0.3890 -0.6038
vn -0.6967 0.6892 0.1988
vn -0.6967 0.0674 -0.7142
vn -0.6968 0.1337 -0.7047
vn -0.6962 0.3264 0.6393
vn -0.6967 -0.1988 0.6892
vn -0.6962 -0.6393 0.3264
vn -0.6967 -0.6892 -0.1988
vn -0.7180 0.6476 -0.2552
vn -0.6965 0.6676 -0.2630
vn -0.6962 -0.3264 -0.6393
vn -0.6965 0.6676 0.2630
vn -0.6967 0.1988 -0.6892
vn -0.6965 0.2630 0.6676
vn -0.6965 -0.2630 0.6676
vn -0.6965 -0.6676 0.2630
vn -0.6965 -0.6676 -0.2630
vn -0.7178 0.6690 -0.1930
vn -0.6967 0.6892 -0.1988
vn -0.6965 -0.2630 -0.6676
vn -0.6962 0.6393 0.3264
vn -0.6965 0.2630 -0.6676
vn -0.6967 0.1988 0.6892
vn -0.6962 -0.3264 0.6393
vn -0.6967 -0.6892 0.1988
vn -0.6962 -0.6393 -0.3264
vn -0.6968 0.7047 -0.1337
vn -0.6967 -0.1988 -0.6892
vn -0.6958 0.6038 0.3890
vn -0.6968 0.1337 0.7047
vn -0.6962 0.3264 -0.6393
vn -0.6958 -0.3890 0.6038
vn -0.6968 -0.7047 0.1337
vn -0.6958 -0.6038 -0.3890
vn -0.6967 0.7142 -0.0674
vn -0.6968 -0.1337 -0.7047
vn -0.6953 0.5603 0.4501
vn -0.6958 0.3890 -0.6038
vn -0.6967 0.0674 0.7142
vn -0.6953 -0.4501 0.5603
vn -0.6967 -0.7142 0.0674
vn -0.6953 -0.5603 -0.4501
vn -0.6967 -0.0674 -0.7142
vn -0.6953 0.4501 -0.5603
vn -0.7179 0.6961 -0.0000
vn -0.6966 0.7174 -0.0000
vn -0.6949 0.5085 0.5085
vn -0.6966 -0.0000 0.7174
vn -0.6949 -0.5085 0.5085
vn -0.6966 -0.7174 -0.0000
vn -0.6949 -0.5085 -0.5085
vn -0.6949 0.5085 -0.5085
vn -0.6966 -0.0000 -0.7174
vn -0.9207 -0.3903 -0.0000
vn -0.9190 -0.3284 0.2182
vn -0.9194 -0.3471 0.1851
vn -0.9198 -0.3622 0.1508
vn -0.9202 -0.3741 0.1151
vn 0.9186 -0.3060 0.2499
vn 0.9190 -0.2182 0.3284
vn 0.9194 -0.1851 0.3471
vn 0.9198 -0.1508 0.3622
vn 0.9202 -0.1151 0.3741
vn 0.9205 -0.0782 0.3828
vn 0.9207 -0.0397 0.3883
vn 0.9207 -0.0000 0.3903
vn 0.9207 -0.3883 -0.0397
vn 0.9205 -0.3828 0.0782
vn 0.9202 -0.3741 0.1151
vn 0.9198 -0.3622 0.1508
vn 0.9194 -0.3471 0.1851
vn 0.9190 -0.3284 0.2182
vn 0.9186 -0.2499 -0.3060
vn 0.9190 -0.3284 -0.2182
vn 0.9194 -0.3471 -0.1851
vn 0.9198 -0.3622 -0.1508
vn 0.9202 -0.3741 -0.1151
vn 0.9205 -0.3828 -0.0782
vn 0.9207 0.0397 -0.3883
vn 0.9205 -0.0782 -0.3828
vn 0.9202 -0.1151 -0.3741
vn 0.9198 -0.1508 -0.3622
vn 0.9194 -0.1851 -0.3471
vn 0.9190 -0.2182 -0.3284
vn 0.9186 0.3060 -0.2499
vn 0.9190 0.2182 -0.3284
vn 0.9194 0.1851 -0.3471
vn 0.9198 0.1508 -0.3622
vn 0.9202 0.1151 -0.3741
vn 0.9205 0.0782 -0.3828
vn 0.9207 0.3883 0.0397
vn 0.9205 0.3828 -0.0782
vn 0.9202 0.3741 -0.1151
vn 0.9198 0.3622 -0.1508
vn 0.9194 0.3471 -0.1851
vn 0.9190 0.3284 -0.2182
vn 0.9186 0.2499 0.3060
vn 0.9190 0.3284 0.2182
vn 0.9194 0.3471 0.1851
vn 0.9198 0.3622 0.1508
vn 0.9202 0.3741 0.1151
vn 0.9205 0.3828 0.0782
vn 0.9207 0.0397 0.3883
vn 0.9205 0.0782 0.3828
vn 0.9202 0.1151 0.3741
vn 0.9198 0.1508 0.3622
vn 0.9194 0.1851 0.3471
vn 0.9190 0.2182 0.3284
vn -1.0000 -0.0000 -0.0000
vt 0.899291 0.309212
vt 0.890291 0.324530
vt 0.743874 0.228221
vt 0.743929 0.202128
vt 0.597057 0.322720
vt 0.588121 0.307291
vt 0.540876 0.573721
vt 0.525655 0.573627
vt 0.596001 0.825408
vt 0.587001 0.840726
vt 0.742418 0.921717
vt 0.742363 0.947810
vt 0.889235 0.827217
vt 0.898171 0.842647
vt 0.945416 0.576217
vt 0.960637 0.576311
vt 0.875710 0.302208
vt 0.859640 0.282797
vt 0.842293 0.266308
vt 0.823883 0.252753
vt 0.804623 0.242145
vt 0.784726 0.234506
vt 0.764406 0.229859
vt 0.883559 0.284886
vt 0.866350 0.263523
vt 0.847875 0.245202
vt 0.828346 0.230006
vt 0.807973 0.218021
vt 0.786971 0.209329
vt 0.765553 0.204008
vt 0.723336 0.229605
vt 0.702997 0.234002
vt 0.683069 0.241394
vt 0.663764 0.251764
vt 0.645298 0.265092
vt 0.627883 0.281367
vt 0.611732 0.300579
vt 0.722297 0.203741
vt 0.700858 0.208797
vt 0.679820 0.217229
vt 0.659398 0.228963
vt 0.639805 0.243918
vt 0.621254 0.262011
vt 0.603955 0.283161
vt 0.584036 0.347717
vt 0.572713 0.375266
vt 0.563094 0.405002
vt 0.555187 0.436562
vt 0.548999 0.469580
vt 0.544543 0.503689
vt 0.541832 0.538523
vt 0.573931 0.334261
vt 0.561470 0.363763
vt 0.550782 0.395434
vt 0.541918 0.428913
vt 0.534926 0.463837
vt 0.529856 0.499840
vt 0.526752 0.536557
vt 0.541684 0.608929
vt 0.544249 0.643796
vt 0.548561 0.677958
vt 0.554610 0.711052
vt 0.562385 0.742709
vt 0.571878 0.772563
vt 0.583085 0.800251
vt 0.526596 0.610710
vt 0.529546 0.647463
vt 0.534465 0.683528
vt 0.541310 0.718538
vt 0.550033 0.752125
vt 0.560587 0.783927
vt 0.572925 0.813582
vt 0.610583 0.847730
vt 0.626653 0.867140
vt 0.643999 0.883630
vt 0.662409 0.897185
vt 0.681669 0.907793
vt 0.701566 0.915432
vt 0.721886 0.920079
vt 0.602733 0.865052
vt 0.619943 0.886415
vt 0.638417 0.904736
vt 0.657947 0.919932
vt 0.678319 0.931917
vt 0.699321 0.940609
vt 0.720739 0.945931
vt 0.762957 0.920333
vt 0.783295 0.915936
vt 0.803224 0.908544
vt 0.822528 0.898174
vt 0.840995 0.884846
vt 0.858410 0.868571
vt 0.874561 0.849359
vt 0.763995 0.946197
vt 0.785435 0.941140
vt 0.806472 0.932708
vt 0.826895 0.920975
vt 0.846487 0.906020
vt 0.865039 0.887927
vt 0.882337 0.866777
vt 0.902257 0.802220
vt 0.913580 0.774672
vt 0.923198 0.744936
vt 0.931106 0.713376
vt 0.937294 0.680358
vt 0.941749 0.646249
vt 0.944461 0.611415
vt 0.912361 0.815677
vt 0.924823 0.786175
vt 0.935510 0.754505
vt 0.944375 0.721025
vt 0.951366 0.686101
vt 0.956436 0.650098
vt 0.959540 0.613382
vt 0.944608 0.541009
vt 0.942044 0.506142
vt 0.937731 0.471979
vt 0.931682 0.438886
vt 0.923908 0.407229
vt 0.914414 0.377375
vt 0.903207 0.349687
vt 0.959696 0.539228
vt 0.956746 0.502475
vt 0.951827 0.466410
vt 0.944983 0.431400
vt 0.936259 0.397812
vt 0.925705 0.366011
vt 0.913368 0.336356
vt 0.409422 0.842935
vt 0.253547 0.947808
vt 0.098253 0.840435
vt 0.037077 0.573222
vt 0.099711 0.307003
vt 0.255586 0.202129
vt 0.410880 0.309503
vt 0.472056 0.576716
vt 0.393573 0.867036
vt 0.376261 0.888154
vt 0.357698 0.906212
vt 0.338096 0.921130
vt 0.317666 0.932826
vt 0.296623 0.941219
vt 0.275180 0.946236
vt 0.231924 0.945888
vt 0.210510 0.940527
vt 0.189514 0.931796
vt 0.169149 0.919773
vt 0.149629 0.904541
vt 0.131166 0.886185
vt 0.113970 0.864790
vt 0.084194 0.813265
vt 0.071876 0.783587
vt 0.061341 0.751766
vt 0.052639 0.718162
vt 0.045817 0.683139
vt 0.040921 0.647065
vt 0.037994 0.610306
vt 0.038197 0.536153
vt 0.041324 0.499443
vt 0.046417 0.463449
vt 0.053431 0.428538
vt 0.062316 0.395075
vt 0.073024 0.363424
vt 0.085504 0.333946
vt 0.115561 0.282901
vt 0.132873 0.261784
vt 0.151435 0.243725
vt 0.171037 0.228807
vt 0.191467 0.217112
vt 0.212510 0.208719
vt 0.233953 0.203702
vt 0.277209 0.204049
vt 0.298623 0.209410
vt 0.319620 0.218141
vt 0.339985 0.230164
vt 0.359505 0.245397
vt 0.377968 0.263753
vt 0.395163 0.285148
vt 0.424939 0.336673
vt 0.437258 0.366350
vt 0.447792 0.398172
vt 0.456494 0.431776
vt 0.463317 0.466798
vt 0.468213 0.502872
vt 0.471139 0.539631
vt 0.470936 0.613784
vt 0.467809 0.650495
vt 0.462716 0.686488
vt 0.455702 0.721400
vt 0.446817 0.754862
vt 0.436109 0.786513
vt 0.423629 0.815992
vt 0.743968 0.183630
vt 0.121591 0.082116
vt 0.743991 0.172815
vt 0.852392 0.039046
vt 0.669691 0.039046
vt 0.909718 0.291465
vt 0.905244 0.299080
vt 0.486991 0.039046
vt 0.977736 0.576417
vt 0.971427 0.576378
vt 0.304291 0.039046
vt 0.908523 0.860521
vt 0.904081 0.852852
vt 0.852392 0.082116
vt 0.121591 0.039046
vt 0.742302 0.977123
vt 0.742324 0.966308
vt 0.669691 0.082116
vt 0.576574 0.858472
vt 0.581048 0.850858
vt 0.486991 0.082116
vt 0.508556 0.573521
vt 0.514865 0.573560
vt 0.304291 0.082116
vt 0.577769 0.289417
vt 0.582211 0.297086
vt 0.888783 0.273385
vt 0.692495 0.039046
vt 0.892679 0.264935
vt 0.870865 0.250629
vt 0.715321 0.039046
vt 0.874175 0.241462
vt 0.851684 0.230920
vt 0.738173 0.039046
vt 0.854407 0.221179
vt 0.831434 0.214413
vt 0.761041 0.039046
vt 0.833581 0.204235
vt 0.810321 0.201276
vt 0.783910 0.039046
vt 0.811911 0.190781
vt 0.788557 0.191673
vt 0.806762 0.039046
vt 0.789609 0.180969
vt 0.766364 0.185756
vt 0.766893 0.174940
vt 0.829588 0.039046
vt 0.970348 0.537971
vt 0.509795 0.039046
vt 0.976661 0.537141
vt 0.967057 0.499883
vt 0.532621 0.039046
vt 0.973308 0.498158
vt 0.961612 0.462505
vt 0.555473 0.039046
vt 0.967745 0.459856
vt 0.954100 0.426218
vt 0.578341 0.039046
vt 0.960054 0.422611
vt 0.944618 0.391387
vt 0.601210 0.039046
vt 0.950320 0.386789
vt 0.933259 0.358364
vt 0.624062 0.039046
vt 0.938630 0.352755
vt 0.920114 0.327484
vt 0.646888 0.039046
vt 0.925071 0.320866
vt 0.919070 0.824632
vt 0.327095 0.039046
vt 0.923999 0.831311
vt 0.932345 0.793915
vt 0.349921 0.039046
vt 0.937692 0.799590
vt 0.943842 0.761033
vt 0.372773 0.039046
vt 0.949524 0.765701
vt 0.953470 0.726320
vt 0.395641 0.039046
vt 0.959408 0.730000
vt 0.961134 0.690126
vt 0.418510 0.039046
vt 0.967255 0.692851
vt 0.966736 0.652817
vt 0.441362 0.039046
vt 0.972979 0.654619
vt 0.970187 0.614770
vt 0.464188 0.039046
vt 0.976496 0.615678
vt 0.764728 0.964459
vt 0.144395 0.039046
vt 0.765213 0.975281
vt 0.786946 0.958816
vt 0.167221 0.039046
vt 0.787953 0.969531
vt 0.808750 0.949481
vt 0.190073 0.039046
vt 0.810295 0.959996
vt 0.829918 0.936605
vt 0.212941 0.039046
vt 0.832022 0.946810
vt 0.850236 0.920349
vt 0.235810 0.039046
vt 0.852918 0.930124
vt 0.869499 0.900877
vt 0.258662 0.039046
vt 0.872771 0.910084
vt 0.887513 0.878343
vt 0.281488 0.039046
vt 0.891373 0.886841
vt 0.597509 0.876553
vt 0.692495 0.082116
vt 0.593614 0.885003
vt 0.615428 0.899309
vt 0.715321 0.082116
vt 0.612117 0.908476
vt 0.634609 0.919018
vt 0.738173 0.082116
vt 0.631886 0.928759
vt 0.654858 0.935524
vt 0.761041 0.082116
vt 0.652711 0.945703
vt 0.675972 0.948662
vt 0.783910 0.082116
vt 0.674382 0.959156
vt 0.697735 0.958266
vt 0.806762 0.082116
vt 0.696684 0.968968
vt 0.719929 0.964182
vt 0.829588 0.082116
vt 0.719399 0.974998
vt 0.515944 0.611967
vt 0.509795 0.082116
vt 0.509631 0.612797
vt 0.519235 0.650055
vt 0.532621 0.082116
vt 0.512985 0.651780
vt 0.524681 0.687432
vt 0.555473 0.082116
vt 0.518547 0.690082
vt 0.532192 0.723720
vt 0.578341 0.082116
vt 0.526239 0.727327
vt 0.541675 0.758551
vt 0.601210 0.082116
vt 0.535973 0.763148
vt 0.553033 0.791574
vt 0.624062 0.082116
vt 0.547662 0.797183
vt 0.566178 0.822453
vt 0.646888 0.082116
vt 0.561221 0.829071
vt 0.567222 0.325306
vt 0.327095 0.082116
vt 0.562293 0.318627
vt 0.553948 0.356022
vt 0.349921 0.082116
vt 0.548600 0.350348
vt 0.542451 0.388905
vt 0.372773 0.082116
vt 0.536768 0.384237
vt 0.532822 0.423618
vt 0.395641 0.082116
vt 0.526884 0.419938
vt 0.525159 0.459812
vt 0.418510 0.082116
vt 0.519037 0.457087
vt 0.519557 0.497121
vt 0.441362 0.082116
vt 0.513313 0.495319
vt 0.516105 0.535168
vt 0.464188 0.082116
vt 0.509796 0.534260
vt 0.721564 0.185479
vt 0.144395 0.082116
vt 0.721080 0.174657
vt 0.699346 0.191122
vt 0.167221 0.082116
vt 0.698340 0.180406
vt 0.677543 0.200457
vt 0.190073 0.082116
vt 0.675997 0.189943
vt 0.656375 0.213333
vt 0.212941 0.082116
vt 0.654271 0.203128
vt 0.636057 0.229589
vt 0.235810 0.082116
vt 0.633375 0.219814
vt 0.616793 0.249061
vt 0.258662 0.082116
vt 0.613521 0.239853
vt 0.598780 0.271595
vt 0.281488 0.082116
vt 0.594920 0.263097
vt 0.121591 0.124644
vt 0.253467 0.977121
vt 0.852392 0.081574
vt 0.253497 0.966306
vt 0.415326 0.853151
vt 0.669691 0.081574
vt 0.419763 0.860829
vt 0.482847 0.576803
vt 0.486991 0.081574
vt 0.489156 0.576853
vt 0.416840 0.299382
vt 0.304291 0.081574
vt 0.421318 0.291775
vt 0.255636 0.183632
vt 0.852392 0.124644
vt 0.121591 0.081574
vt 0.255666 0.172816
vt 0.093808 0.296787
vt 0.669691 0.124644
vt 0.089371 0.289109
vt 0.026287 0.573135
vt 0.486991 0.124644
vt 0.019978 0.573084
vt 0.092294 0.850556
vt 0.304291 0.124644
vt 0.087815 0.858162
vt 0.692495 0.081574
vt 0.402595 0.887116
vt 0.398741 0.878611
vt 0.715321 0.081574
vt 0.383979 0.910325
vt 0.380713 0.901112
vt 0.738173 0.081574
vt 0.364113 0.930327
vt 0.361437 0.920548
vt 0.761041 0.081574
vt 0.343207 0.946975
vt 0.341109 0.936766
vt 0.783910 0.081574
vt 0.321472 0.960120
vt 0.319933 0.949603
vt 0.806762 0.081574
vt 0.299123 0.969615
vt 0.298124 0.958897
vt 0.276379 0.975321
vt 0.829588 0.081574
vt 0.275902 0.964498
vt 0.509795 0.081574
vt 0.487891 0.616112
vt 0.481582 0.615193
vt 0.532621 0.081574
vt 0.484349 0.655047
vt 0.478107 0.653232
vt 0.555473 0.081574
vt 0.478601 0.693268
vt 0.472481 0.690531
vt 0.578341 0.081574
vt 0.470730 0.730403
vt 0.464795 0.726711
vt 0.601210 0.081574
vt 0.460823 0.766085
vt 0.455144 0.761407
vt 0.624062 0.081574
vt 0.448970 0.799952
vt 0.443626 0.794267
vt 0.646888 0.081574
vt 0.435257 0.831647
vt 0.430332 0.824959
vt 0.327095 0.081574
vt 0.436653 0.321205
vt 0.431691 0.327813
vt 0.349921 0.081574
vt 0.450191 0.353119
vt 0.444817 0.358718
vt 0.372773 0.081574
vt 0.461859 0.387175
vt 0.456155 0.391761
vt 0.395641 0.081574
vt 0.471570 0.423014
vt 0.465615 0.426610
vt 0.418510 0.081574
vt 0.479238 0.460274
vt 0.473103 0.462912
vt 0.441362 0.081574
vt 0.484777 0.498586
vt 0.478525 0.500300
vt 0.464188 0.081574
vt 0.488106 0.537575
vt 0.481792 0.538394
vt 0.144395 0.081574
vt 0.278567 0.174984
vt 0.278031 0.185799
vt 0.167221 0.081574
vt 0.301279 0.181056
vt 0.300221 0.191757
vt 0.190073 0.081574
vt 0.323574 0.190909
vt 0.321978 0.201401
vt 0.212941 0.081574
vt 0.345237 0.204403
vt 0.343083 0.214578
vt 0.235810 0.081574
vt 0.366051 0.221386
vt 0.363322 0.231122
vt 0.258662 0.081574
vt 0.385807 0.241706
vt 0.382491 0.250866
vt 0.281488 0.081574
vt 0.404296 0.265213
vt 0.400395 0.273656
vt 0.692495 0.124644
vt 0.106538 0.262821
vt 0.110393 0.271326
vt 0.715321 0.124644
vt 0.125154 0.239612
vt 0.128420 0.248825
vt 0.738173 0.124644
vt 0.145020 0.219610
vt 0.147696 0.229390
vt 0.761041 0.124644
vt 0.165927 0.202962
vt 0.168024 0.213172
vt 0.783910 0.124644
vt 0.187662 0.189818
vt 0.189200 0.200334
vt 0.806762 0.124644
vt 0.210010 0.180323
vt 0.211010 0.191041
vt 0.829588 0.124644
vt 0.232754 0.174616
vt 0.233231 0.185439
vt 0.509795 0.124644
vt 0.021242 0.533825
vt 0.027551 0.534745
vt 0.532621 0.124644
vt 0.024784 0.494891
vt 0.031027 0.496705
vt 0.555473 0.124644
vt 0.030532 0.456670
vt 0.036652 0.459406
vt 0.578341 0.124644
vt 0.038403 0.419535
vt 0.044339 0.423226
vt 0.601210 0.124644
vt 0.048310 0.383853
vt 0.053989 0.388531
vt 0.624062 0.124644
vt 0.060163 0.349986
vt 0.065507 0.355670
vt 0.646888 0.124644
vt 0.073876 0.318291
vt 0.078801 0.324978
vt 0.327095 0.124644
vt 0.072481 0.828733
vt 0.077442 0.822125
vt 0.349921 0.124644
vt 0.058942 0.796819
vt 0.064316 0.791220
vt 0.372773 0.124644
vt 0.047274 0.762763
vt 0.052979 0.758176
vt 0.395641 0.124644
vt 0.037563 0.726923
vt 0.043518 0.723327
vt 0.418510 0.124644
vt 0.029895 0.689663
vt 0.036030 0.687025
vt 0.441362 0.124644
vt 0.024357 0.651351
vt 0.030609 0.649638
vt 0.464188 0.124644
vt 0.021028 0.612362
vt 0.027341 0.611544
vt 0.144395 0.124644
vt 0.230566 0.974953
vt 0.231103 0.964138
vt 0.167221 0.124644
vt 0.207855 0.968882
vt 0.208913 0.958180
vt 0.190073 0.124644
vt 0.185559 0.959028
vt 0.187155 0.948536
vt 0.212941 0.124644
vt 0.163897 0.945535
vt 0.166050 0.935360
vt 0.235810 0.124644
vt 0.143082 0.928552
vt 0.145811 0.918816
vt 0.258662 0.124644
vt 0.123327 0.908231
vt 0.126643 0.899071
vt 0.281488 0.124644
vt 0.104838 0.884724
vt 0.108739 0.876281
vt 0.367172 0.575873
vt 0.367045 0.549650
vt 0.366510 0.523798
vt 0.365555 0.498691
vt 0.364164 0.474702
vt 0.362350 0.452246
vt 0.360227 0.431897
vt 0.357980 0.414444
vt 0.356163 0.402428
vt 0.255094 0.381932
vt 0.239798 0.382150
vt 0.224717 0.383065
vt 0.210071 0.384703
vt 0.196078 0.387087
vt 0.182979 0.390198
vt 0.171108 0.393838
vt 0.160927 0.397689
vt 0.153918 0.400803
vt 0.141962 0.574064
vt 0.142089 0.600287
vt 0.142623 0.626139
vt 0.143578 0.651246
vt 0.144969 0.675235
vt 0.146784 0.697691
vt 0.148907 0.718041
vt 0.151153 0.735493
vt 0.152970 0.747509
vt 0.254039 0.768006
vt 0.269336 0.767788
vt 0.284416 0.766872
vt 0.299062 0.765234
vt 0.313055 0.762850
vt 0.326155 0.759740
vt 0.338025 0.756100
vt 0.348206 0.752249
vt 0.355215 0.749134
vt 0.349171 0.399201
vt 0.339012 0.395186
vt 0.327162 0.391356
vt 0.314080 0.388035
vt 0.300100 0.385426
vt 0.285464 0.383553
vt 0.270389 0.382395
vt 0.159962 0.750736
vt 0.170121 0.754751
vt 0.181972 0.758581
vt 0.195053 0.761902
vt 0.209033 0.764511
vt 0.223670 0.766384
vt 0.238744 0.767542
vt 0.254567 0.574969
vt 0.254502 0.598699
vt 0.254437 0.622468
vt 0.254372 0.646313
vt 0.254306 0.670272
vt 0.254240 0.694383
vt 0.254174 0.718683
vt 0.254107 0.743212
vt 0.357098 0.737148
vt 0.359440 0.719732
vt 0.361674 0.699417
vt 0.363611 0.676991
vt 0.365133 0.653026
vt 0.366226 0.627935
vt 0.366901 0.602093
vt 0.152035 0.412790
vt 0.149694 0.430205
vt 0.147459 0.450520
vt 0.145522 0.472946
vt 0.144000 0.496911
vt 0.142908 0.522002
vt 0.142232 0.547845
vt 0.255027 0.406726
vt 0.254960 0.431254
vt 0.254893 0.455555
vt 0.254827 0.479666
vt 0.254762 0.503624
vt 0.254697 0.527469
vt 0.254632 0.551238
vt 0.268410 0.575080
vt 0.282275 0.575191
vt 0.296184 0.575303
vt 0.310160 0.575415
vt 0.324225 0.575528
vt 0.338400 0.575642
vt 0.352708 0.575757
vt 0.156425 0.574180
vt 0.170733 0.574295
vt 0.184909 0.574409
vt 0.198973 0.574522
vt 0.212949 0.574634
vt 0.226859 0.574746
vt 0.240724 0.574857
vt 0.409422 0.842935
vt 0.400496 0.827489
vt 0.391702 0.812272
vt 0.383106 0.797397
vt 0.374807 0.783036
vt 0.367034 0.769585
vt 0.360130 0.757638
vt 0.253970 0.793090
vt 0.253901 0.818440
vt 0.253831 0.844016
vt 0.253761 0.869780
vt 0.253690 0.895693
vt 0.253619 0.921715
vt 0.253547 0.947808
vt 0.148010 0.755934
vt 0.141041 0.767769
vt 0.133194 0.781095
vt 0.124817 0.795322
vt 0.116140 0.810058
vt 0.107263 0.825134
vt 0.098253 0.840435
vt 0.127329 0.573947
vt 0.112542 0.573828
vt 0.097622 0.573708
vt 0.082594 0.573587
vt 0.067478 0.573466
vt 0.052298 0.573344
vt 0.037077 0.573222
vt 0.149004 0.392300
vt 0.142100 0.380353
vt 0.134326 0.366902
vt 0.126027 0.352540
vt 0.117431 0.337666
vt 0.108637 0.322448
vt 0.099711 0.307003
vt 0.255163 0.356847
vt 0.255232 0.331497
vt 0.255302 0.305921
vt 0.255373 0.280158
vt 0.255443 0.254244
vt 0.255515 0.228222
vt 0.255586 0.202129
vt 0.361124 0.394003
vt 0.368093 0.382168
vt 0.375939 0.368842
vt 0.384317 0.354615
vt 0.392993 0.339880
vt 0.401870 0.324804
vt 0.410880 0.309503
vt 0.381804 0.575991
vt 0.396592 0.576110
vt 0.411511 0.576230
vt 0.426540 0.576350
vt 0.441656 0.576472
vt 0.456836 0.576594
vt 0.472056 0.576716
vt 0.240656 0.598592
vt 0.226791 0.598513
vt 0.212887 0.598491
vt 0.198925 0.598555
vt 0.184884 0.598734
vt 0.170745 0.599061
vt 0.156486 0.599568
vt 0.240573 0.622361
vt 0.226699 0.622297
vt 0.212805 0.622331
vt 0.198883 0.622516
vt 0.184920 0.622913
vt 0.170901 0.623595
vt 0.156807 0.624644
vt 0.240455 0.646195
vt 0.226549 0.646113
vt 0.212662 0.646136
vt 0.198804 0.646336
vt 0.184980 0.646797
vt 0.171179 0.647664
vt 0.157384 0.649094
vt 0.240287 0.670129
vt 0.226310 0.669977
vt 0.212415 0.669890
vt 0.198645 0.669941
vt 0.185029 0.670240
vt 0.171558 0.671034
vt 0.158212 0.672605
vt 0.240051 0.694197
vt 0.225948 0.693909
vt 0.212016 0.693582
vt 0.198343 0.693278
vt 0.184994 0.693123
vt 0.171969 0.693496
vt 0.159244 0.694852
vt 0.239728 0.718431
vt 0.225418 0.717934
vt 0.211381 0.717231
vt 0.197753 0.716362
vt 0.184654 0.715447
vt 0.172147 0.714941
vt 0.160255 0.715473
vt 0.239299 0.742868
vt 0.224675 0.742083
vt 0.210418 0.740866
vt 0.196712 0.739226
vt 0.183744 0.737249
vt 0.171726 0.735322
vt 0.160850 0.734128
vt 0.352508 0.601143
vt 0.338253 0.600407
vt 0.324116 0.599853
vt 0.310077 0.599448
vt 0.296115 0.599160
vt 0.282212 0.598958
vt 0.268347 0.598815
vt 0.352050 0.626213
vt 0.337963 0.624937
vt 0.323948 0.624030
vt 0.309988 0.623409
vt 0.296067 0.622999
vt 0.282175 0.622742
vt 0.268301 0.622583
vt 0.351340 0.650653
vt 0.337553 0.649000
vt 0.323758 0.647912
vt 0.309937 0.647228
vt 0.296081 0.646806
vt 0.282194 0.646560
vt 0.268288 0.646419
vt 0.350383 0.674149
vt 0.337046 0.672363
vt 0.323580 0.671353
vt 0.309967 0.670835
vt 0.296197 0.670563
vt 0.282303 0.670427
vt 0.268325 0.670355
vt 0.349230 0.696379
vt 0.336513 0.694818
vt 0.323490 0.694236
vt 0.310142 0.694176
vt 0.296467 0.694260
vt 0.282534 0.694363
vt 0.268430 0.694425
vt 0.348106 0.716982
vt 0.336217 0.716259
vt 0.323708 0.716565
vt 0.310605 0.717269
vt 0.296972 0.717919
vt 0.282932 0.718396
vt 0.268621 0.718664
vt 0.347409 0.735626
vt 0.336527 0.736646
vt 0.324499 0.738379
vt 0.311521 0.740148
vt 0.297807 0.741568
vt 0.283544 0.742556
vt 0.268916 0.743106
vt 0.348284 0.415810
vt 0.337407 0.414615
vt 0.325389 0.412689
vt 0.312422 0.410712
vt 0.298716 0.409072
vt 0.284459 0.407854
vt 0.269835 0.407069
vt 0.348879 0.434465
vt 0.336986 0.434996
vt 0.324479 0.434490
vt 0.311380 0.433576
vt 0.297752 0.432706
vt 0.283715 0.432003
vt 0.269406 0.431506
vt 0.349889 0.455085
vt 0.337164 0.456441
vt 0.324139 0.456814
vt 0.310791 0.456660
vt 0.297117 0.456356
vt 0.283186 0.456029
vt 0.269082 0.455741
vt 0.350921 0.477332
vt 0.337575 0.478903
vt 0.324104 0.479698
vt 0.310489 0.479997
vt 0.296718 0.480048
vt 0.282824 0.479960
vt 0.268846 0.479808
vt 0.351749 0.500843
vt 0.337954 0.502273
vt 0.324153 0.503140
vt 0.310330 0.503602
vt 0.296472 0.503802
vt 0.282585 0.503825
vt 0.268678 0.503742
vt 0.352326 0.525293
vt 0.338233 0.526342
vt 0.324214 0.527025
vt 0.310251 0.527421
vt 0.296328 0.527607
vt 0.282435 0.527641
vt 0.268561 0.527577
vt 0.352647 0.550369
vt 0.338389 0.550876
vt 0.324249 0.551203
vt 0.310208 0.551383
vt 0.296246 0.551446
vt 0.282342 0.551424
vt 0.268477 0.551345
vt 0.240217 0.406831
vt 0.225589 0.407381
vt 0.211327 0.408370
vt 0.197612 0.409789
vt 0.184635 0.411558
vt 0.172606 0.413291
vt 0.161724 0.414311
vt 0.240513 0.431274
vt 0.226201 0.431541
vt 0.212161 0.432018
vt 0.198529 0.432669
vt 0.185426 0.433373
vt 0.172916 0.433678
vt 0.161027 0.432956
vt 0.240703 0.455513
vt 0.226599 0.455574
vt 0.212667 0.455677
vt 0.198992 0.455762
vt 0.185643 0.455702
vt 0.172621 0.455119
vt 0.159903 0.453559
vt 0.240808 0.479583
vt 0.226830 0.479510
vt 0.212936 0.479375
vt 0.199166 0.479102
vt 0.185553 0.478585
vt 0.172087 0.477574
vt 0.158750 0.475789
vt 0.240845 0.503519
vt 0.226939 0.503378
vt 0.213053 0.503131
vt 0.199196 0.502709
vt 0.185376 0.502025
vt 0.171580 0.500937
vt 0.157793 0.499285
vt 0.240832 0.527354
vt 0.226959 0.527195
vt 0.213066 0.526938
vt 0.199145 0.526528
vt 0.185185 0.525908
vt 0.171170 0.525000
vt 0.157083 0.523725
vt 0.240786 0.551122
vt 0.226921 0.550979
vt 0.213018 0.550778
vt 0.199056 0.550490
vt 0.185017 0.550085
vt 0.170880 0.549531
vt 0.156625 0.548795
vt 0.351763 0.767518
vt 0.341162 0.774833
vt 0.328885 0.780728
vt 0.315322 0.785416
vt 0.300802 0.788945
vt 0.285580 0.791367
vt 0.269891 0.792732
vt 0.357231 0.782853
vt 0.345635 0.793263
vt 0.332544 0.801498
vt 0.318234 0.807905
vt 0.302975 0.812716
vt 0.287008 0.816031
vt 0.270571 0.817916
vt 0.363706 0.798843
vt 0.350993 0.811792
vt 0.336900 0.822211
vt 0.321659 0.830387
vt 0.305500 0.836563
vt 0.288656 0.840846
vt 0.271356 0.843306
vt 0.370782 0.815405
vt 0.356920 0.830545
vt 0.341739 0.842994
vt 0.325458 0.852927
vt 0.308298 0.860501
vt 0.290481 0.865795
vt 0.272228 0.868868
vt 0.378187 0.832362
vt 0.363173 0.849559
vt 0.346876 0.863939
vt 0.329511 0.875576
vt 0.311294 0.884538
vt 0.292441 0.890859
vt 0.273168 0.894568
vt 0.385807 0.849603
vt 0.369644 0.868785
vt 0.352219 0.885027
vt 0.333744 0.898321
vt 0.314433 0.908655
vt 0.294500 0.916010
vt 0.274158 0.920369
vt 0.393573 0.867036
vt 0.376261 0.888154
vt 0.357698 0.906212
vt 0.338096 0.921130
vt 0.317666 0.932826
vt 0.296623 0.941219
vt 0.275180 0.946236
vt 0.238052 0.792476
vt 0.222372 0.790859
vt 0.207164 0.788193
vt 0.192664 0.784430
vt 0.179127 0.779525
vt 0.166883 0.773433
vt 0.156322 0.765948
vt 0.237235 0.817648
vt 0.220809 0.815499
vt 0.204861 0.811928
vt 0.189628 0.806872
vt 0.175355 0.800235
vt 0.162309 0.791790
vt 0.150770 0.781194
vt 0.236311 0.843025
vt 0.219025 0.840286
vt 0.202205 0.835733
vt 0.186081 0.829298
vt 0.170886 0.820877
vt 0.156850 0.810232
vt 0.144208 0.797080
vt 0.235299 0.868572
vt 0.217064 0.865205
vt 0.199277 0.859626
vt 0.182159 0.851776
vt 0.165933 0.841582
vt 0.150821 0.828889
vt 0.137042 0.813527
vt 0.234219 0.894255
vt 0.214967 0.890237
vt 0.196150 0.883613
vt 0.177982 0.874359
vt 0.160682 0.862443
vt 0.144464 0.847802
vt 0.129545 0.830364
vt 0.233088 0.920039
vt 0.212771 0.915354
vt 0.192879 0.907679
vt 0.173625 0.897035
vt 0.155224 0.883445
vt 0.137888 0.866923
vt 0.121830 0.847483
vt 0.231924 0.945888
vt 0.210510 0.940527
vt 0.189514 0.931796
vt 0.169149 0.919773
vt 0.149629 0.904541
vt 0.131166 0.886185
vt 0.113970 0.864790
vt 0.142247 0.741592
vt 0.137979 0.723417
vt 0.134540 0.702372
vt 0.131806 0.679120
vt 0.129747 0.654229
vt 0.128334 0.628134
vt 0.127538 0.601239
vt 0.133301 0.750965
vt 0.127228 0.731087
vt 0.122425 0.708644
vt 0.118687 0.684113
vt 0.115881 0.657954
vt 0.113947 0.630582
vt 0.112847 0.602405
vt 0.123973 0.762065
vt 0.116420 0.740270
vt 0.110342 0.716111
vt 0.105573 0.689983
vt 0.101970 0.662283
vt 0.099472 0.633407
vt 0.098037 0.603751
vt 0.114312 0.774196
vt 0.105480 0.750432
vt 0.098219 0.724407
vt 0.092424 0.696497
vt 0.088006 0.667080
vt 0.084918 0.636536
vt 0.083125 0.605245
vt 0.104421 0.786888
vt 0.094389 0.761151
vt 0.086001 0.733213
vt 0.079212 0.703445
vt 0.073984 0.672215
vt 0.070297 0.639896
vt 0.068134 0.606857
vt 0.094363 0.799953
vt 0.083174 0.772244
vt 0.073699 0.742372
vt 0.065945 0.710701
vt 0.059916 0.677596
vt 0.055626 0.643425
vt 0.053083 0.608554
vt 0.084194 0.813265
vt 0.071876 0.783587
vt 0.061341 0.751766
vt 0.052639 0.718162
vt 0.045817 0.683139
vt 0.040921 0.647065
vt 0.037994 0.610306
vt 0.127687 0.546658
vt 0.128631 0.519777
vt 0.130186 0.493707
vt 0.132381 0.468850
vt 0.135242 0.445643
vt 0.138796 0.424653
vt 0.143162 0.406549
vt 0.113004 0.545257
vt 0.114258 0.517099
vt 0.116340 0.489759
vt 0.119290 0.463646
vt 0.123161 0.439176
vt 0.128087 0.416812
vt 0.134268 0.397032
vt 0.098201 0.543673
vt 0.099798 0.514041
vt 0.102454 0.485206
vt 0.106208 0.457565
vt 0.111120 0.431516
vt 0.117330 0.407455
vt 0.125002 0.385782
vt 0.083298 0.541939
vt 0.085262 0.510679
vt 0.088517 0.480186
vt 0.093096 0.450840
vt 0.099042 0.423025
vt 0.106446 0.397118
vt 0.115408 0.373498
vt 0.068316 0.540087
vt 0.070660 0.507084
vt 0.074524 0.474825
vt 0.079922 0.443681
vt 0.086873 0.414023
vt 0.095414 0.386222
vt 0.105586 0.360646
vt 0.053276 0.538148
vt 0.056009 0.503319
vt 0.060486 0.469218
vt 0.066695 0.436212
vt 0.074622 0.404667
vt 0.084260 0.374949
vt 0.095600 0.347421
vt 0.038197 0.536153
vt 0.041324 0.499443
vt 0.046417 0.463449
vt 0.053431 0.428538
vt 0.062316 0.395075
vt 0.073024 0.363424
vt 0.085504 0.333946
vt 0.157370 0.382420
vt 0.167972 0.375105
vt 0.180248 0.369209
vt 0.193812 0.364522
vt 0.208332 0.360993
vt 0.223553 0.358571
vt 0.239242 0.357206
vt 0.151902 0.367084
vt 0.163498 0.356675
vt 0.176590 0.348439
vt 0.190899 0.342032
vt 0.206159 0.337221
vt 0.222126 0.333907
vt 0.238562 0.332021
vt 0.145427 0.351094
vt 0.158141 0.338146
vt 0.172234 0.327727
vt 0.187475 0.319551
vt 0.203633 0.313374
vt 0.220478 0.309092
vt 0.237777 0.306632
vt 0.138351 0.334533
vt 0.152213 0.319392
vt 0.167394 0.306944
vt 0.183675 0.297010
vt 0.200835 0.289436
vt 0.218653 0.284142
vt 0.236905 0.281069
vt 0.130947 0.317576
vt 0.145960 0.300378
vt 0.162257 0.285998
vt 0.179622 0.274361
vt 0.197840 0.265399
vt 0.216693 0.259078
vt 0.235965 0.255370
vt 0.123326 0.300334
vt 0.139489 0.281152
vt 0.156915 0.264910
vt 0.175390 0.251616
vt 0.194701 0.241282
vt 0.214634 0.233927
vt 0.234975 0.229568
vt 0.115561 0.282901
vt 0.132873 0.261784
vt 0.151435 0.243725
vt 0.171037 0.228807
vt 0.191467 0.217112
vt 0.212510 0.208719
vt 0.233953 0.203702
vt 0.271081 0.357461
vt 0.286762 0.359078
vt 0.301970 0.361745
vt 0.316469 0.365507
vt 0.330007 0.370412
vt 0.342251 0.376505
vt 0.352812 0.383990
vt 0.271898 0.332289
vt 0.288324 0.334439
vt 0.304272 0.338009
vt 0.319505 0.343065
vt 0.333779 0.349702
vt 0.346825 0.358147
vt 0.358363 0.368743
vt 0.272822 0.306913
vt 0.290108 0.309651
vt 0.306928 0.314204
vt 0.323052 0.320640
vt 0.338248 0.329060
vt 0.352283 0.339705
vt 0.364926 0.352857
vt 0.273834 0.281366
vt 0.292069 0.284732
vt 0.309857 0.290312
vt 0.326975 0.298161
vt 0.343200 0.308356
vt 0.358313 0.321048
vt 0.372092 0.336411
vt 0.274914 0.255683
vt 0.294166 0.259701
vt 0.312984 0.266324
vt 0.331151 0.275578
vt 0.348452 0.287494
vt 0.364669 0.302135
vt 0.379588 0.319573
vt 0.276046 0.229898
vt 0.296362 0.234584
vt 0.316254 0.242259
vt 0.335508 0.252903
vt 0.353909 0.266493
vt 0.371245 0.283014
vt 0.387303 0.302455
vt 0.277209 0.204049
vt 0.298623 0.209410
vt 0.319620 0.218141
vt 0.339985 0.230164
vt 0.359505 0.245397
vt 0.377968 0.263753
vt 0.395163 0.285148
vt 0.366887 0.408346
vt 0.371154 0.426520
vt 0.374593 0.447566
vt 0.377327 0.470817
vt 0.379386 0.495708
vt 0.380799 0.521803
vt 0.381595 0.548698
vt 0.375833 0.398973
vt 0.381905 0.418851
vt 0.386709 0.441294
vt 0.390446 0.465824
vt 0.393253 0.491984
vt 0.395186 0.519355
vt 0.396286 0.547533
vt 0.385160 0.387872
vt 0.392713 0.409667
vt 0.398791 0.433826
vt 0.403561 0.459954
vt 0.407164 0.487654
vt 0.409662 0.516530
vt 0.411097 0.546187
vt 0.394821 0.375742
vt 0.403653 0.399506
vt 0.410915 0.425530
vt 0.416709 0.453440
vt 0.421127 0.482857
vt 0.424215 0.513402
vt 0.426008 0.544692
vt 0.404712 0.363049
vt 0.414744 0.388787
vt 0.423133 0.416724
vt 0.429921 0.446493
vt 0.435149 0.477722
vt 0.438836 0.510042
vt 0.441000 0.543081
vt 0.414770 0.349985
vt 0.425960 0.377693
vt 0.435434 0.407565
vt 0.443189 0.439237
vt 0.449217 0.472341
vt 0.453508 0.506512
vt 0.456050 0.541384
vt 0.424939 0.336673
vt 0.437258 0.366350
vt 0.447792 0.398172
vt 0.456494 0.431776
vt 0.463317 0.466798
vt 0.468213 0.502872
vt 0.471139 0.539631
vt 0.381446 0.603279
vt 0.380503 0.630160
vt 0.378947 0.656231
vt 0.376753 0.681088
vt 0.373891 0.704295
vt 0.370337 0.725284
vt 0.365971 0.743389
vt 0.396130 0.604680
vt 0.394876 0.632839
vt 0.392793 0.660178
vt 0.389844 0.686292
vt 0.385972 0.710761
vt 0.381046 0.733126
vt 0.374865 0.752905
vt 0.410933 0.606264
vt 0.409335 0.635897
vt 0.406679 0.664731
vt 0.402925 0.692372
vt 0.398013 0.718422
vt 0.391804 0.742483
vt 0.384132 0.764155
vt 0.425835 0.607998
vt 0.423871 0.639259
vt 0.420617 0.669752
vt 0.416038 0.699097
vt 0.410091 0.726912
vt 0.402687 0.752819
vt 0.393726 0.776440
vt 0.440817 0.609851
vt 0.438473 0.642853
vt 0.434609 0.675112
vt 0.429211 0.706257
vt 0.422260 0.735915
vt 0.413720 0.763716
vt 0.403547 0.789292
vt 0.455858 0.611790
vt 0.453125 0.646618
vt 0.448647 0.680719
vt 0.442439 0.713725
vt 0.434511 0.745270
vt 0.424874 0.774989
vt 0.413533 0.802517
vt 0.470936 0.613784
vt 0.467809 0.650495
vt 0.462716 0.686488
vt 0.455702 0.721400
vt 0.446817 0.754862
vt 0.436109 0.786513
vt 0.423629 0.815992
vt 0.855752 0.575664
vt 0.855498 0.601884
vt 0.854839 0.627728
vt 0.853762 0.652821
vt 0.852255 0.676789
vt 0.850332 0.699218
vt 0.848111 0.719537
vt 0.845780 0.736957
vt 0.843905 0.748947
vt 0.742741 0.768007
vt 0.727446 0.767572
vt 0.712370 0.766442
vt 0.697733 0.764596
vt 0.683751 0.762013
vt 0.670668 0.758717
vt 0.658815 0.754909
vt 0.648653 0.750913
vt 0.641659 0.747699
vt 0.630541 0.574274
vt 0.630795 0.548054
vt 0.631454 0.522210
vt 0.632530 0.497117
vt 0.634037 0.473149
vt 0.635960 0.450720
vt 0.638181 0.430401
vt 0.640512 0.412981
vt 0.642387 0.400991
vt 0.743552 0.381931
vt 0.758847 0.382366
vt 0.773922 0.383496
vt 0.788560 0.385342
vt 0.802541 0.387925
vt 0.815625 0.391221
vt 0.827478 0.395029
vt 0.837639 0.399025
vt 0.844633 0.402240
vt 0.836898 0.752074
vt 0.826720 0.755945
vt 0.814851 0.759606
vt 0.801754 0.762742
vt 0.787762 0.765152
vt 0.773117 0.766817
vt 0.758037 0.767761
vt 0.649395 0.397863
vt 0.659573 0.393993
vt 0.671441 0.390331
vt 0.684538 0.387196
vt 0.698530 0.384786
vt 0.713175 0.383121
vt 0.728255 0.382178
vt 0.743146 0.574969
vt 0.743196 0.551238
vt 0.743246 0.527469
vt 0.743296 0.503624
vt 0.743346 0.479666
vt 0.743397 0.455555
vt 0.743448 0.431254
vt 0.743500 0.406725
vt 0.846458 0.414251
vt 0.848715 0.431700
vt 0.850851 0.452046
vt 0.852680 0.474499
vt 0.854086 0.498485
vt 0.855057 0.523590
vt 0.855608 0.549442
vt 0.639835 0.735686
vt 0.637577 0.718238
vt 0.635441 0.697892
vt 0.633612 0.675440
vt 0.632206 0.651453
vt 0.631235 0.626348
vt 0.630684 0.600496
vt 0.742793 0.743213
vt 0.742844 0.718684
vt 0.742895 0.694383
vt 0.742946 0.670272
vt 0.742996 0.646314
vt 0.743046 0.622469
vt 0.743096 0.598700
vt 0.756989 0.575055
vt 0.770854 0.575140
vt 0.784764 0.575226
vt 0.798740 0.575312
vt 0.812805 0.575399
vt 0.826980 0.575486
vt 0.841288 0.575575
vt 0.645004 0.574364
vt 0.659312 0.574451
vt 0.673488 0.574539
vt 0.687552 0.574626
vt 0.701529 0.574712
vt 0.715438 0.574798
vt 0.729303 0.574883
vt 0.890291 0.324530
vt 0.881424 0.339622
vt 0.872756 0.354374
vt 0.864388 0.368617
vt 0.856550 0.381957
vt 0.849589 0.393805
vt 0.743604 0.356846
vt 0.743658 0.331496
vt 0.743711 0.305920
vt 0.743765 0.280157
vt 0.743820 0.254243
vt 0.743874 0.228221
vt 0.637467 0.392496
vt 0.630556 0.380563
vt 0.622774 0.367125
vt 0.614466 0.352780
vt 0.605861 0.337922
vt 0.597057 0.322720
vt 0.615908 0.574184
vt 0.601121 0.574092
vt 0.586201 0.574000
vt 0.571172 0.573908
vt 0.556056 0.573815
vt 0.540876 0.573721
vt 0.636704 0.756133
vt 0.629743 0.767981
vt 0.621904 0.781322
vt 0.613536 0.795564
vt 0.604869 0.810315
vt 0.596001 0.825408
vt 0.742688 0.793092
vt 0.742635 0.818441
vt 0.742581 0.844018
vt 0.742527 0.869781
vt 0.742473 0.895695
vt 0.742418 0.921717
vt 0.848825 0.757442
vt 0.855736 0.769375
vt 0.863518 0.782812
vt 0.871827 0.797158
vt 0.880432 0.812016
vt 0.889235 0.827217
vt 0.870384 0.575754
vt 0.885172 0.575846
vt 0.900091 0.575938
vt 0.915120 0.576030
vt 0.930236 0.576124
vt 0.945416 0.576217
vt 0.729351 0.551149
vt 0.715486 0.551031
vt 0.701582 0.550855
vt 0.687620 0.550593
vt 0.673581 0.550214
vt 0.659444 0.549687
vt 0.645188 0.548977
vt 0.729382 0.527380
vt 0.715508 0.527247
vt 0.701615 0.527015
vt 0.687694 0.526632
vt 0.673733 0.526038
vt 0.659718 0.525156
vt 0.645630 0.523907
vt 0.729379 0.503545
vt 0.715473 0.503430
vt 0.701587 0.503209
vt 0.687730 0.502812
vt 0.673909 0.502155
vt 0.660113 0.501092
vt 0.646325 0.499465
vt 0.729327 0.479609
vt 0.715350 0.479562
vt 0.701455 0.479453
vt 0.687685 0.479206
vt 0.674072 0.478713
vt 0.660605 0.477728
vt 0.647267 0.475967
vt 0.729207 0.455539
vt 0.715103 0.455626
vt 0.701171 0.455756
vt 0.687496 0.455865
vt 0.674147 0.455831
vt 0.661124 0.455272
vt 0.648406 0.453736
vt 0.729001 0.431300
vt 0.714690 0.431594
vt 0.700650 0.432098
vt 0.687018 0.432774
vt 0.673915 0.433502
vt 0.661406 0.433830
vt 0.649517 0.433130
vt 0.728690 0.406858
vt 0.714063 0.407436
vt 0.699801 0.408451
vt 0.686087 0.409895
vt 0.673111 0.411689
vt 0.661083 0.413444
vt 0.650202 0.414484
vt 0.841211 0.550187
vt 0.826953 0.550720
vt 0.812814 0.551074
vt 0.798773 0.551279
vt 0.784810 0.551369
vt 0.770907 0.551373
vt 0.757041 0.551319
vt 0.840874 0.525112
vt 0.826781 0.526187
vt 0.812763 0.526895
vt 0.798800 0.527317
vt 0.784877 0.527530
vt 0.770984 0.527589
vt 0.757110 0.527551
vt 0.840282 0.500663
vt 0.826488 0.502119
vt 0.812687 0.503011
vt 0.798864 0.503498
vt 0.785006 0.503724
vt 0.771119 0.503773
vt 0.757212 0.503716
vt 0.839439 0.477153
vt 0.826093 0.478749
vt 0.812623 0.479569
vt 0.799008 0.479893
vt 0.785237 0.479970
vt 0.771343 0.479908
vt 0.757365 0.479782
vt 0.838393 0.454908
vt 0.825669 0.456288
vt 0.812644 0.456685
vt 0.799295 0.456555
vt 0.785621 0.456277
vt 0.771690 0.455976
vt 0.757586 0.455714
vt 0.837369 0.434290
vt 0.825477 0.434843
vt 0.812969 0.434360
vt 0.799870 0.433470
vt 0.786241 0.432626
vt 0.772204 0.431949
vt 0.757894 0.431479
vt 0.836762 0.415636
vt 0.825885 0.414461
vt 0.813866 0.412558
vt 0.800897 0.410604
vt 0.787190 0.408990
vt 0.772933 0.407799
vt 0.758308 0.407041
vt 0.836091 0.735453
vt 0.825209 0.736494
vt 0.813182 0.738249
vt 0.800205 0.740042
vt 0.786492 0.741487
vt 0.772230 0.742502
vt 0.757602 0.743080
vt 0.836776 0.716808
vt 0.824886 0.716107
vt 0.812377 0.716436
vt 0.799274 0.717165
vt 0.785642 0.717840
vt 0.771603 0.718344
vt 0.757291 0.718637
vt 0.837886 0.696202
vt 0.825168 0.694666
vt 0.812145 0.694107
vt 0.798796 0.694072
vt 0.785122 0.694182
vt 0.771189 0.694311
vt 0.757085 0.694399
vt 0.839026 0.673971
vt 0.825687 0.672210
vt 0.812221 0.671224
vt 0.798607 0.670732
vt 0.784837 0.670485
vt 0.770943 0.670376
vt 0.756965 0.670329
vt 0.839967 0.650472
vt 0.826180 0.648846
vt 0.812383 0.647783
vt 0.798562 0.647126
vt 0.784706 0.646729
vt 0.770819 0.646508
vt 0.756913 0.646394
vt 0.840662 0.626031
vt 0.826574 0.624782
vt 0.812559 0.623901
vt 0.798598 0.623306
vt 0.784677 0.622922
vt 0.770784 0.622691
vt 0.756911 0.622558
vt 0.841104 0.600961
vt 0.826849 0.600251
vt 0.812712 0.599724
vt 0.798672 0.599344
vt 0.784710 0.599083
vt 0.770807 0.598907
vt 0.756942 0.598790
vt 0.727984 0.742897
vt 0.713360 0.742139
vt 0.699102 0.740948
vt 0.685395 0.739334
vt 0.672427 0.737381
vt 0.660407 0.735477
vt 0.649530 0.734302
vt 0.728398 0.718459
vt 0.714088 0.717989
vt 0.700051 0.717312
vt 0.686422 0.716468
vt 0.673323 0.715578
vt 0.660815 0.715095
vt 0.648923 0.715648
vt 0.728706 0.694224
vt 0.714603 0.693962
vt 0.700671 0.693661
vt 0.686997 0.693383
vt 0.673649 0.693253
vt 0.660624 0.693651
vt 0.647899 0.695030
vt 0.728927 0.670156
vt 0.714950 0.670030
vt 0.701055 0.669968
vt 0.687284 0.670045
vt 0.673669 0.670370
vt 0.660199 0.671189
vt 0.646853 0.672785
vt 0.729080 0.646222
vt 0.715173 0.646165
vt 0.701286 0.646214
vt 0.687428 0.646440
vt 0.673605 0.646927
vt 0.659805 0.647819
vt 0.646010 0.649276
vt 0.729182 0.622387
vt 0.715308 0.622349
vt 0.701415 0.622409
vt 0.687492 0.622620
vt 0.673530 0.623043
vt 0.659511 0.623751
vt 0.645418 0.624826
vt 0.729251 0.598619
vt 0.715386 0.598566
vt 0.701482 0.598569
vt 0.687519 0.598658
vt 0.673479 0.598864
vt 0.659340 0.599218
vt 0.645082 0.599751
vt 0.841270 0.383807
vt 0.830704 0.376342
vt 0.818457 0.370272
vt 0.804916 0.365392
vt 0.790414 0.361657
vt 0.775205 0.359019
vt 0.759523 0.357431
vt 0.846812 0.368550
vt 0.835267 0.357976
vt 0.822215 0.349555
vt 0.807938 0.342945
vt 0.792702 0.337917
vt 0.776751 0.334376
vt 0.760324 0.332257
vt 0.853364 0.352653
vt 0.840714 0.339524
vt 0.826671 0.328905
vt 0.811470 0.320513
vt 0.795342 0.314107
vt 0.778519 0.309586
vt 0.761232 0.306879
vt 0.860520 0.336192
vt 0.846731 0.320855
vt 0.831611 0.308191
vt 0.815379 0.298027
vt 0.798256 0.290209
vt 0.780465 0.284663
vt 0.762227 0.281331
vt 0.868006 0.319341
vt 0.853076 0.301931
vt 0.836849 0.287320
vt 0.819541 0.275436
vt 0.801368 0.266216
vt 0.782546 0.259627
vt 0.763292 0.255645
vt 0.875710 0.302208
vt 0.859640 0.282797
vt 0.842293 0.266308
vt 0.823883 0.252753
vt 0.804623 0.242145
vt 0.784726 0.234506
vt 0.764406 0.229859
vt 0.727684 0.357234
vt 0.711996 0.358629
vt 0.696775 0.361079
vt 0.682258 0.364635
vt 0.668697 0.369348
vt 0.656425 0.375266
vt 0.645828 0.382601
vt 0.726988 0.332052
vt 0.710552 0.333968
vt 0.694588 0.337312
vt 0.679331 0.342151
vt 0.665026 0.348585
vt 0.651939 0.356845
vt 0.640350 0.367276
vt 0.726187 0.306663
vt 0.708889 0.309156
vt 0.692047 0.313469
vt 0.675893 0.319676
vt 0.660657 0.327881
vt 0.646570 0.338325
vt 0.633865 0.351298
vt 0.725299 0.281103
vt 0.707048 0.284210
vt 0.689234 0.289536
vt 0.672079 0.297143
vt 0.655804 0.307106
vt 0.640631 0.319583
vt 0.626778 0.334750
vt 0.724342 0.255405
vt 0.705072 0.259149
vt 0.686223 0.265505
vt 0.668011 0.274501
vt 0.650654 0.286170
vt 0.634366 0.300581
vt 0.619363 0.317807
vt 0.723336 0.229605
vt 0.702997 0.234002
vt 0.683069 0.241394
vt 0.663764 0.251764
vt 0.645298 0.265092
vt 0.627883 0.281367
vt 0.611732 0.300579
vt 0.631635 0.406756
vt 0.627280 0.424869
vt 0.623740 0.445865
vt 0.620893 0.469077
vt 0.618714 0.493938
vt 0.617175 0.520012
vt 0.616249 0.546894
vt 0.622735 0.397257
vt 0.616567 0.417048
vt 0.611655 0.439422
vt 0.607799 0.463898
vt 0.604866 0.490017
vt 0.602800 0.517360
vt 0.601564 0.545521
vt 0.613462 0.386023
vt 0.605803 0.407711
vt 0.599609 0.431783
vt 0.594713 0.457842
vt 0.590977 0.485490
vt 0.588339 0.514330
vt 0.586761 0.543964
vt 0.603860 0.373757
vt 0.594913 0.397394
vt 0.587526 0.423315
vt 0.581597 0.451141
vt 0.577036 0.480495
vt 0.573801 0.510994
vt 0.571857 0.542258
vt 0.594030 0.360923
vt 0.583874 0.386518
vt 0.575351 0.414335
vt 0.568419 0.444006
vt 0.563040 0.475161
vt 0.559197 0.507427
vt 0.556874 0.540434
vt 0.584036 0.347717
vt 0.572713 0.375266
vt 0.563094 0.405002
vt 0.555187 0.436562
vt 0.548999 0.469580
vt 0.544543 0.503689
vt 0.541832 0.538523
vt 0.616134 0.601476
vt 0.616948 0.628370
vt 0.618377 0.654462
vt 0.620452 0.679348
vt 0.623201 0.702595
vt 0.626653 0.723634
vt 0.630932 0.741801
vt 0.601444 0.602669
vt 0.602562 0.630844
vt 0.604513 0.658212
vt 0.607336 0.684366
vt 0.611089 0.708890
vt 0.615907 0.731324
vt 0.621992 0.751191
vt 0.586634 0.604042
vt 0.588088 0.633696
vt 0.590605 0.662567
vt 0.594225 0.690261
vt 0.599011 0.716380
vt 0.605104 0.740528
vt 0.612671 0.762309
vt 0.571724 0.605564
vt 0.573537 0.636852
vt 0.576644 0.667390
vt 0.581081 0.696799
vt 0.586893 0.724698
vt 0.594171 0.750709
vt 0.603018 0.774456
vt 0.556734 0.607204
vt 0.558918 0.640239
vt 0.562626 0.672552
vt 0.567873 0.703771
vt 0.574680 0.733527
vt 0.583086 0.761449
vt 0.593135 0.787168
vt 0.541684 0.608929
vt 0.544249 0.643796
vt 0.548561 0.677958
vt 0.554610 0.711052
vt 0.562385 0.742709
vt 0.571878 0.772563
vt 0.583085 0.800251
vt 0.645022 0.766130
vt 0.655588 0.773596
vt 0.667836 0.779666
vt 0.681376 0.784545
vt 0.695878 0.788281
vt 0.711088 0.790919
vt 0.726770 0.792507
vt 0.639480 0.781388
vt 0.651025 0.791962
vt 0.664077 0.800383
vt 0.678355 0.806993
vt 0.693591 0.812021
vt 0.709541 0.815562
vt 0.725968 0.817681
vt 0.632928 0.797286
vt 0.645579 0.810414
vt 0.659621 0.821033
vt 0.674822 0.829425
vt 0.690950 0.835831
vt 0.707773 0.840353
vt 0.725060 0.843059
vt 0.625773 0.813746
vt 0.639561 0.829083
vt 0.654681 0.841747
vt 0.670913 0.851911
vt 0.688036 0.859729
vt 0.705828 0.865275
vt 0.724065 0.868608
vt 0.618286 0.830597
vt 0.633217 0.848007
vt 0.649443 0.862618
vt 0.666751 0.874502
vt 0.684925 0.883722
vt 0.703747 0.890311
vt 0.723001 0.894293
vt 0.610583 0.847730
vt 0.626653 0.867140
vt 0.643999 0.883630
vt 0.662409 0.897185
vt 0.681669 0.907793
vt 0.701566 0.915432
vt 0.721886 0.920079
vt 0.758609 0.792704
vt 0.774297 0.791309
vt 0.789517 0.788859
vt 0.804034 0.785303
vt 0.817595 0.780590
vt 0.829868 0.774672
vt 0.840465 0.767337
vt 0.759304 0.817886
vt 0.775740 0.815970
vt 0.791705 0.812626
vt 0.806962 0.807787
vt 0.821267 0.801353
vt 0.834353 0.793094
vt 0.845942 0.782662
vt 0.760106 0.843275
vt 0.777404 0.840782
vt 0.794245 0.836468
vt 0.810400 0.830262
vt 0.825636 0.822057
vt 0.839722 0.811612
vt 0.852428 0.798640
vt 0.760994 0.868835
vt 0.779244 0.865728
vt 0.797059 0.860401
vt 0.814214 0.852795
vt 0.830488 0.842832
vt 0.845662 0.830354
vt 0.859514 0.815189
vt 0.761950 0.894533
vt 0.781220 0.890789
vt 0.800069 0.884433
vt 0.818281 0.875437
vt 0.835639 0.863768
vt 0.851926 0.849357
vt 0.866929 0.832132
vt 0.762957 0.920333
vt 0.783295 0.915936
vt 0.803224 0.908544
vt 0.822528 0.898174
vt 0.840995 0.884846
vt 0.858410 0.868571
vt 0.874561 0.849359
vt 0.854657 0.743181
vt 0.859012 0.725069
vt 0.862553 0.704073
vt 0.865399 0.680860
vt 0.867578 0.656000
vt 0.869117 0.629926
vt 0.870043 0.603043
vt 0.863557 0.752682
vt 0.869726 0.732890
vt 0.874638 0.710517
vt 0.878494 0.686040
vt 0.881426 0.659921
vt 0.883492 0.632578
vt 0.884728 0.604417
vt 0.872831 0.763914
vt 0.880489 0.742228
vt 0.886683 0.718155
vt 0.891579 0.692096
vt 0.895316 0.664448
vt 0.897953 0.635608
vt 0.899532 0.605973
vt 0.882433 0.776181
vt 0.891379 0.752544
vt 0.898767 0.726623
vt 0.904696 0.698797
vt 0.909256 0.669443
vt 0.912492 0.638944
vt 0.914435 0.607680
vt 0.892263 0.789014
vt 0.902419 0.763420
vt 0.910942 0.735602
vt 0.917874 0.705931
vt 0.923252 0.674777
vt 0.927095 0.642511
vt 0.929419 0.609504
vt 0.902257 0.802220
vt 0.913580 0.774672
vt 0.923198 0.744936
vt 0.931106 0.713376
vt 0.937294 0.680358
vt 0.941749 0.646249
vt 0.944461 0.611415
vt 0.870158 0.548462
vt 0.869345 0.521568
vt 0.867915 0.495476
vt 0.865841 0.470589
vt 0.863092 0.447342
vt 0.859639 0.426303
vt 0.855361 0.408137
vt 0.884848 0.547269
vt 0.883730 0.519094
vt 0.881780 0.491726
vt 0.878957 0.465571
vt 0.875203 0.441048
vt 0.870386 0.418614
vt 0.864300 0.398747
vt 0.899658 0.545896
vt 0.898204 0.516242
vt 0.895688 0.487370
vt 0.892067 0.459677
vt 0.887281 0.433558
vt 0.881188 0.409410
vt 0.873621 0.387629
vt 0.914568 0.544374
vt 0.912756 0.513086
vt 0.909648 0.482548
vt 0.905212 0.453139
vt 0.899400 0.425240
vt 0.892121 0.399229
vt 0.883274 0.375481
vt 0.929559 0.542734
vt 0.927374 0.509699
vt 0.923667 0.477386
vt 0.918419 0.446166
vt 0.911612 0.416411
vt 0.903206 0.388489
vt 0.893158 0.362770
vt 0.944608 0.541009
vt 0.942044 0.506142
vt 0.937731 0.471979
vt 0.931682 0.438886
vt 0.923908 0.407229
vt 0.914414 0.377375
vt 0.903207 0.349687
s 1
usemtl 1_Frank
f 17/17/1 18/18/2 25/25/3 24/24/3
f 18/18/2 19/19/4 26/26/3 25/25/3
f 19/19/4 20/20/5 27/27/3 26/26/3
f 20/20/5 21/21/6 28/28/3 27/27/3
f 21/21/6 22/22/7 29/29/3 28/28/3
f 22/22/7 23/23/8 30/30/3 29/29/3
f 23/23/8 3/3/9 4/4/3 30/30/3
f 194/194/10 308/367/11 435/560/12 321/387/13
f 224/241/14 226/244/15 353/437/16 351/434/17
f 220/235/18 222/239/19 349/432/20 347/428/21
f 218/232/22 220/235/18 347/428/21 345/425/23
f 216/229/24 218/232/22 345/425/23 343/422/25
f 214/226/26 216/229/24 343/422/25 341/419/27
f 212/223/28 214/226/26 341/419/27 339/416/29
f 236/259/30 195/197/31 324/392/32 363/452/33
f 2/2/34 17/17/1 24/24/3 1/1/3
f 31/31/35 32/32/36 39/39/3 38/38/3
f 32/32/36 33/33/37 40/40/3 39/39/3
f 33/33/37 34/34/38 41/41/3 40/40/3
f 34/34/38 35/35/39 42/42/3 41/41/3
f 35/35/39 36/36/40 43/43/3 42/42/3
f 36/36/40 37/37/41 44/44/3 43/43/3
f 37/37/41 5/5/42 6/6/3 44/44/3
f 6/6/3 52/52/3 293/345/43 208/218/44
f 143/143/45 350/433/46 322/390/47 130/130/48
f 318/382/49 320/385/50 447/578/51 445/575/52
f 316/379/53 318/382/49 445/575/52 443/572/54
f 314/376/55 316/379/53 443/572/54 441/569/56
f 312/373/57 314/376/55 441/569/56 439/566/58
f 310/370/59 312/373/57 439/566/58 437/563/60
f 195/197/31 210/220/61 337/413/62 324/392/32
f 3/3/9 31/31/35 38/38/3 4/4/3
f 45/45/63 46/46/64 53/53/3 52/52/3
f 46/46/64 47/47/65 54/54/3 53/53/3
f 47/47/65 48/48/66 55/55/3 54/54/3
f 48/48/66 49/49/67 56/56/3 55/55/3
f 49/49/67 50/50/68 57/57/3 56/56/3
f 50/50/68 51/51/69 58/58/3 57/57/3
f 51/51/69 7/7/70 8/8/3 58/58/3
f 8/8/3 66/66/3 279/324/71 206/215/72
f 308/367/11 310/370/59 437/563/60 435/560/12
f 304/361/73 306/364/74 433/557/75 431/554/76
f 302/358/77 304/361/73 431/554/76 429/551/78
f 300/355/79 302/358/77 429/551/78 427/548/80
f 298/352/81 300/355/79 427/548/80 425/545/82
f 296/349/83 298/352/81 425/545/82 423/542/84
f 320/385/50 207/216/85 336/411/86 447/578/51
f 5/5/42 45/45/63 52/52/3 6/6/3
f 59/59/87 60/60/88 67/67/3 66/66/3
f 60/60/88 61/61/89 68/68/3 67/67/3
f 61/61/89 62/62/90 69/69/3 68/68/3
f 62/62/90 63/63/91 70/70/3 69/69/3
f 63/63/91 64/64/92 71/71/3 70/70/3
f 64/64/92 65/65/93 72/72/3 71/71/3
f 65/65/93 9/9/94 10/10/3 72/72/3
f 10/10/3 80/80/3 265/303/95 204/212/96
f 294/346/97 296/349/83 423/542/84 421/539/98
f 290/340/99 292/343/100 419/536/101 417/533/102
f 288/337/103 290/340/99 417/533/102 415/530/104
f 286/334/105 288/337/103 415/530/104 413/527/106
f 284/331/107 286/334/105 413/527/106 411/524/108
f 282/328/109 284/331/107 411/524/108 409/521/110
f 306/364/74 205/213/111 334/408/112 433/557/75
f 7/7/70 59/59/87 66/66/3 8/8/3
f 73/73/113 74/74/114 81/81/3 80/80/3
f 74/74/114 75/75/115 82/82/3 81/81/3
f 75/75/115 76/76/116 83/83/3 82/82/3
f 76/76/116 77/77/117 84/84/3 83/83/3
f 77/77/117 78/78/118 85/85/3 84/84/3
f 78/78/118 79/79/119 86/86/3 85/85/3
f 79/79/119 11/11/120 12/12/3 86/86/3
f 12/12/3 94/94/3 251/282/121 202/209/122
f 280/325/123 282/328/109 409/521/110 407/518/124
f 276/319/125 278/322/126 405/515/127 403/512/128
f 274/316/129 276/319/125 403/512/128 401/509/130
f 272/313/131 274/316/129 401/509/130 399/506/132
f 270/310/133 272/313/131 399/506/132 397/503/134
f 268/307/135 270/310/133 397/503/134 395/500/136
f 292/343/100 203/210/137 332/405/138 419/536/101
f 9/9/94 73/73/113 80/80/3 10/10/3
f 87/87/139 88/88/140 95/95/3 94/94/3
f 88/88/140 89/89/141 96/96/3 95/95/3
f 89/89/141 90/90/142 97/97/3 96/96/3
f 90/90/142 91/91/143 98/98/3 97/97/3
f 91/91/143 92/92/144 99/99/3 98/98/3
f 92/92/144 93/93/145 100/100/3 99/99/3
f 93/93/145 13/13/146 14/14/3 100/100/3
f 14/14/3 108/108/3 237/261/147 200/205/148
f 266/304/149 268/307/135 395/500/136 393/497/150
f 262/298/151 264/301/152 391/494/153 389/491/154
f 260/295/155 262/298/151 389/491/154 387/488/156
f 258/292/157 260/295/155 387/488/156 385/485/158
f 256/289/159 258/292/157 385/485/158 383/482/160
f 254/286/161 256/289/159 383/482/160 381/479/162
f 278/322/126 201/206/163 330/401/164 405/515/127
f 11/11/120 87/87/139 94/94/3 12/12/3
f 101/101/165 102/102/166 109/109/3 108/108/3
f 102/102/166 103/103/167 110/110/3 109/109/3
f 103/103/167 104/104/168 111/111/3 110/110/3
f 104/104/168 105/105/169 112/112/3 111/111/3
f 105/105/169 106/106/170 113/113/3 112/112/3
f 106/106/170 107/107/171 114/114/3 113/113/3
f 115/115/172 15/15/173 1326/1458/174 1852/1984/175
f 101/101/165 13/13/146 1320/1452/176 1810/1942/177
f 87/87/139 11/11/120 1314/1446/178 1768/1900/179
f 73/73/113 9/9/94 1308/1440/180 1726/1858/181
f 59/59/87 7/7/70 1302/1434/182 1684/1816/183
f 45/45/63 5/5/42 1296/1428/184 1642/1774/185
f 31/31/35 3/3/9 1290/1422/186 1600/1732/187
f 17/17/1 2/2/34 1279/1411/188 1558/1690/189
f 121/121/190 120/120/191 1857/1989/192 1858/1990/193
f 107/107/171 106/106/170 1815/1947/194 1816/1948/195
f 2/2/34 121/121/190 1858/1990/193 1279/1411/188
f 107/107/171 15/15/173 16/16/3 114/114/3
f 16/16/3 122/122/3 223/240/196 198/202/197
f 252/283/198 254/286/161 381/479/162 379/476/199
f 248/277/200 250/280/201 377/473/202 375/470/203
f 246/274/204 248/277/200 375/470/203 373/467/205
f 244/271/206 246/274/204 373/467/205 371/464/207
f 242/268/208 244/271/206 371/464/207 369/461/209
f 240/265/210 242/268/208 369/461/209 367/458/211
f 264/301/152 199/203/212 328/398/213 391/494/153
f 13/13/146 101/101/165 108/108/3 14/14/3
f 93/93/145 92/92/144 1773/1905/214 1774/1906/215
f 15/15/173 107/107/171 1816/1948/195 1326/1458/174
f 79/79/119 78/78/118 1731/1863/216 1732/1864/217
f 13/13/146 93/93/145 1774/1906/215 1320/1452/176
f 11/11/120 79/79/119 1732/1864/217 1314/1446/178
f 65/65/93 64/64/92 1689/1821/218 1690/1822/219
f 9/9/94 65/65/93 1690/1822/219 1308/1440/180
f 51/51/69 50/50/68 1647/1779/220 1648/1780/221
f 120/120/191 119/119/222 1856/1988/223 1857/1989/192
f 7/7/70 51/51/69 1648/1780/221 1302/1434/182
f 37/37/41 36/36/40 1605/1737/224 1606/1738/225
f 106/106/170 105/105/169 1814/1946/226 1815/1947/194
f 5/5/42 37/37/41 1606/1738/225 1296/1428/184
f 23/23/8 22/22/7 1563/1695/227 1564/1696/228
f 92/92/144 91/91/143 1772/1904/229 1773/1905/214
f 78/78/118 77/77/117 1730/1862/230 1731/1863/216
f 3/3/9 23/23/8 1564/1696/228 1290/1422/186
f 64/64/92 63/63/91 1688/1820/231 1689/1821/218
f 50/50/68 49/49/67 1646/1778/232 1647/1779/220
f 119/119/222 118/118/233 1855/1987/234 1856/1988/223
f 36/36/40 35/35/39 1604/1736/235 1605/1737/224
f 105/105/169 104/104/168 1813/1945/236 1814/1946/226
f 22/22/7 21/21/6 1562/1694/237 1563/1695/227
f 91/91/143 90/90/142 1771/1903/238 1772/1904/229
f 77/77/117 76/76/116 1729/1861/239 1730/1862/230
f 63/63/91 62/62/90 1687/1819/240 1688/1820/231
f 49/49/67 48/48/66 1645/1777/241 1646/1778/232
f 118/118/233 117/117/242 1854/1986/243 1855/1987/234
f 35/35/39 34/34/38 1603/1735/244 1604/1736/235
f 104/104/168 103/103/167 1812/1944/245 1813/1945/236
f 21/21/6 20/20/5 1561/1693/246 1562/1694/237
f 90/90/142 89/89/141 1770/1902/247 1771/1903/238
f 76/76/116 75/75/115 1728/1860/248 1729/1861/239
f 62/62/90 61/61/89 1686/1818/249 1687/1819/240
f 48/48/66 47/47/65 1644/1776/250 1645/1777/241
f 115/115/172 116/116/251 123/123/3 122/122/3
f 116/116/251 117/117/242 124/124/3 123/123/3
f 117/117/242 118/118/233 125/125/3 124/124/3
f 118/118/233 119/119/222 126/126/3 125/125/3
f 119/119/222 120/120/191 127/127/3 126/126/3
f 120/120/191 121/121/190 128/128/3 127/127/3
f 117/117/242 116/116/251 1853/1985/252 1854/1986/243
f 34/34/38 33/33/37 1602/1734/253 1603/1735/244
f 103/103/167 102/102/166 1811/1943/254 1812/1944/245
f 20/20/5 19/19/4 1560/1692/255 1561/1693/246
f 89/89/141 88/88/140 1769/1901/256 1770/1902/247
f 75/75/115 74/74/114 1727/1859/257 1728/1860/248
f 61/61/89 60/60/88 1685/1817/258 1686/1818/249
f 47/47/65 46/46/64 1643/1775/259 1644/1776/250
f 116/116/251 115/115/172 1852/1984/175 1853/1985/252
f 33/33/37 32/32/36 1601/1733/260 1602/1734/253
f 102/102/166 101/101/165 1810/1942/177 1811/1943/254
f 19/19/4 18/18/2 1559/1691/261 1560/1692/255
f 88/88/140 87/87/139 1768/1900/179 1769/1901/256
f 121/121/190 2/2/34 1/1/3 128/128/3
f 1/1/3 24/24/3 209/219/262 196/199/263
f 238/262/264 240/265/210 367/458/211 365/455/265
f 234/256/266 236/259/30 363/452/33 361/449/267
f 232/253/268 234/256/266 361/449/267 359/446/269
f 230/250/270 232/253/268 359/446/269 357/443/271
f 228/247/272 230/250/270 357/443/271 355/440/273
f 226/244/15 228/247/272 355/440/273 353/437/16
f 250/280/201 197/200/274 326/395/275 377/473/202
f 15/15/173 115/115/172 122/122/3 16/16/3
f 74/74/114 73/73/113 1726/1858/181 1727/1859/257
f 60/60/88 59/59/87 1684/1816/183 1685/1817/258
f 46/46/64 45/45/63 1642/1774/185 1643/1775/259
f 32/32/36 31/31/35 1600/1732/187 1601/1733/260
f 18/18/2 17/17/1 1558/1690/189 1559/1691/261
f 130/130/48 322/390/47 436/562/276 144/144/277
f 186/186/278 352/436/279 354/439/280 187/187/281
f 142/142/282 348/430/283 350/433/46 143/143/45
f 141/141/284 346/427/285 348/430/283 142/142/282
f 140/140/286 344/424/287 346/427/285 141/141/284
f 139/139/288 342/421/289 344/424/287 140/140/286
f 138/138/290 340/418/291 342/421/289 139/139/288
f 192/192/292 364/454/293 323/391/294 129/129/295
f 137/137/296 338/415/297 340/418/291 138/138/290
f 149/149/298 446/577/299 448/580/300 150/150/301
f 148/148/302 444/574/303 446/577/299 149/149/298
f 147/147/304 442/571/305 444/574/303 148/148/302
f 146/146/306 440/568/307 442/571/305 147/147/304
f 145/145/308 438/565/309 440/568/307 146/146/306
f 129/129/295 323/391/294 338/415/297 137/137/296
f 131/131/310 335/410/311 422/541/312 151/151/313
f 144/144/277 436/562/276 438/565/309 145/145/308
f 156/156/314 432/556/315 434/559/316 157/157/317
f 155/155/318 430/553/319 432/556/315 156/156/314
f 154/154/320 428/550/321 430/553/319 155/155/318
f 153/153/322 426/547/323 428/550/321 154/154/320
f 152/152/324 424/544/325 426/547/323 153/153/322
f 150/150/301 448/580/300 335/410/311 131/131/310
f 132/132/326 333/407/327 408/520/328 158/158/329
f 151/151/313 422/541/312 424/544/325 152/152/324
f 163/163/330 418/535/331 420/538/332 164/164/333
f 162/162/334 416/532/335 418/535/331 163/163/330
f 161/161/336 414/529/337 416/532/335 162/162/334
f 160/160/338 412/526/339 414/529/337 161/161/336
f 159/159/340 410/523/341 412/526/339 160/160/338
f 157/157/317 434/559/316 333/407/327 132/132/326
f 133/133/342 331/404/343 394/499/344 165/165/345
f 158/158/329 408/520/328 410/523/341 159/159/340
f 170/170/346 404/514/347 406/517/348 171/171/349
f 169/169/350 402/511/351 404/514/347 170/170/346
f 168/168/352 400/508/353 402/511/351 169/169/350
f 167/167/354 398/505/355 400/508/353 168/168/352
f 166/166/356 396/502/357 398/505/355 167/167/354
f 164/164/333 420/538/332 331/404/343 133/133/342
f 134/134/358 329/400/359 380/478/360 172/172/361
f 165/165/345 394/499/344 396/502/357 166/166/356
f 177/177/362 390/493/363 392/496/364 178/178/365
f 176/176/366 388/490/367 390/493/363 177/177/362
f 175/175/368 386/487/369 388/490/367 176/176/366
f 174/174/370 384/484/371 386/487/369 175/175/368
f 173/173/372 382/481/373 384/484/371 174/174/370
f 171/171/349 406/517/348 329/400/359 134/134/358
f 191/191/374 192/192/292 1185/1317/375 1184/1316/376
f 184/184/377 185/185/378 1136/1268/379 1135/1267/380
f 135/135/381 327/397/382 366/457/383 179/179/384
f 172/172/361 380/478/360 382/481/373 173/173/372
f 184/184/377 376/472/385 378/475/386 185/185/378
f 183/183/387 374/469/388 376/472/385 184/184/377
f 182/182/389 372/466/390 374/469/388 183/183/387
f 181/181/391 370/463/392 372/466/390 182/182/389
f 180/180/393 368/460/394 370/463/392 181/181/391
f 178/178/365 392/496/364 327/397/382 135/135/381
f 177/177/362 178/178/365 1087/1219/395 1086/1218/396
f 170/170/346 171/171/349 1038/1170/397 1037/1169/398
f 163/163/330 164/164/333 989/1121/399 988/1120/400
f 156/156/314 157/157/317 940/1072/401 939/1071/402
f 190/190/403 191/191/374 1184/1316/376 1183/1315/404
f 149/149/298 150/150/301 891/1023/405 890/1022/406
f 183/183/387 184/184/377 1135/1267/380 1134/1266/407
f 142/142/282 143/143/45 842/974/408 841/973/409
f 176/176/366 177/177/362 1086/1218/396 1085/1217/410
f 169/169/350 170/170/346 1037/1169/398 1036/1168/411
f 162/162/334 163/163/330 988/1120/400 987/1119/412
f 155/155/318 156/156/314 939/1071/402 938/1070/413
f 189/189/414 190/190/403 1183/1315/404 1182/1314/415
f 148/148/302 149/149/298 890/1022/406 889/1021/416
f 182/182/389 183/183/387 1134/1266/407 1133/1265/417
f 141/141/284 142/142/282 841/973/409 840/972/418
f 175/175/368 176/176/366 1085/1217/410 1084/1216/419
f 168/168/352 169/169/350 1036/1168/411 1035/1167/420
f 161/161/336 162/162/334 987/1119/412 986/1118/421
f 154/154/320 155/155/318 938/1070/413 937/1069/422
f 188/188/423 189/189/414 1182/1314/415 1181/1313/424
f 147/147/304 148/148/302 889/1021/416 888/1020/425
f 181/181/391 182/182/389 1133/1265/417 1132/1264/426
f 140/140/286 141/141/284 840/972/418 839/971/427
f 174/174/370 175/175/368 1084/1216/419 1083/1215/428
f 167/167/354 168/168/352 1035/1167/420 1034/1166/429
f 160/160/338 161/161/336 986/1118/421 985/1117/430
f 153/153/322 154/154/320 937/1069/422 936/1068/431
f 187/187/281 188/188/423 1181/1313/424 1180/1312/432
f 146/146/306 147/147/304 888/1020/425 887/1019/433
f 180/180/393 181/181/391 1132/1264/426 1131/1263/434
f 173/173/372 174/174/370 1083/1215/428 1082/1214/435
f 139/139/288 140/140/286 839/971/427 838/970/436
f 166/166/356 167/167/354 1034/1166/429 1033/1165/437
f 159/159/340 160/160/338 985/1117/430 984/1116/438
f 152/152/324 153/153/322 936/1068/431 935/1067/439
f 186/186/278 187/187/281 1180/1312/432 1179/1311/440
f 145/145/308 146/146/306 887/1019/433 886/1018/441
f 179/179/384 180/180/393 1131/1263/434 1130/1262/442
f 138/138/290 139/139/288 838/970/436 837/969/443
f 172/172/361 173/173/372 1082/1214/435 1081/1213/444
f 165/165/345 166/166/356 1033/1165/437 1032/1164/445
f 158/158/329 159/159/340 984/1116/438 983/1115/446
f 151/151/313 152/152/324 935/1067/439 934/1066/447
f 144/144/277 145/145/308 886/1018/441 885/1017/448
f 137/137/296 138/138/290 837/969/443 836/968/449
f 136/136/450 186/186/278 1179/1311/440 597/729/451
f 135/135/381 179/179/384 1130/1262/442 590/722/452
f 134/134/358 172/172/361 1081/1213/444 583/715/453
f 133/133/342 165/165/345 1032/1164/445 576/708/454
f 132/132/326 158/158/329 983/1115/446 569/701/455
f 131/131/310 151/151/313 934/1066/447 562/694/456
f 192/192/292 129/129/295 542/674/457 1185/1317/375
f 130/130/48 144/144/277 885/1017/448 555/687/458
f 185/185/378 136/136/450 597/729/451 1136/1268/379
f 129/129/295 137/137/296 836/968/449 542/674/457
f 136/136/450 325/394/459 352/436/279 186/186/278
f 179/179/384 366/457/383 368/460/394 180/180/393
f 191/191/374 362/451/460 364/454/293 192/192/292
f 190/190/403 360/448/461 362/451/460 191/191/374
f 189/189/414 358/445/462 360/448/461 190/190/403
f 188/188/423 356/442/463 358/445/462 189/189/414
f 187/187/281 354/439/280 356/442/463 188/188/423
f 185/185/378 378/475/386 325/394/459 136/136/450
f 178/178/365 135/135/381 590/722/452 1087/1219/395
f 171/171/349 134/134/358 583/715/453 1038/1170/397
f 164/164/333 133/133/342 576/708/454 989/1121/399
f 157/157/317 132/132/326 569/701/455 940/1072/401
f 150/150/301 131/131/310 562/694/456 891/1023/405
f 143/143/45 130/130/48 555/687/458 842/974/408
f 128/128/3 1/1/3 196/199/263 235/258/464
f 24/24/3 25/25/3 211/222/465 209/219/262
f 25/25/3 26/26/3 213/225/466 211/222/465
f 26/26/3 27/27/3 215/228/467 213/225/466
f 27/27/3 28/28/3 217/231/468 215/228/467
f 28/28/3 29/29/3 219/234/469 217/231/468
f 29/29/3 30/30/3 221/237/470 219/234/469
f 30/30/3 4/4/3 193/193/471 221/237/470
f 114/114/3 16/16/3 198/202/197 249/279/472
f 122/122/3 123/123/3 225/243/473 223/240/196
f 123/123/3 124/124/3 227/246/474 225/243/473
f 124/124/3 125/125/3 229/249/475 227/246/474
f 125/125/3 126/126/3 231/252/476 229/249/475
f 126/126/3 127/127/3 233/255/477 231/252/476
f 127/127/3 128/128/3 235/258/464 233/255/477
f 197/200/274 224/241/14 351/434/17 326/395/275
f 100/100/3 14/14/3 200/205/148 263/300/478
f 108/108/3 109/109/3 239/264/479 237/261/147
f 109/109/3 110/110/3 241/267/480 239/264/479
f 110/110/3 111/111/3 243/270/481 241/267/480
f 111/111/3 112/112/3 245/273/482 243/270/481
f 112/112/3 113/113/3 247/276/483 245/273/482
f 113/113/3 114/114/3 249/279/472 247/276/483
f 199/203/212 238/262/264 365/455/265 328/398/213
f 86/86/3 12/12/3 202/209/122 277/321/484
f 94/94/3 95/95/3 253/285/485 251/282/121
f 95/95/3 96/96/3 255/288/486 253/285/485
f 96/96/3 97/97/3 257/291/487 255/288/486
f 97/97/3 98/98/3 259/294/488 257/291/487
f 98/98/3 99/99/3 261/297/489 259/294/488
f 99/99/3 100/100/3 263/300/478 261/297/489
f 201/207/163 252/283/198 379/476/199 330/402/164
f 72/72/3 10/10/3 204/212/96 291/342/490
f 80/80/3 81/81/3 267/306/491 265/303/95
f 81/81/3 82/82/3 269/309/492 267/306/491
f 82/82/3 83/83/3 271/312/493 269/309/492
f 83/83/3 84/84/3 273/315/494 271/312/493
f 84/84/3 85/85/3 275/318/495 273/315/494
f 85/85/3 86/86/3 277/321/484 275/318/495
f 203/210/137 266/304/149 393/497/150 332/405/138
f 58/58/3 8/8/3 206/215/72 305/363/496
f 66/66/3 67/67/3 281/327/497 279/324/71
f 67/67/3 68/68/3 283/330/498 281/327/497
f 68/68/3 69/69/3 285/333/499 283/330/498
f 69/69/3 70/70/3 287/336/500 285/333/499
f 70/70/3 71/71/3 289/339/501 287/336/500
f 71/71/3 72/72/3 291/342/490 289/339/501
f 205/213/111 280/325/123 407/518/124 334/408/112
f 44/44/3 6/6/3 208/218/44 319/384/502
f 52/52/3 53/53/3 295/348/503 293/345/43
f 53/53/3 54/54/3 297/351/504 295/348/503
f 54/54/3 55/55/3 299/354/505 297/351/504
f 55/55/3 56/56/3 301/357/506 299/354/505
f 56/56/3 57/57/3 303/360/507 301/357/506
f 57/57/3 58/58/3 305/363/496 303/360/507
f 207/216/85 294/346/97 421/539/98 336/411/86
f 4/4/3 38/38/3 307/366/508 193/193/471
f 38/38/3 39/39/3 309/369/509 307/366/508
f 39/39/3 40/40/3 311/372/510 309/369/509
f 40/40/3 41/41/3 313/375/511 311/372/510
f 41/41/3 42/42/3 315/378/512 313/375/511
f 42/42/3 43/43/3 317/381/513 315/378/512
f 43/43/3 44/44/3 319/384/502 317/381/513
f 210/220/61 212/223/28 339/416/29 337/413/62
f 196/199/263 209/219/262 210/221/61 195/198/31
f 209/219/262 211/222/465 212/224/28 210/221/61
f 211/222/465 213/225/466 214/227/26 212/224/28
f 213/225/466 215/228/467 216/230/24 214/227/26
f 215/228/467 217/231/468 218/233/22 216/230/24
f 217/231/468 219/234/469 220/236/18 218/233/22
f 219/234/469 221/237/470 222/238/19 220/236/18
f 221/237/470 193/193/471 194/195/10 222/238/19
f 198/202/197 223/240/196 224/242/14 197/201/274
f 223/240/196 225/243/473 226/245/15 224/242/14
f 225/243/473 227/246/474 228/248/272 226/245/15
f 227/246/474 229/249/475 230/251/270 228/248/272
f 229/249/475 231/252/476 232/254/268 230/251/270
f 231/252/476 233/255/477 234/257/266 232/254/268
f 233/255/477 235/258/464 236/260/30 234/257/266
f 235/258/464 196/199/263 195/198/31 236/260/30
f 200/205/148 237/261/147 238/263/264 199/204/212
f 237/261/147 239/264/479 240/266/210 238/263/264
f 239/264/479 241/267/480 242/269/208 240/266/210
f 241/267/480 243/270/481 244/272/206 242/269/208
f 243/270/481 245/273/482 246/275/204 244/272/206
f 245/273/482 247/276/483 248/278/200 246/275/204
f 247/276/483 249/279/472 250/281/201 248/278/200
f 249/279/472 198/202/197 197/201/274 250/281/201
f 202/209/122 251/282/121 252/284/198 201/208/163
f 251/282/121 253/285/485 254/287/161 252/284/198
f 253/285/485 255/288/486 256/290/159 254/287/161
f 255/288/486 257/291/487 258/293/157 256/290/159
f 257/291/487 259/294/488 260/296/155 258/293/157
f 259/294/488 261/297/489 262/299/151 260/296/155
f 261/297/489 263/300/478 264/302/152 262/299/151
f 263/300/478 200/205/148 199/204/212 264/302/152
f 204/212/96 265/303/95 266/305/149 203/211/137
f 265/303/95 267/306/491 268/308/135 266/305/149
f 267/306/491 269/309/492 270/311/133 268/308/135
f 269/309/492 271/312/493 272/314/131 270/311/133
f 271/312/493 273/315/494 274/317/129 272/314/131
f 273/315/494 275/318/495 276/320/125 274/317/129
f 275/318/495 277/321/484 278/323/126 276/320/125
f 277/321/484 202/209/122 201/208/163 278/323/126
f 206/215/72 279/324/71 280/326/123 205/214/111
f 279/324/71 281/327/497 282/329/109 280/326/123
f 281/327/497 283/330/498 284/332/107 282/329/109
f 283/330/498 285/333/499 286/335/105 284/332/107
f 285/333/499 287/336/500 288/338/103 286/335/105
f 287/336/500 289/339/501 290/341/99 288/338/103
f 289/339/501 291/342/490 292/344/100 290/341/99
f 291/342/490 204/212/96 203/211/137 292/344/100
f 208/218/44 293/345/43 294/347/97 207/217/85
f 293/345/43 295/348/503 296/350/83 294/347/97
f 295/348/503 297/351/504 298/353/81 296/350/83
f 297/351/504 299/354/505 300/356/79 298/353/81
f 299/354/505 301/357/506 302/359/77 300/356/79
f 301/357/506 303/360/507 304/362/73 302/359/77
f 303/360/507 305/363/496 306/365/74 304/362/73
f 305/363/496 206/215/72 205/214/111 306/365/74
f 193/193/471 307/366/508 308/368/11 194/195/10
f 307/366/508 309/369/509 310/371/59 308/368/11
f 309/369/509 311/372/510 312/374/57 310/371/59
f 311/372/510 313/375/511 314/377/55 312/374/57
f 313/375/511 315/378/512 316/380/53 314/377/55
f 315/378/512 317/381/513 318/383/49 316/380/53
f 317/381/513 319/384/502 320/386/50 318/383/49
f 319/384/502 208/218/44 207/217/85 320/386/50
f 324/393/32 337/414/62 338/415/297 323/391/294
f 337/414/62 339/417/29 340/418/291 338/415/297
f 339/417/29 341/420/27 342/421/289 340/418/291
f 341/420/27 343/423/25 344/424/287 342/421/289
f 343/423/25 345/426/23 346/427/285 344/424/287
f 345/426/23 347/429/21 348/430/283 346/427/285
f 347/429/21 349/431/20 350/433/46 348/430/283
f 349/431/20 321/388/13 322/390/47 350/433/46
f 326/396/275 351/435/17 352/436/279 325/394/459
f 351/435/17 353/438/16 354/439/280 352/436/279
f 353/438/16 355/441/273 356/442/463 354/439/280
f 355/441/273 357/444/271 358/445/462 356/442/463
f 357/444/271 359/447/269 360/448/461 358/445/462
f 359/447/269 361/450/267 362/451/460 360/448/461
f 361/450/267 363/453/33 364/454/293 362/451/460
f 363/453/33 324/393/32 323/391/294 364/454/293
f 328/399/213 365/456/265 366/457/383 327/397/382
f 365/456/265 367/459/211 368/460/394 366/457/383
f 367/459/211 369/462/209 370/463/392 368/460/394
f 369/462/209 371/465/207 372/466/390 370/463/392
f 371/465/207 373/468/205 374/469/388 372/466/390
f 373/468/205 375/471/203 376/472/385 374/469/388
f 375/471/203 377/474/202 378/475/386 376/472/385
f 377/474/202 326/396/275 325/394/459 378/475/386
f 330/403/164 379/477/199 380/478/360 329/400/359
f 379/477/199 381/480/162 382/481/373 380/478/360
f 381/480/162 383/483/160 384/484/371 382/481/373
f 383/483/160 385/486/158 386/487/369 384/484/371
f 385/486/158 387/489/156 388/490/367 386/487/369
f 387/489/156 389/492/154 390/493/363 388/490/367
f 389/492/154 391/495/153 392/496/364 390/493/363
f 391/495/153 328/399/213 327/397/382 392/496/364
f 332/406/138 393/498/150 394/499/344 331/404/343
f 393/498/150 395/501/136 396/502/357 394/499/344
f 395/501/136 397/504/134 398/505/355 396/502/357
f 397/504/134 399/507/132 400/508/353 398/505/355
f 399/507/132 401/510/130 402/511/351 400/508/353
f 401/510/130 403/513/128 404/514/347 402/511/351
f 403/513/128 405/516/127 406/517/348 404/514/347
f 405/516/127 330/403/164 329/400/359 406/517/348
f 334/409/112 407/519/124 408/520/328 333/407/327
f 407/519/124 409/522/110 410/523/341 408/520/328
f 409/522/110 411/525/108 412/526/339 410/523/341
f 411/525/108 413/528/106 414/529/337 412/526/339
f 413/528/106 415/531/104 416/532/335 414/529/337
f 415/531/104 417/534/102 418/535/331 416/532/335
f 417/534/102 419/537/101 420/538/332 418/535/331
f 419/537/101 332/406/138 331/404/343 420/538/332
f 336/412/86 421/540/98 422/541/312 335/410/311
f 421/540/98 423/543/84 424/544/325 422/541/312
f 423/543/84 425/546/82 426/547/323 424/544/325
f 425/546/82 427/549/80 428/550/321 426/547/323
f 427/549/80 429/552/78 430/553/319 428/550/321
f 429/552/78 431/555/76 432/556/315 430/553/319
f 431/555/76 433/558/75 434/559/316 432/556/315
f 433/558/75 334/409/112 333/407/327 434/559/316
f 321/388/13 435/561/12 436/562/276 322/390/47
f 435/561/12 437/564/60 438/565/309 436/562/276
f 437/564/60 439/567/58 440/568/307 438/565/309
f 439/567/58 441/570/56 442/571/305 440/568/307
f 441/570/56 443/573/54 444/574/303 442/571/305
f 443/573/54 445/576/52 446/577/299 444/574/303
f 445/576/52 447/579/51 448/580/300 446/577/299
f 447/579/51 336/412/86 335/410/311 448/580/300
f 222/239/19 194/196/10 321/389/13 349/432/20
f 598/730/514 605/737/514 606/738/514 599/731/514
f 599/731/514 606/738/514 607/739/514 600/732/514
f 600/732/514 607/739/514 608/740/514 601/733/514
f 601/733/514 608/740/514 609/741/514 602/734/514
f 602/734/514 609/741/514 610/742/514 603/735/514
f 603/735/514 610/742/514 611/743/514 604/736/514
f 605/737/514 612/744/514 613/745/514 606/738/514
f 606/738/514 613/745/514 614/746/514 607/739/514
f 607/739/514 614/746/514 615/747/514 608/740/514
f 608/740/514 615/747/514 616/748/514 609/741/514
f 609/741/514 616/748/514 617/749/514 610/742/514
f 610/742/514 617/749/514 618/750/514 611/743/514
f 612/744/514 619/751/514 620/752/514 613/745/514
f 613/745/514 620/752/514 621/753/514 614/746/514
f 614/746/514 621/753/514 622/754/514 615/747/514
f 615/747/514 622/754/514 623/755/514 616/748/514
f 616/748/514 623/755/514 624/756/514 617/749/514
f 617/749/514 624/756/514 625/757/514 618/750/514
f 619/751/514 626/758/514 627/759/514 620/752/514
f 620/752/514 627/759/514 628/760/514 621/753/514
f 621/753/514 628/760/514 629/761/514 622/754/514
f 622/754/514 629/761/514 630/762/514 623/755/514
f 623/755/514 630/762/514 631/763/514 624/756/514
f 624/756/514 631/763/514 632/764/514 625/757/514
f 626/758/514 633/765/514 634/766/514 627/759/514
f 627/759/514 634/766/514 635/767/514 628/760/514
f 628/760/514 635/767/514 636/768/514 629/761/514
f 629/761/514 636/768/514 637/769/514 630/762/514
f 630/762/514 637/769/514 638/770/514 631/763/514
f 631/763/514 638/770/514 639/771/514 632/764/514
f 633/765/514 640/772/514 641/773/514 634/766/514
f 634/766/514 641/773/514 642/774/514 635/767/514
f 635/767/514 642/774/514 643/775/514 636/768/514
f 636/768/514 643/775/514 644/776/514 637/769/514
f 637/769/514 644/776/514 645/777/514 638/770/514
f 638/770/514 645/777/514 646/778/514 639/771/514
f 499/631/514 500/632/514 598/730/514 541/673/514
f 541/673/514 598/730/514 599/731/514 540/672/514
f 540/672/514 599/731/514 600/732/514 539/671/514
f 539/671/514 600/732/514 601/733/514 538/670/514
f 538/670/514 601/733/514 602/734/514 537/669/514
f 537/669/514 602/734/514 603/735/514 536/668/514
f 536/668/514 603/735/514 604/736/514 535/667/514
f 535/667/514 604/736/514 468/600/514 467/599/514
f 604/736/514 611/743/514 469/601/514 468/600/514
f 611/743/514 618/750/514 470/602/514 469/601/514
f 618/750/514 625/757/514 471/603/514 470/602/514
f 625/757/514 632/764/514 472/604/514 471/603/514
f 632/764/514 639/771/514 473/605/514 472/604/514
f 639/771/514 646/778/514 474/606/514 473/605/514
f 646/778/514 492/624/514 475/607/514 474/606/514
f 645/777/514 493/625/514 492/624/514 646/778/514
f 644/776/514 494/626/514 493/625/514 645/777/514
f 643/775/514 495/627/514 494/626/514 644/776/514
f 642/774/514 496/628/514 495/627/514 643/775/514
f 641/773/514 497/629/514 496/628/514 642/774/514
f 640/772/514 498/630/514 497/629/514 641/773/514
f 506/638/514 476/608/514 498/630/514 640/772/514
f 505/637/514 506/638/514 640/772/514 633/765/514
f 504/636/514 505/637/514 633/765/514 626/758/514
f 503/635/514 504/636/514 626/758/514 619/751/514
f 502/634/514 503/635/514 619/751/514 612/744/514
f 501/633/514 502/634/514 612/744/514 605/737/514
f 500/632/514 501/633/514 605/737/514 598/730/514
f 647/779/514 654/786/514 655/787/514 648/780/514
f 648/780/514 655/787/514 656/788/514 649/781/514
f 649/781/514 656/788/514 657/789/514 650/782/514
f 650/782/514 657/789/514 658/790/514 651/783/514
f 651/783/514 658/790/514 659/791/514 652/784/514
f 652/784/514 659/791/514 660/792/514 653/785/514
f 654/786/514 661/793/514 662/794/514 655/787/514
f 655/787/514 662/794/514 663/795/514 656/788/514
f 656/788/514 663/795/514 664/796/514 657/789/514
f 657/789/514 664/796/514 665/797/514 658/790/514
f 658/790/514 665/797/514 666/798/514 659/791/514
f 659/791/514 666/798/514 667/799/514 660/792/514
f 661/793/514 668/800/514 669/801/514 662/794/514
f 662/794/514 669/801/514 670/802/514 663/795/514
f 663/795/514 670/802/514 671/803/514 664/796/514
f 664/796/514 671/803/514 672/804/514 665/797/514
f 665/797/514 672/804/514 673/805/514 666/798/514
f 666/798/514 673/805/514 674/806/514 667/799/514
f 668/800/514 675/807/514 676/808/514 669/801/514
f 669/801/514 676/808/514 677/809/514 670/802/514
f 670/802/514 677/809/514 678/810/514 671/803/514
f 671/803/514 678/810/514 679/811/514 672/804/514
f 672/804/514 679/811/514 680/812/514 673/805/514
f 673/805/514 680/812/514 681/813/514 674/806/514
f 675/807/514 682/814/514 683/815/514 676/808/514
f 676/808/514 683/815/514 684/816/514 677/809/514
f 677/809/514 684/816/514 685/817/514 678/810/514
f 678/810/514 685/817/514 686/818/514 679/811/514
f 679/811/514 686/818/514 687/819/514 680/812/514
f 680/812/514 687/819/514 688/820/514 681/813/514
f 682/814/514 689/821/514 690/822/514 683/815/514
f 683/815/514 690/822/514 691/823/514 684/816/514
f 684/816/514 691/823/514 692/824/514 685/817/514
f 685/817/514 692/824/514 693/825/514 686/818/514
f 686/818/514 693/825/514 694/826/514 687/819/514
f 687/819/514 694/826/514 695/827/514 688/820/514
f 449/581/514 513/645/514 647/779/514 534/666/514
f 534/666/514 647/779/514 648/780/514 533/665/514
f 533/665/514 648/780/514 649/781/514 532/664/514
f 532/664/514 649/781/514 650/782/514 531/663/514
f 531/663/514 650/782/514 651/783/514 530/662/514
f 530/662/514 651/783/514 652/784/514 529/661/514
f 529/661/514 652/784/514 653/785/514 528/660/514
f 528/660/514 653/785/514 500/632/514 499/631/514
f 653/785/514 660/792/514 501/633/514 500/632/514
f 660/792/514 667/799/514 502/634/514 501/633/514
f 667/799/514 674/806/514 503/635/514 502/634/514
f 674/806/514 681/813/514 504/636/514 503/635/514
f 681/813/514 688/820/514 505/637/514 504/636/514
f 688/820/514 695/827/514 506/638/514 505/637/514
f 695/827/514 477/609/514 476/608/514 506/638/514
f 694/826/514 478/610/514 477/609/514 695/827/514
f 693/825/514 479/611/514 478/610/514 694/826/514
f 692/824/514 480/612/514 479/611/514 693/825/514
f 691/823/514 481/613/514 480/612/514 692/824/514
f 690/822/514 482/614/514 481/613/514 691/823/514
f 689/821/514 483/615/514 482/614/514 690/822/514
f 507/639/514 484/616/514 483/615/514 689/821/514
f 508/640/514 507/639/514 689/821/514 682/814/514
f 509/641/514 508/640/514 682/814/514 675/807/514
f 510/642/514 509/641/514 675/807/514 668/800/514
f 511/643/514 510/642/514 668/800/514 661/793/514
f 512/644/514 511/643/514 661/793/514 654/786/514
f 513/645/514 512/644/514 654/786/514 647/779/514
f 696/828/514 703/835/514 704/836/514 697/829/514
f 697/829/514 704/836/514 705/837/514 698/830/514
f 698/830/514 705/837/514 706/838/514 699/831/514
f 699/831/514 706/838/514 707/839/514 700/832/514
f 700/832/514 707/839/514 708/840/514 701/833/514
f 701/833/514 708/840/514 709/841/514 702/834/514
f 703/835/514 710/842/514 711/843/514 704/836/514
f 704/836/514 711/843/514 712/844/514 705/837/514
f 705/837/514 712/844/514 713/845/514 706/838/514
f 706/838/514 713/845/514 714/846/514 707/839/514
f 707/839/514 714/846/514 715/847/514 708/840/514
f 708/840/514 715/847/514 716/848/514 709/841/514
f 710/842/514 717/849/514 718/850/514 711/843/514
f 711/843/514 718/850/514 719/851/514 712/844/514
f 712/844/514 719/851/514 720/852/514 713/845/514
f 713/845/514 720/852/514 721/853/514 714/846/514
f 714/846/514 721/853/514 722/854/514 715/847/514
f 715/847/514 722/854/514 723/855/514 716/848/514
f 717/849/514 724/856/514 725/857/514 718/850/514
f 718/850/514 725/857/514 726/858/514 719/851/514
f 719/851/514 726/858/514 727/859/514 720/852/514
f 720/852/514 727/859/514 728/860/514 721/853/514
f 721/853/514 728/860/514 729/861/514 722/854/514
f 722/854/514 729/861/514 730/862/514 723/855/514
f 724/856/514 731/863/514 732/864/514 725/857/514
f 725/857/514 732/864/514 733/865/514 726/858/514
f 726/858/514 733/865/514 734/866/514 727/859/514
f 727/859/514 734/866/514 735/867/514 728/860/514
f 728/860/514 735/867/514 736/868/514 729/861/514
f 729/861/514 736/868/514 737/869/514 730/862/514
f 731/863/514 738/870/514 739/871/514 732/864/514
f 732/864/514 739/871/514 740/872/514 733/865/514
f 733/865/514 740/872/514 741/873/514 734/866/514
f 734/866/514 741/873/514 742/874/514 735/867/514
f 735/867/514 742/874/514 743/875/514 736/868/514
f 736/868/514 743/875/514 744/876/514 737/869/514
f 457/589/514 456/588/514 696/828/514 485/617/514
f 485/617/514 696/828/514 697/829/514 486/618/514
f 486/618/514 697/829/514 698/830/514 487/619/514
f 487/619/514 698/830/514 699/831/514 488/620/514
f 488/620/514 699/831/514 700/832/514 489/621/514
f 489/621/514 700/832/514 701/833/514 490/622/514
f 490/622/514 701/833/514 702/834/514 491/623/514
f 491/623/514 702/834/514 521/653/514 458/590/514
f 702/834/514 709/841/514 522/654/514 521/653/514
f 709/841/514 716/848/514 523/655/514 522/654/514
f 716/848/514 723/855/514 524/656/514 523/655/514
f 723/855/514 730/862/514 525/657/514 524/656/514
f 730/862/514 737/869/514 526/658/514 525/657/514
f 737/869/514 744/876/514 527/659/514 526/658/514
f 744/876/514 528/660/514 499/631/514 527/659/514
f 743/875/514 529/661/514 528/660/514 744/876/514
f 742/874/514 530/662/514 529/661/514 743/875/514
f 741/873/514 531/663/514 530/662/514 742/874/514
f 740/872/514 532/664/514 531/663/514 741/873/514
f 739/871/514 533/665/514 532/664/514 740/872/514
f 738/870/514 534/666/514 533/665/514 739/871/514
f 450/582/514 449/581/514 534/666/514 738/870/514
f 451/583/514 450/582/514 738/870/514 731/863/514
f 452/584/514 451/583/514 731/863/514 724/856/514
f 453/585/514 452/584/514 724/856/514 717/849/514
f 454/586/514 453/585/514 717/849/514 710/842/514
f 455/587/514 454/586/514 710/842/514 703/835/514
f 456/588/514 455/587/514 703/835/514 696/828/514
f 745/877/514 752/884/514 753/885/514 746/878/514
f 746/878/514 753/885/514 754/886/514 747/879/514
f 747/879/514 754/886/514 755/887/514 748/880/514
f 748/880/514 755/887/514 756/888/514 749/881/514
f 749/881/514 756/888/514 757/889/514 750/882/514
f 750/882/514 757/889/514 758/890/514 751/883/514
f 752/884/514 759/891/514 760/892/514 753/885/514
f 753/885/514 760/892/514 761/893/514 754/886/514
f 754/886/514 761/893/514 762/894/514 755/887/514
f 755/887/514 762/894/514 763/895/514 756/888/514
f 756/888/514 763/895/514 764/896/514 757/889/514
f 757/889/514 764/896/514 765/897/514 758/890/514
f 759/891/514 766/898/514 767/899/514 760/892/514
f 760/892/514 767/899/514 768/900/514 761/893/514
f 761/893/514 768/900/514 769/901/514 762/894/514
f 762/894/514 769/901/514 770/902/514 763/895/514
f 763/895/514 770/902/514 771/903/514 764/896/514
f 764/896/514 771/903/514 772/904/514 765/897/514
f 766/898/514 773/905/514 774/906/514 767/899/514
f 767/899/514 774/906/514 775/907/514 768/900/514
f 768/900/514 775/907/514 776/908/514 769/901/514
f 769/901/514 776/908/514 777/909/514 770/902/514
f 770/902/514 777/909/514 778/910/514 771/903/514
f 771/903/514 778/910/514 779/911/514 772/904/514
f 773/905/514 780/912/514 781/913/514 774/906/514
f 774/906/514 781/913/514 782/914/514 775/907/514
f 775/907/514 782/914/514 783/915/514 776/908/514
f 776/908/514 783/915/514 784/916/514 777/909/514
f 777/909/514 784/916/514 785/917/514 778/910/514
f 778/910/514 785/917/514 786/918/514 779/911/514
f 780/912/514 787/919/514 788/920/514 781/913/514
f 781/913/514 788/920/514 789/921/514 782/914/514
f 782/914/514 789/921/514 790/922/514 783/915/514
f 783/915/514 790/922/514 791/923/514 784/916/514
f 784/916/514 791/923/514 792/924/514 785/917/514
f 785/917/514 792/924/514 793/925/514 786/918/514
f 458/590/514 521/653/514 745/877/514 459/591/514
f 459/591/514 745/877/514 746/878/514 460/592/514
f 460/592/514 746/878/514 747/879/514 461/593/514
f 461/593/514 747/879/514 748/880/514 462/594/514
f 462/594/514 748/880/514 749/881/514 463/595/514
f 463/595/514 749/881/514 750/882/514 464/596/514
f 464/596/514 750/882/514 751/883/514 465/597/514
f 465/597/514 751/883/514 514/646/514 466/598/514
f 751/883/514 758/890/514 515/647/514 514/646/514
f 758/890/514 765/897/514 516/648/514 515/647/514
f 765/897/514 772/904/514 517/649/514 516/648/514
f 772/904/514 779/911/514 518/650/514 517/649/514
f 779/911/514 786/918/514 519/651/514 518/650/514
f 786/918/514 793/925/514 520/652/514 519/651/514
f 793/925/514 535/667/514 467/599/514 520/652/514
f 792/924/514 536/668/514 535/667/514 793/925/514
f 791/923/514 537/669/514 536/668/514 792/924/514
f 790/922/514 538/670/514 537/669/514 791/923/514
f 789/921/514 539/671/514 538/670/514 790/922/514
f 788/920/514 540/672/514 539/671/514 789/921/514
f 787/919/514 541/673/514 540/672/514 788/920/514
f 527/659/514 499/631/514 541/673/514 787/919/514
f 526/658/514 527/659/514 787/919/514 780/912/514
f 525/657/514 526/658/514 780/912/514 773/905/514
f 524/656/514 525/657/514 773/905/514 766/898/514
f 523/655/514 524/656/514 766/898/514 759/891/514
f 522/654/514 523/655/514 759/891/514 752/884/514
f 521/653/514 522/654/514 752/884/514 745/877/514
f 794/926/514 801/933/514 802/934/514 795/927/514
f 795/927/514 802/934/514 803/935/514 796/928/514
f 796/928/514 803/935/514 804/936/514 797/929/514
f 797/929/514 804/936/514 805/937/514 798/930/514
f 798/930/514 805/937/514 806/938/514 799/931/514
f 799/931/514 806/938/514 807/939/514 800/932/514
f 801/933/514 808/940/514 809/941/514 802/934/514
f 802/934/514 809/941/514 810/942/514 803/935/514
f 803/935/514 810/942/514 811/943/514 804/936/514
f 804/936/514 811/943/514 812/944/514 805/937/514
f 805/937/514 812/944/514 813/945/514 806/938/514
f 806/938/514 813/945/514 814/946/514 807/939/514
f 808/940/514 815/947/514 816/948/514 809/941/514
f 809/941/514 816/948/514 817/949/514 810/942/514
f 810/942/514 817/949/514 818/950/514 811/943/514
f 811/943/514 818/950/514 819/951/514 812/944/514
f 812/944/514 819/951/514 820/952/514 813/945/514
f 813/945/514 820/952/514 821/953/514 814/946/514
f 815/947/514 822/954/514 823/955/514 816/948/514
f 816/948/514 823/955/514 824/956/514 817/949/514
f 817/949/514 824/956/514 825/957/514 818/950/514
f 818/950/514 825/957/514 826/958/514 819/951/514
f 819/951/514 826/958/514 827/959/514 820/952/514
f 820/952/514 827/959/514 828/960/514 821/953/514
f 822/954/514 829/961/514 830/962/514 823/955/514
f 823/955/514 830/962/514 831/963/514 824/956/514
f 824/956/514 831/963/514 832/964/514 825/957/514
f 825/957/514 832/964/514 833/965/514 826/958/514
f 826/958/514 833/965/514 834/966/514 827/959/514
f 827/959/514 834/966/514 835/967/514 828/960/514
f 829/961/514 836/968/449 837/969/443 830/962/514
f 830/962/514 837/969/443 838/970/436 831/963/514
f 831/963/514 838/970/436 839/971/427 832/964/514
f 832/964/514 839/971/427 840/972/418 833/965/514
f 833/965/514 840/972/418 841/973/409 834/966/514
f 834/966/514 841/973/409 842/974/408 835/967/514
f 484/616/514 548/680/514 794/926/514 483/615/514
f 483/615/514 794/926/514 795/927/514 482/614/514
f 482/614/514 795/927/514 796/928/514 481/613/514
f 481/613/514 796/928/514 797/929/514 480/612/514
f 480/612/514 797/929/514 798/930/514 479/611/514
f 479/611/514 798/930/514 799/931/514 478/610/514
f 478/610/514 799/931/514 800/932/514 477/609/514
f 477/609/514 800/932/514 549/681/514 476/608/514
f 800/932/514 807/939/514 550/682/514 549/681/514
f 807/939/514 814/946/514 551/683/514 550/682/514
f 814/946/514 821/953/514 552/684/514 551/683/514
f 821/953/514 828/960/514 553/685/514 552/684/514
f 828/960/514 835/967/514 554/686/514 553/685/514
f 835/967/514 842/974/408 555/687/458 554/686/514
f 543/675/514 542/674/457 836/968/449 829/961/514
f 544/676/514 543/675/514 829/961/514 822/954/514
f 545/677/514 544/676/514 822/954/514 815/947/514
f 546/678/514 545/677/514 815/947/514 808/940/514
f 547/679/514 546/678/514 808/940/514 801/933/514
f 548/680/514 547/679/514 801/933/514 794/926/514
f 843/975/514 850/982/514 851/983/514 844/976/514
f 844/976/514 851/983/514 852/984/514 845/977/514
f 845/977/514 852/984/514 853/985/514 846/978/514
f 846/978/514 853/985/514 854/986/514 847/979/514
f 847/979/514 854/986/514 855/987/514 848/980/514
f 848/980/514 855/987/514 856/988/514 849/981/514
f 850/982/514 857/989/514 858/990/514 851/983/514
f 851/983/514 858/990/514 859/991/514 852/984/514
f 852/984/514 859/991/514 860/992/514 853/985/514
f 853/985/514 860/992/514 861/993/514 854/986/514
f 854/986/514 861/993/514 862/994/514 855/987/514
f 855/987/514 862/994/514 863/995/514 856/988/514
f 857/989/514 864/996/514 865/997/514 858/990/514
f 858/990/514 865/997/514 866/998/514 859/991/514
f 859/991/514 866/998/514 867/999/514 860/992/514
f 860/992/514 867/999/514 868/1000/514 861/993/514
f 861/993/514 868/1000/514 869/1001/514 862/994/514
f 862/994/514 869/1001/514 870/1002/514 863/995/514
f 864/996/514 871/1003/514 872/1004/514 865/997/514
f 865/997/514 872/1004/514 873/1005/514 866/998/514
f 866/998/514 873/1005/514 874/1006/514 867/999/514
f 867/999/514 874/1006/514 875/1007/514 868/1000/514
f 868/1000/514 875/1007/514 876/1008/514 869/1001/514
f 869/1001/514 876/1008/514 877/1009/514 870/1002/514
f 871/1003/514 878/1010/514 879/1011/514 872/1004/514
f 872/1004/514 879/1011/514 880/1012/514 873/1005/514
f 873/1005/514 880/1012/514 881/1013/514 874/1006/514
f 874/1006/514 881/1013/514 882/1014/514 875/1007/514
f 875/1007/514 882/1014/514 883/1015/514 876/1008/514
f 876/1008/514 883/1015/514 884/1016/514 877/1009/514
f 878/1010/514 885/1017/448 886/1018/441 879/1011/514
f 879/1011/514 886/1018/441 887/1019/433 880/1012/514
f 880/1012/514 887/1019/433 888/1020/425 881/1013/514
f 881/1013/514 888/1020/425 889/1021/416 882/1014/514
f 882/1014/514 889/1021/416 890/1022/406 883/1015/514
f 883/1015/514 890/1022/406 891/1023/405 884/1016/514
f 476/608/514 549/681/514 843/975/514 498/630/514
f 498/630/514 843/975/514 844/976/514 497/629/514
f 497/629/514 844/976/514 845/977/514 496/628/514
f 496/628/514 845/977/514 846/978/514 495/627/514
f 495/627/514 846/978/514 847/979/514 494/626/514
f 494/626/514 847/979/514 848/980/514 493/625/514
f 493/625/514 848/980/514 849/981/514 492/624/514
f 492/624/514 849/981/514 556/688/514 475/607/514
f 849/981/514 856/988/514 557/689/514 556/688/514
f 856/988/514 863/995/514 558/690/514 557/689/514
f 863/995/514 870/1002/514 559/691/514 558/690/514
f 870/1002/514 877/1009/514 560/692/514 559/691/514
f 877/1009/514 884/1016/514 561/693/514 560/692/514
f 884/1016/514 891/1023/405 562/694/456 561/693/514
f 554/686/514 555/687/458 885/1017/448 878/1010/514
f 553/685/514 554/686/514 878/1010/514 871/1003/514
f 552/684/514 553/685/514 871/1003/514 864/996/514
f 551/683/514 552/684/514 864/996/514 857/989/514
f 550/682/514 551/683/514 857/989/514 850/982/514
f 549/681/514 550/682/514 850/982/514 843/975/514
f 892/1024/514 899/1031/514 900/1032/514 893/1025/514
f 893/1025/514 900/1032/514 901/1033/514 894/1026/514
f 894/1026/514 901/1033/514 902/1034/514 895/1027/514
f 895/1027/514 902/1034/514 903/1035/514 896/1028/514
f 896/1028/514 903/1035/514 904/1036/514 897/1029/514
f 897/1029/514 904/1036/514 905/1037/514 898/1030/514
f 899/1031/514 906/1038/514 907/1039/514 900/1032/514
f 900/1032/514 907/1039/514 908/1040/514 901/1033/514
f 901/1033/514 908/1040/514 909/1041/514 902/1034/514
f 902/1034/514 909/1041/514 910/1042/514 903/1035/514
f 903/1035/514 910/1042/514 911/1043/514 904/1036/514
f 904/1036/514 911/1043/514 912/1044/514 905/1037/514
f 906/1038/514 913/1045/514 914/1046/514 907/1039/514
f 907/1039/514 914/1046/514 915/1047/514 908/1040/514
f 908/1040/514 915/1047/514 916/1048/514 909/1041/514
f 909/1041/514 916/1048/514 917/1049/514 910/1042/514
f 910/1042/514 917/1049/514 918/1050/514 911/1043/514
f 911/1043/514 918/1050/514 919/1051/514 912/1044/514
f 913/1045/514 920/1052/514 921/1053/514 914/1046/514
f 914/1046/514 921/1053/514 922/1054/514 915/1047/514
f 915/1047/514 922/1054/514 923/1055/514 916/1048/514
f 916/1048/514 923/1055/514 924/1056/514 917/1049/514
f 917/1049/514 924/1056/514 925/1057/514 918/1050/514
f 918/1050/514 925/1057/514 926/1058/514 919/1051/514
f 920/1052/514 927/1059/514 928/1060/514 921/1053/514
f 921/1053/514 928/1060/514 929/1061/514 922/1054/514
f 922/1054/514 929/1061/514 930/1062/514 923/1055/514
f 923/1055/514 930/1062/514 931/1063/514 924/1056/514
f 924/1056/514 931/1063/514 932/1064/514 925/1057/514
f 925/1057/514 932/1064/514 933/1065/514 926/1058/514
f 927/1059/514 934/1066/447 935/1067/439 928/1060/514
f 928/1060/514 935/1067/439 936/1068/431 929/1061/514
f 929/1061/514 936/1068/431 937/1069/422 930/1062/514
f 930/1062/514 937/1069/422 938/1070/413 931/1063/514
f 931/1063/514 938/1070/413 939/1071/402 932/1064/514
f 932/1064/514 939/1071/402 940/1072/401 933/1065/514
f 475/607/514 556/688/514 892/1024/514 474/606/514
f 474/606/514 892/1024/514 893/1025/514 473/605/514
f 473/605/514 893/1025/514 894/1026/514 472/604/514
f 472/604/514 894/1026/514 895/1027/514 471/603/514
f 471/603/514 895/1027/514 896/1028/514 470/602/514
f 470/602/514 896/1028/514 897/1029/514 469/601/514
f 469/601/514 897/1029/514 898/1030/514 468/600/514
f 468/600/514 898/1030/514 563/695/514 467/599/514
f 898/1030/514 905/1037/514 564/696/514 563/695/514
f 905/1037/514 912/1044/514 565/697/514 564/696/514
f 912/1044/514 919/1051/514 566/698/514 565/697/514
f 919/1051/514 926/1058/514 567/699/514 566/698/514
f 926/1058/514 933/1065/514 568/700/514 567/699/514
f 933/1065/514 940/1072/401 569/701/455 568/700/514
f 561/693/514 562/694/456 934/1066/447 927/1059/514
f 560/692/514 561/693/514 927/1059/514 920/1052/514
f 559/691/514 560/692/514 920/1052/514 913/1045/514
f 558/690/514 559/691/514 913/1045/514 906/1038/514
f 557/689/514 558/690/514 906/1038/514 899/1031/514
f 556/688/514 557/689/514 899/1031/514 892/1024/514
f 941/1073/514 948/1080/514 949/1081/514 942/1074/514
f 942/1074/514 949/1081/514 950/1082/514 943/1075/514
f 943/1075/514 950/1082/514 951/1083/514 944/1076/514
f 944/1076/514 951/1083/514 952/1084/514 945/1077/514
f 945/1077/514 952/1084/514 953/1085/514 946/1078/514
f 946/1078/514 953/1085/514 954/1086/514 947/1079/514
f 948/1080/514 955/1087/514 956/1088/514 949/1081/514
f 949/1081/514 956/1088/514 957/1089/514 950/1082/514
f 950/1082/514 957/1089/514 958/1090/514 951/1083/514
f 951/1083/514 958/1090/514 959/1091/514 952/1084/514
f 952/1084/514 959/1091/514 960/1092/514 953/1085/514
f 953/1085/514 960/1092/514 961/1093/514 954/1086/514
f 955/1087/514 962/1094/514 963/1095/514 956/1088/514
f 956/1088/514 963/1095/514 964/1096/514 957/1089/514
f 957/1089/514 964/1096/514 965/1097/514 958/1090/514
f 958/1090/514 965/1097/514 966/1098/514 959/1091/514
f 959/1091/514 966/1098/514 967/1099/514 960/1092/514
f 960/1092/514 967/1099/514 968/1100/514 961/1093/514
f 962/1094/514 969/1101/514 970/1102/514 963/1095/514
f 963/1095/514 970/1102/514 971/1103/514 964/1096/514
f 964/1096/514 971/1103/514 972/1104/514 965/1097/514
f 965/1097/514 972/1104/514 973/1105/514 966/1098/514
f 966/1098/514 973/1105/514 974/1106/514 967/1099/514
f 967/1099/514 974/1106/514 975/1107/514 968/1100/514
f 969/1101/514 976/1108/514 977/1109/514 970/1102/514
f 970/1102/514 977/1109/514 978/1110/514 971/1103/514
f 971/1103/514 978/1110/514 979/1111/514 972/1104/514
f 972/1104/514 979/1111/514 980/1112/514 973/1105/514
f 973/1105/514 980/1112/514 981/1113/514 974/1106/514
f 974/1106/514 981/1113/514 982/1114/514 975/1107/514
f 976/1108/514 983/1115/446 984/1116/438 977/1109/514
f 977/1109/514 984/1116/438 985/1117/430 978/1110/514
f 978/1110/514 985/1117/430 986/1118/421 979/1111/514
f 979/1111/514 986/1118/421 987/1119/412 980/1112/514
f 980/1112/514 987/1119/412 988/1120/400 981/1113/514
f 981/1113/514 988/1120/400 989/1121/399 982/1114/514
f 467/599/514 563/695/514 941/1073/514 520/652/514
f 520/652/514 941/1073/514 942/1074/514 519/651/514
f 519/651/514 942/1074/514 943/1075/514 518/650/514
f 518/650/514 943/1075/514 944/1076/514 517/649/514
f 517/649/514 944/1076/514 945/1077/514 516/648/514
f 516/648/514 945/1077/514 946/1078/514 515/647/514
f 515/647/514 946/1078/514 947/1079/514 514/646/514
f 514/646/514 947/1079/514 570/702/514 466/598/514
f 947/1079/514 954/1086/514 571/703/514 570/702/514
f 954/1086/514 961/1093/514 572/704/514 571/703/514
f 961/1093/514 968/1100/514 573/705/514 572/704/514
f 968/1100/514 975/1107/514 574/706/514 573/705/514
f 975/1107/514 982/1114/514 575/707/514 574/706/514
f 982/1114/514 989/1121/399 576/708/454 575/707/514
f 568/700/514 569/701/455 983/1115/446 976/1108/514
f 567/699/514 568/700/514 976/1108/514 969/1101/514
f 566/698/514 567/699/514 969/1101/514 962/1094/514
f 565/697/514 566/698/514 962/1094/514 955/1087/514
f 564/696/514 565/697/514 955/1087/514 948/1080/514
f 563/695/514 564/696/514 948/1080/514 941/1073/514
f 990/1122/514 997/1129/514 998/1130/514 991/1123/514
f 991/1123/514 998/1130/514 999/1131/514 992/1124/514
f 992/1124/514 999/1131/514 1000/1132/514 993/1125/514
f 993/1125/514 1000/1132/514 1001/1133/514 994/1126/514
f 994/1126/514 1001/1133/514 1002/1134/514 995/1127/514
f 995/1127/514 1002/1134/514 1003/1135/514 996/1128/514
f 997/1129/514 1004/1136/514 1005/1137/514 998/1130/514
f 998/1130/514 1005/1137/514 1006/1138/514 999/1131/514
f 999/1131/514 1006/1138/514 1007/1139/514 1000/1132/514
f 1000/1132/514 1007/1139/514 1008/1140/514 1001/1133/514
f 1001/1133/514 1008/1140/514 1009/1141/514 1002/1134/514
f 1002/1134/514 1009/1141/514 1010/1142/514 1003/1135/514
f 1004/1136/514 1011/1143/514 1012/1144/514 1005/1137/514
f 1005/1137/514 1012/1144/514 1013/1145/514 1006/1138/514
f 1006/1138/514 1013/1145/514 1014/1146/514 1007/1139/514
f 1007/1139/514 1014/1146/514 1015/1147/514 1008/1140/514
f 1008/1140/514 1015/1147/514 1016/1148/514 1009/1141/514
f 1009/1141/514 1016/1148/514 1017/1149/514 1010/1142/514
f 1011/1143/514 1018/1150/514 1019/1151/514 1012/1144/514
f 1012/1144/514 1019/1151/514 1020/1152/514 1013/1145/514
f 1013/1145/514 1020/1152/514 1021/1153/514 1014/1146/514
f 1014/1146/514 1021/1153/514 1022/1154/514 1015/1147/514
f 1015/1147/514 1022/1154/514 1023/1155/514 1016/1148/514
f 1016/1148/514 1023/1155/514 1024/1156/514 1017/1149/514
f 1018/1150/514 1025/1157/514 1026/1158/514 1019/1151/514
f 1019/1151/514 1026/1158/514 1027/1159/514 1020/1152/514
f 1020/1152/514 1027/1159/514 1028/1160/514 1021/1153/514
f 1021/1153/514 1028/1160/514 1029/1161/514 1022/1154/514
f 1022/1154/514 1029/1161/514 1030/1162/514 1023/1155/514
f 1023/1155/514 1030/1162/514 1031/1163/514 1024/1156/514
f 1025/1157/514 1032/1164/445 1033/1165/437 1026/1158/514
f 1026/1158/514 1033/1165/437 1034/1166/429 1027/1159/514
f 1027/1159/514 1034/1166/429 1035/1167/420 1028/1160/514
f 1028/1160/514 1035/1167/420 1036/1168/411 1029/1161/514
f 1029/1161/514 1036/1168/411 1037/1169/398 1030/1162/514
f 1030/1162/514 1037/1169/398 1038/1170/397 1031/1163/514
f 466/598/514 570/702/514 990/1122/514 465/597/514
f 465/597/514 990/1122/514 991/1123/514 464/596/514
f 464/596/514 991/1123/514 992/1124/514 463/595/514
f 463/595/514 992/1124/514 993/1125/514 462/594/514
f 462/594/514 993/1125/514 994/1126/514 461/593/514
f 461/593/514 994/1126/514 995/1127/514 460/592/514
f 460/592/514 995/1127/514 996/1128/514 459/591/514
f 459/591/514 996/1128/514 577/709/514 458/590/514
f 996/1128/514 1003/1135/514 578/710/514 577/709/514
f 1003/1135/514 1010/1142/514 579/711/514 578/710/514
f 1010/1142/514 1017/1149/514 580/712/514 579/711/514
f 1017/1149/514 1024/1156/514 581/713/514 580/712/514
f 1024/1156/514 1031/1163/514 582/714/514 581/713/514
f 1031/1163/514 1038/1170/397 583/715/453 582/714/514
f 575/707/514 576/708/454 1032/1164/445 1025/1157/514
f 574/706/514 575/707/514 1025/1157/514 1018/1150/514
f 573/705/514 574/706/514 1018/1150/514 1011/1143/514
f 572/704/514 573/705/514 1011/1143/514 1004/1136/514
f 571/703/514 572/704/514 1004/1136/514 997/1129/514
f 570/702/514 571/703/514 997/1129/514 990/1122/514
f 1039/1171/514 1046/1178/514 1047/1179/514 1040/1172/514
f 1040/1172/514 1047/1179/514 1048/1180/514 1041/1173/514
f 1041/1173/514 1048/1180/514 1049/1181/514 1042/1174/514
f 1042/1174/514 1049/1181/514 1050/1182/514 1043/1175/514
f 1043/1175/514 1050/1182/514 1051/1183/514 1044/1176/514
f 1044/1176/514 1051/1183/514 1052/1184/514 1045/1177/514
f 1046/1178/514 1053/1185/514 1054/1186/514 1047/1179/514
f 1047/1179/514 1054/1186/514 1055/1187/514 1048/1180/514
f 1048/1180/514 1055/1187/514 1056/1188/514 1049/1181/514
f 1049/1181/514 1056/1188/514 1057/1189/514 1050/1182/514
f 1050/1182/514 1057/1189/514 1058/1190/514 1051/1183/514
f 1051/1183/514 1058/1190/514 1059/1191/514 1052/1184/514
f 1053/1185/514 1060/1192/514 1061/1193/514 1054/1186/514
f 1054/1186/514 1061/1193/514 1062/1194/514 1055/1187/514
f 1055/1187/514 1062/1194/514 1063/1195/514 1056/1188/514
f 1056/1188/514 1063/1195/514 1064/1196/514 1057/1189/514
f 1057/1189/514 1064/1196/514 1065/1197/514 1058/1190/514
f 1058/1190/514 1065/1197/514 1066/1198/514 1059/1191/514
f 1060/1192/514 1067/1199/514 1068/1200/514 1061/1193/514
f 1061/1193/514 1068/1200/514 1069/1201/514 1062/1194/514
f 1062/1194/514 1069/1201/514 1070/1202/514 1063/1195/514
f 1063/1195/514 1070/1202/514 1071/1203/514 1064/1196/514
f 1064/1196/514 1071/1203/514 1072/1204/514 1065/1197/514
f 1065/1197/514 1072/1204/514 1073/1205/514 1066/1198/514
f 1067/1199/514 1074/1206/514 1075/1207/514 1068/1200/514
f 1068/1200/514 1075/1207/514 1076/1208/514 1069/1201/514
f 1069/1201/514 1076/1208/514 1077/1209/514 1070/1202/514
f 1070/1202/514 1077/1209/514 1078/1210/514 1071/1203/514
f 1071/1203/514 1078/1210/514 1079/1211/514 1072/1204/514
f 1072/1204/514 1079/1211/514 1080/1212/514 1073/1205/514
f 1074/1206/514 1081/1213/444 1082/1214/435 1075/1207/514
f 1075/1207/514 1082/1214/435 1083/1215/428 1076/1208/514
f 1076/1208/514 1083/1215/428 1084/1216/419 1077/1209/514
f 1077/1209/514 1084/1216/419 1085/1217/410 1078/1210/514
f 1078/1210/514 1085/1217/410 1086/1218/396 1079/1211/514
f 1079/1211/514 1086/1218/396 1087/1219/395 1080/1212/514
f 458/590/514 577/709/514 1039/1171/514 491/623/514
f 491/623/514 1039/1171/514 1040/1172/514 490/622/514
f 490/622/514 1040/1172/514 1041/1173/514 489/621/514
f 489/621/514 1041/1173/514 1042/1174/514 488/620/514
f 488/620/514 1042/1174/514 1043/1175/514 487/619/514
f 487/619/514 1043/1175/514 1044/1176/514 486/618/514
f 486/618/514 1044/1176/514 1045/1177/514 485/617/514
f 485/617/514 1045/1177/514 584/716/514 457/589/514
f 1045/1177/514 1052/1184/514 585/717/514 584/716/514
f 1052/1184/514 1059/1191/514 586/718/514 585/717/514
f 1059/1191/514 1066/1198/514 587/719/514 586/718/514
f 1066/1198/514 1073/1205/514 588/720/514 587/719/514
f 1073/1205/514 1080/1212/514 589/721/514 588/720/514
f 1080/1212/514 1087/1219/395 590/722/452 589/721/514
f 582/714/514 583/715/453 1081/1213/444 1074/1206/514
f 581/713/514 582/714/514 1074/1206/514 1067/1199/514
f 580/712/514 581/713/514 1067/1199/514 1060/1192/514
f 579/711/514 580/712/514 1060/1192/514 1053/1185/514
f 578/710/514 579/711/514 1053/1185/514 1046/1178/514
f 577/709/514 578/710/514 1046/1178/514 1039/1171/514
f 1088/1220/514 1095/1227/514 1096/1228/514 1089/1221/514
f 1089/1221/514 1096/1228/514 1097/1229/514 1090/1222/514
f 1090/1222/514 1097/1229/514 1098/1230/514 1091/1223/514
f 1091/1223/514 1098/1230/514 1099/1231/514 1092/1224/514
f 1092/1224/514 1099/1231/514 1100/1232/514 1093/1225/514
f 1093/1225/514 1100/1232/514 1101/1233/514 1094/1226/514
f 1095/1227/514 1102/1234/514 1103/1235/514 1096/1228/514
f 1096/1228/514 1103/1235/514 1104/1236/514 1097/1229/514
f 1097/1229/514 1104/1236/514 1105/1237/514 1098/1230/514
f 1098/1230/514 1105/1237/514 1106/1238/514 1099/1231/514
f 1099/1231/514 1106/1238/514 1107/1239/514 1100/1232/514
f 1100/1232/514 1107/1239/514 1108/1240/514 1101/1233/514
f 1102/1234/514 1109/1241/514 1110/1242/514 1103/1235/514
f 1103/1235/514 1110/1242/514 1111/1243/514 1104/1236/514
f 1104/1236/514 1111/1243/514 1112/1244/514 1105/1237/514
f 1105/1237/514 1112/1244/514 1113/1245/514 1106/1238/514
f 1106/1238/514 1113/1245/514 1114/1246/514 1107/1239/514
f 1107/1239/514 1114/1246/514 1115/1247/514 1108/1240/514
f 1109/1241/514 1116/1248/514 1117/1249/514 1110/1242/514
f 1110/1242/514 1117/1249/514 1118/1250/514 1111/1243/514
f 1111/1243/514 1118/1250/514 1119/1251/514 1112/1244/514
f 1112/1244/514 1119/1251/514 1120/1252/514 1113/1245/514
f 1113/1245/514 1120/1252/514 1121/1253/514 1114/1246/514
f 1114/1246/514 1121/1253/514 1122/1254/514 1115/1247/514
f 1116/1248/514 1123/1255/514 1124/1256/514 1117/1249/514
f 1117/1249/514 1124/1256/514 1125/1257/514 1118/1250/514
f 1118/1250/514 1125/1257/514 1126/1258/514 1119/1251/514
f 1119/1251/514 1126/1258/514 1127/1259/514 1120/1252/514
f 1120/1252/514 1127/1259/514 1128/1260/514 1121/1253/514
f 1121/1253/514 1128/1260/514 1129/1261/514 1122/1254/514
f 1123/1255/514 1130/1262/442 1131/1263/434 1124/1256/514
f 1124/1256/514 1131/1263/434 1132/1264/426 1125/1257/514
f 1125/1257/514 1132/1264/426 1133/1265/417 1126/1258/514
f 1126/1258/514 1133/1265/417 1134/1266/407 1127/1259/514
f 1127/1259/514 1134/1266/407 1135/1267/380 1128/1260/514
f 1128/1260/514 1135/1267/380 1136/1268/379 1129/1261/514
f 457/589/514 584/716/514 1088/1220/514 456/588/514
f 456/588/514 1088/1220/514 1089/1221/514 455/587/514
f 455/587/514 1089/1221/514 1090/1222/514 454/586/514
f 454/586/514 1090/1222/514 1091/1223/514 453/585/514
f 453/585/514 1091/1223/514 1092/1224/514 452/584/514
f 452/584/514 1092/1224/514 1093/1225/514 451/583/514
f 451/583/514 1093/1225/514 1094/1226/514 450/582/514
f 450/582/514 1094/1226/514 591/723/514 449/581/514
f 1094/1226/514 1101/1233/514 592/724/514 591/723/514
f 1101/1233/514 1108/1240/514 593/725/514 592/724/514
f 1108/1240/514 1115/1247/514 594/726/514 593/725/514
f 1115/1247/514 1122/1254/514 595/727/514 594/726/514
f 1122/1254/514 1129/1261/514 596/728/514 595/727/514
f 1129/1261/514 1136/1268/379 597/729/451 596/728/514
f 589/721/514 590/722/452 1130/1262/442 1123/1255/514
f 588/720/514 589/721/514 1123/1255/514 1116/1248/514
f 587/719/514 588/720/514 1116/1248/514 1109/1241/514
f 586/718/514 587/719/514 1109/1241/514 1102/1234/514
f 585/717/514 586/718/514 1102/1234/514 1095/1227/514
f 584/716/514 585/717/514 1095/1227/514 1088/1220/514
f 1137/1269/514 1144/1276/514 1145/1277/514 1138/1270/514
f 1138/1270/514 1145/1277/514 1146/1278/514 1139/1271/514
f 1139/1271/514 1146/1278/514 1147/1279/514 1140/1272/514
f 1140/1272/514 1147/1279/514 1148/1280/514 1141/1273/514
f 1141/1273/514 1148/1280/514 1149/1281/514 1142/1274/514
f 1142/1274/514 1149/1281/514 1150/1282/514 1143/1275/514
f 1144/1276/514 1151/1283/514 1152/1284/514 1145/1277/514
f 1145/1277/514 1152/1284/514 1153/1285/514 1146/1278/514
f 1146/1278/514 1153/1285/514 1154/1286/514 1147/1279/514
f 1147/1279/514 1154/1286/514 1155/1287/514 1148/1280/514
f 1148/1280/514 1155/1287/514 1156/1288/514 1149/1281/514
f 1149/1281/514 1156/1288/514 1157/1289/514 1150/1282/514
f 1151/1283/514 1158/1290/514 1159/1291/514 1152/1284/514
f 1152/1284/514 1159/1291/514 1160/1292/514 1153/1285/514
f 1153/1285/514 1160/1292/514 1161/1293/514 1154/1286/514
f 1154/1286/514 1161/1293/514 1162/1294/514 1155/1287/514
f 1155/1287/514 1162/1294/514 1163/1295/514 1156/1288/514
f 1156/1288/514 1163/1295/514 1164/1296/514 1157/1289/514
f 1158/1290/514 1165/1297/514 1166/1298/514 1159/1291/514
f 1159/1291/514 1166/1298/514 1167/1299/514 1160/1292/514
f 1160/1292/514 1167/1299/514 1168/1300/514 1161/1293/514
f 1161/1293/514 1168/1300/514 1169/1301/514 1162/1294/514
f 1162/1294/514 1169/1301/514 1170/1302/514 1163/1295/514
f 1163/1295/514 1170/1302/514 1171/1303/514 1164/1296/514
f 1165/1297/514 1172/1304/514 1173/1305/514 1166/1298/514
f 1166/1298/514 1173/1305/514 1174/1306/514 1167/1299/514
f 1167/1299/514 1174/1306/514 1175/1307/514 1168/1300/514
f 1168/1300/514 1175/1307/514 1176/1308/514 1169/1301/514
f 1169/1301/514 1176/1308/514 1177/1309/514 1170/1302/514
f 1170/1302/514 1177/1309/514 1178/1310/514 1171/1303/514
f 1172/1304/514 1179/1311/440 1180/1312/432 1173/1305/514
f 1173/1305/514 1180/1312/432 1181/1313/424 1174/1306/514
f 1174/1306/514 1181/1313/424 1182/1314/415 1175/1307/514
f 1175/1307/514 1182/1314/415 1183/1315/404 1176/1308/514
f 1176/1308/514 1183/1315/404 1184/1316/376 1177/1309/514
f 1177/1309/514 1184/1316/376 1185/1317/375 1178/1310/514
f 449/581/514 591/723/514 1137/1269/514 513/645/514
f 513/645/514 1137/1269/514 1138/1270/514 512/644/514
f 512/644/514 1138/1270/514 1139/1271/514 511/643/514
f 511/643/514 1139/1271/514 1140/1272/514 510/642/514
f 510/642/514 1140/1272/514 1141/1273/514 509/641/514
f 509/641/514 1141/1273/514 1142/1274/514 508/640/514
f 508/640/514 1142/1274/514 1143/1275/514 507/639/514
f 507/639/514 1143/1275/514 548/680/514 484/616/514
f 1143/1275/514 1150/1282/514 547/679/514 548/680/514
f 1150/1282/514 1157/1289/514 546/678/514 547/679/514
f 1157/1289/514 1164/1296/514 545/677/514 546/678/514
f 1164/1296/514 1171/1303/514 544/676/514 545/677/514
f 1171/1303/514 1178/1310/514 543/675/514 544/676/514
f 1178/1310/514 1185/1317/375 542/674/457 543/675/514
f 596/728/514 597/729/451 1179/1311/440 1172/1304/514
f 595/727/514 596/728/514 1172/1304/514 1165/1297/514
f 594/726/514 595/727/514 1165/1297/514 1158/1290/514
f 593/725/514 594/726/514 1158/1290/514 1151/1283/514
f 592/724/514 593/725/514 1151/1283/514 1144/1276/514
f 591/723/514 592/724/514 1144/1276/514 1137/1269/514
f 1327/1459/3 1328/1460/3 1335/1467/3 1334/1466/3
f 1328/1460/3 1329/1461/3 1336/1468/3 1335/1467/3
f 1329/1461/3 1330/1462/3 1337/1469/3 1336/1468/3
f 1330/1462/3 1331/1463/3 1338/1470/3 1337/1469/3
f 1331/1463/3 1332/1464/3 1339/1471/3 1338/1470/3
f 1332/1464/3 1333/1465/3 1340/1472/3 1339/1471/3
f 1334/1466/3 1335/1467/3 1342/1474/3 1341/1473/3
f 1335/1467/3 1336/1468/3 1343/1475/3 1342/1474/3
f 1336/1468/3 1337/1469/3 1344/1476/3 1343/1475/3
f 1337/1469/3 1338/1470/3 1345/1477/3 1344/1476/3
f 1338/1470/3 1339/1471/3 1346/1478/3 1345/1477/3
f 1339/1471/3 1340/1472/3 1347/1479/3 1346/1478/3
f 1341/1473/3 1342/1474/3 1349/1481/3 1348/1480/3
f 1342/1474/3 1343/1475/3 1350/1482/3 1349/1481/3
f 1343/1475/3 1344/1476/3 1351/1483/3 1350/1482/3
f 1344/1476/3 1345/1477/3 1352/1484/3 1351/1483/3
f 1345/1477/3 1346/1478/3 1353/1485/3 1352/1484/3
f 1346/1478/3 1347/1479/3 1354/1486/3 1353/1485/3
f 1348/1480/3 1349/1481/3 1356/1488/3 1355/1487/3
f 1349/1481/3 1350/1482/3 1357/1489/3 1356/1488/3
f 1350/1482/3 1351/1483/3 1358/1490/3 1357/1489/3
f 1351/1483/3 1352/1484/3 1359/1491/3 1358/1490/3
f 1352/1484/3 1353/1485/3 1360/1492/3 1359/1491/3
f 1353/1485/3 1354/1486/3 1361/1493/3 1360/1492/3
f 1355/1487/3 1356/1488/3 1363/1495/3 1362/1494/3
f 1356/1488/3 1357/1489/3 1364/1496/3 1363/1495/3
f 1357/1489/3 1358/1490/3 1365/1497/3 1364/1496/3
f 1358/1490/3 1359/1491/3 1366/1498/3 1365/1497/3
f 1359/1491/3 1360/1492/3 1367/1499/3 1366/1498/3
f 1360/1492/3 1361/1493/3 1368/1500/3 1367/1499/3
f 1362/1494/3 1363/1495/3 1370/1502/3 1369/1501/3
f 1363/1495/3 1364/1496/3 1371/1503/3 1370/1502/3
f 1364/1496/3 1365/1497/3 1372/1504/3 1371/1503/3
f 1365/1497/3 1366/1498/3 1373/1505/3 1372/1504/3
f 1366/1498/3 1367/1499/3 1374/1506/3 1373/1505/3
f 1367/1499/3 1368/1500/3 1375/1507/3 1374/1506/3
f 1236/1368/3 1278/1410/3 1327/1459/3 1237/1369/3
f 1278/1410/3 1277/1409/3 1328/1460/3 1327/1459/3
f 1277/1409/3 1276/1408/3 1329/1461/3 1328/1460/3
f 1276/1408/3 1275/1407/3 1330/1462/3 1329/1461/3
f 1275/1407/3 1274/1406/3 1331/1463/3 1330/1462/3
f 1274/1406/3 1273/1405/3 1332/1464/3 1331/1463/3
f 1273/1405/3 1272/1404/3 1333/1465/3 1332/1464/3
f 1272/1404/3 1204/1336/3 1205/1337/3 1333/1465/3
f 1333/1465/3 1205/1337/3 1206/1338/3 1340/1472/3
f 1340/1472/3 1206/1338/3 1207/1339/3 1347/1479/3
f 1347/1479/3 1207/1339/3 1208/1340/3 1354/1486/3
f 1354/1486/3 1208/1340/3 1209/1341/3 1361/1493/3
f 1361/1493/3 1209/1341/3 1210/1342/3 1368/1500/3
f 1368/1500/3 1210/1342/3 1211/1343/3 1375/1507/3
f 1375/1507/3 1211/1343/3 1212/1344/3 1229/1361/3
f 1374/1506/3 1375/1507/3 1229/1361/3 1230/1362/3
f 1373/1505/3 1374/1506/3 1230/1362/3 1231/1363/3
f 1372/1504/3 1373/1505/3 1231/1363/3 1232/1364/3
f 1371/1503/3 1372/1504/3 1232/1364/3 1233/1365/3
f 1370/1502/3 1371/1503/3 1233/1365/3 1234/1366/3
f 1369/1501/3 1370/1502/3 1234/1366/3 1235/1367/3
f 1243/1375/3 1369/1501/3 1235/1367/3 1213/1345/3
f 1242/1374/3 1362/1494/3 1369/1501/3 1243/1375/3
f 1241/1373/3 1355/1487/3 1362/1494/3 1242/1374/3
f 1240/1372/3 1348/1480/3 1355/1487/3 1241/1373/3
f 1239/1371/3 1341/1473/3 1348/1480/3 1240/1372/3
f 1238/1370/3 1334/1466/3 1341/1473/3 1239/1371/3
f 1237/1369/3 1327/1459/3 1334/1466/3 1238/1370/3
f 1376/1508/3 1377/1509/3 1384/1516/3 1383/1515/3
f 1377/1509/3 1378/1510/3 1385/1517/3 1384/1516/3
f 1378/1510/3 1379/1511/3 1386/1518/3 1385/1517/3
f 1379/1511/3 1380/1512/3 1387/1519/3 1386/1518/3
f 1380/1512/3 1381/1513/3 1388/1520/3 1387/1519/3
f 1381/1513/3 1382/1514/3 1389/1521/3 1388/1520/3
f 1383/1515/3 1384/1516/3 1391/1523/3 1390/1522/3
f 1384/1516/3 1385/1517/3 1392/1524/3 1391/1523/3
f 1385/1517/3 1386/1518/3 1393/1525/3 1392/1524/3
f 1386/1518/3 1387/1519/3 1394/1526/3 1393/1525/3
f 1387/1519/3 1388/1520/3 1395/1527/3 1394/1526/3
f 1388/1520/3 1389/1521/3 1396/1528/3 1395/1527/3
f 1390/1522/3 1391/1523/3 1398/1530/3 1397/1529/3
f 1391/1523/3 1392/1524/3 1399/1531/3 1398/1530/3
f 1392/1524/3 1393/1525/3 1400/1532/3 1399/1531/3
f 1393/1525/3 1394/1526/3 1401/1533/3 1400/1532/3
f 1394/1526/3 1395/1527/3 1402/1534/3 1401/1533/3
f 1395/1527/3 1396/1528/3 1403/1535/3 1402/1534/3
f 1397/1529/3 1398/1530/3 1405/1537/3 1404/1536/3
f 1398/1530/3 1399/1531/3 1406/1538/3 1405/1537/3
f 1399/1531/3 1400/1532/3 1407/1539/3 1406/1538/3
f 1400/1532/3 1401/1533/3 1408/1540/3 1407/1539/3
f 1401/1533/3 1402/1534/3 1409/1541/3 1408/1540/3
f 1402/1534/3 1403/1535/3 1410/1542/3 1409/1541/3
f 1404/1536/3 1405/1537/3 1412/1544/3 1411/1543/3
f 1405/1537/3 1406/1538/3 1413/1545/3 1412/1544/3
f 1406/1538/3 1407/1539/3 1414/1546/3 1413/1545/3
f 1407/1539/3 1408/1540/3 1415/1547/3 1414/1546/3
f 1408/1540/3 1409/1541/3 1416/1548/3 1415/1547/3
f 1409/1541/3 1410/1542/3 1417/1549/3 1416/1548/3
f 1411/1543/3 1412/1544/3 1419/1551/3 1418/1550/3
f 1412/1544/3 1413/1545/3 1420/1552/3 1419/1551/3
f 1413/1545/3 1414/1546/3 1421/1553/3 1420/1552/3
f 1414/1546/3 1415/1547/3 1422/1554/3 1421/1553/3
f 1415/1547/3 1416/1548/3 1423/1555/3 1422/1554/3
f 1416/1548/3 1417/1549/3 1424/1556/3 1423/1555/3
f 1186/1318/3 1271/1403/3 1376/1508/3 1250/1382/3
f 1271/1403/3 1270/1402/3 1377/1509/3 1376/1508/3
f 1270/1402/3 1269/1401/3 1378/1510/3 1377/1509/3
f 1269/1401/3 1268/1400/3 1379/1511/3 1378/1510/3
f 1268/1400/3 1267/1399/3 1380/1512/3 1379/1511/3
f 1267/1399/3 1266/1398/3 1381/1513/3 1380/1512/3
f 1266/1398/3 1265/1397/3 1382/1514/3 1381/1513/3
f 1265/1397/3 1236/1368/3 1237/1369/3 1382/1514/3
f 1382/1514/3 1237/1369/3 1238/1370/3 1389/1521/3
f 1389/1521/3 1238/1370/3 1239/1371/3 1396/1528/3
f 1396/1528/3 1239/1371/3 1240/1372/3 1403/1535/3
f 1403/1535/3 1240/1372/3 1241/1373/3 1410/1542/3
f 1410/1542/3 1241/1373/3 1242/1374/3 1417/1549/3
f 1417/1549/3 1242/1374/3 1243/1375/3 1424/1556/3
f 1424/1556/3 1243/1375/3 1213/1345/3 1214/1346/3
f 1423/1555/3 1424/1556/3 1214/1346/3 1215/1347/3
f 1422/1554/3 1423/1555/3 1215/1347/3 1216/1348/3
f 1421/1553/3 1422/1554/3 1216/1348/3 1217/1349/3
f 1420/1552/3 1421/1553/3 1217/1349/3 1218/1350/3
f 1419/1551/3 1420/1552/3 1218/1350/3 1219/1351/3
f 1418/1550/3 1419/1551/3 1219/1351/3 1220/1352/3
f 1244/1376/3 1418/1550/3 1220/1352/3 1221/1353/3
f 1245/1377/3 1411/1543/3 1418/1550/3 1244/1376/3
f 1246/1378/3 1404/1536/3 1411/1543/3 1245/1377/3
f 1247/1379/3 1397/1529/3 1404/1536/3 1246/1378/3
f 1248/1380/3 1390/1522/3 1397/1529/3 1247/1379/3
f 1249/1381/3 1383/1515/3 1390/1522/3 1248/1380/3
f 1250/1382/3 1376/1508/3 1383/1515/3 1249/1381/3
f 1425/1557/3 1426/1558/3 1433/1565/3 1432/1564/3
f 1426/1558/3 1427/1559/3 1434/1566/3 1433/1565/3
f 1427/1559/3 1428/1560/3 1435/1567/3 1434/1566/3
f 1428/1560/3 1429/1561/3 1436/1568/3 1435/1567/3
f 1429/1561/3 1430/1562/3 1437/1569/3 1436/1568/3
f 1430/1562/3 1431/1563/3 1438/1570/3 1437/1569/3
f 1432/1564/3 1433/1565/3 1440/1572/3 1439/1571/3
f 1433/1565/3 1434/1566/3 1441/1573/3 1440/1572/3
f 1434/1566/3 1435/1567/3 1442/1574/3 1441/1573/3
f 1435/1567/3 1436/1568/3 1443/1575/3 1442/1574/3
f 1436/1568/3 1437/1569/3 1444/1576/3 1443/1575/3
f 1437/1569/3 1438/1570/3 1445/1577/3 1444/1576/3
f 1439/1571/3 1440/1572/3 1447/1579/3 1446/1578/3
f 1440/1572/3 1441/1573/3 1448/1580/3 1447/1579/3
f 1441/1573/3 1442/1574/3 1449/1581/3 1448/1580/3
f 1442/1574/3 1443/1575/3 1450/1582/3 1449/1581/3
f 1443/1575/3 1444/1576/3 1451/1583/3 1450/1582/3
f 1444/1576/3 1445/1577/3 1452/1584/3 1451/1583/3
f 1446/1578/3 1447/1579/3 1454/1586/3 1453/1585/3
f 1447/1579/3 1448/1580/3 1455/1587/3 1454/1586/3
f 1448/1580/3 1449/1581/3 1456/1588/3 1455/1587/3
f 1449/1581/3 1450/1582/3 1457/1589/3 1456/1588/3
f 1450/1582/3 1451/1583/3 1458/1590/3 1457/1589/3
f 1451/1583/3 1452/1584/3 1459/1591/3 1458/1590/3
f 1453/1585/3 1454/1586/3 1461/1593/3 1460/1592/3
f 1454/1586/3 1455/1587/3 1462/1594/3 1461/1593/3
f 1455/1587/3 1456/1588/3 1463/1595/3 1462/1594/3
f 1456/1588/3 1457/1589/3 1464/1596/3 1463/1595/3
f 1457/1589/3 1458/1590/3 1465/1597/3 1464/1596/3
f 1458/1590/3 1459/1591/3 1466/1598/3 1465/1597/3
f 1460/1592/3 1461/1593/3 1468/1600/3 1467/1599/3
f 1461/1593/3 1462/1594/3 1469/1601/3 1468/1600/3
f 1462/1594/3 1463/1595/3 1470/1602/3 1469/1601/3
f 1463/1595/3 1464/1596/3 1471/1603/3 1470/1602/3
f 1464/1596/3 1465/1597/3 1472/1604/3 1471/1603/3
f 1465/1597/3 1466/1598/3 1473/1605/3 1472/1604/3
f 1194/1326/3 1222/1354/3 1425/1557/3 1193/1325/3
f 1222/1354/3 1223/1355/3 1426/1558/3 1425/1557/3
f 1223/1355/3 1224/1356/3 1427/1559/3 1426/1558/3
f 1224/1356/3 1225/1357/3 1428/1560/3 1427/1559/3
f 1225/1357/3 1226/1358/3 1429/1561/3 1428/1560/3
f 1226/1358/3 1227/1359/3 1430/1562/3 1429/1561/3
f 1227/1359/3 1228/1360/3 1431/1563/3 1430/1562/3
f 1228/1360/3 1195/1327/3 1258/1390/3 1431/1563/3
f 1431/1563/3 1258/1390/3 1259/1391/3 1438/1570/3
f 1438/1570/3 1259/1391/3 1260/1392/3 1445/1577/3
f 1445/1577/3 1260/1392/3 1261/1393/3 1452/1584/3
f 1452/1584/3 1261/1393/3 1262/1394/3 1459/1591/3
f 1459/1591/3 1262/1394/3 1263/1395/3 1466/1598/3
f 1466/1598/3 1263/1395/3 1264/1396/3 1473/1605/3
f 1473/1605/3 1264/1396/3 1236/1368/3 1265/1397/3
f 1472/1604/3 1473/1605/3 1265/1397/3 1266/1398/3
f 1471/1603/3 1472/1604/3 1266/1398/3 1267/1399/3
f 1470/1602/3 1471/1603/3 1267/1399/3 1268/1400/3
f 1469/1601/3 1470/1602/3 1268/1400/3 1269/1401/3
f 1468/1600/3 1469/1601/3 1269/1401/3 1270/1402/3
f 1467/1599/3 1468/1600/3 1270/1402/3 1271/1403/3
f 1187/1319/3 1467/1599/3 1271/1403/3 1186/1318/3
f 1188/1320/3 1460/1592/3 1467/1599/3 1187/1319/3
f 1189/1321/3 1453/1585/3 1460/1592/3 1188/1320/3
f 1190/1322/3 1446/1578/3 1453/1585/3 1189/1321/3
f 1191/1323/3 1439/1571/3 1446/1578/3 1190/1322/3
f 1192/1324/3 1432/1564/3 1439/1571/3 1191/1323/3
f 1193/1325/3 1425/1557/3 1432/1564/3 1192/1324/3
f 1474/1606/3 1475/1607/3 1482/1614/3 1481/1613/3
f 1475/1607/3 1476/1608/3 1483/1615/3 1482/1614/3
f 1476/1608/3 1477/1609/3 1484/1616/3 1483/1615/3
f 1477/1609/3 1478/1610/3 1485/1617/3 1484/1616/3
f 1478/1610/3 1479/1611/3 1486/1618/3 1485/1617/3
f 1479/1611/3 1480/1612/3 1487/1619/3 1486/1618/3
f 1481/1613/3 1482/1614/3 1489/1621/3 1488/1620/3
f 1482/1614/3 1483/1615/3 1490/1622/3 1489/1621/3
f 1483/1615/3 1484/1616/3 1491/1623/3 1490/1622/3
f 1484/1616/3 1485/1617/3 1492/1624/3 1491/1623/3
f 1485/1617/3 1486/1618/3 1493/1625/3 1492/1624/3
f 1486/1618/3 1487/1619/3 1494/1626/3 1493/1625/3
f 1488/1620/3 1489/1621/3 1496/1628/3 1495/1627/3
f 1489/1621/3 1490/1622/3 1497/1629/3 1496/1628/3
f 1490/1622/3 1491/1623/3 1498/1630/3 1497/1629/3
f 1491/1623/3 1492/1624/3 1499/1631/3 1498/1630/3
f 1492/1624/3 1493/1625/3 1500/1632/3 1499/1631/3
f 1493/1625/3 1494/1626/3 1501/1633/3 1500/1632/3
f 1495/1627/3 1496/1628/3 1503/1635/3 1502/1634/3
f 1496/1628/3 1497/1629/3 1504/1636/3 1503/1635/3
f 1497/1629/3 1498/1630/3 1505/1637/3 1504/1636/3
f 1498/1630/3 1499/1631/3 1506/1638/3 1505/1637/3
f 1499/1631/3 1500/1632/3 1507/1639/3 1506/1638/3
f 1500/1632/3 1501/1633/3 1508/1640/3 1507/1639/3
f 1502/1634/3 1503/1635/3 1510/1642/3 1509/1641/3
f 1503/1635/3 1504/1636/3 1511/1643/3 1510/1642/3
f 1504/1636/3 1505/1637/3 1512/1644/3 1511/1643/3
f 1505/1637/3 1506/1638/3 1513/1645/3 1512/1644/3
f 1506/1638/3 1507/1639/3 1514/1646/3 1513/1645/3
f 1507/1639/3 1508/1640/3 1515/1647/3 1514/1646/3
f 1509/1641/3 1510/1642/3 1517/1649/3 1516/1648/3
f 1510/1642/3 1511/1643/3 1518/1650/3 1517/1649/3
f 1511/1643/3 1512/1644/3 1519/1651/3 1518/1650/3
f 1512/1644/3 1513/1645/3 1520/1652/3 1519/1651/3
f 1513/1645/3 1514/1646/3 1521/1653/3 1520/1652/3
f 1514/1646/3 1515/1647/3 1522/1654/3 1521/1653/3
f 1195/1327/3 1196/1328/3 1474/1606/3 1258/1390/3
f 1196/1328/3 1197/1329/3 1475/1607/3 1474/1606/3
f 1197/1329/3 1198/1330/3 1476/1608/3 1475/1607/3
f 1198/1330/3 1199/1331/3 1477/1609/3 1476/1608/3
f 1199/1331/3 1200/1332/3 1478/1610/3 1477/1609/3
f 1200/1332/3 1201/1333/3 1479/1611/3 1478/1610/3
f 1201/1333/3 1202/1334/3 1480/1612/3 1479/1611/3
f 1202/1334/3 1203/1335/3 1251/1383/3 1480/1612/3
f 1480/1612/3 1251/1383/3 1252/1384/3 1487/1619/3
f 1487/1619/3 1252/1384/3 1253/1385/3 1494/1626/3
f 1494/1626/3 1253/1385/3 1254/1386/3 1501/1633/3
f 1501/1633/3 1254/1386/3 1255/1387/3 1508/1640/3
f 1508/1640/3 1255/1387/3 1256/1388/3 1515/1647/3
f 1515/1647/3 1256/1388/3 1257/1389/3 1522/1654/3
f 1522/1654/3 1257/1389/3 1204/1336/3 1272/1404/3
f 1521/1653/3 1522/1654/3 1272/1404/3 1273/1405/3
f 1520/1652/3 1521/1653/3 1273/1405/3 1274/1406/3
f 1519/1651/3 1520/1652/3 1274/1406/3 1275/1407/3
f 1518/1650/3 1519/1651/3 1275/1407/3 1276/1408/3
f 1517/1649/3 1518/1650/3 1276/1408/3 1277/1409/3
f 1516/1648/3 1517/1649/3 1277/1409/3 1278/1410/3
f 1264/1396/3 1516/1648/3 1278/1410/3 1236/1368/3
f 1263/1395/3 1509/1641/3 1516/1648/3 1264/1396/3
f 1262/1394/3 1502/1634/3 1509/1641/3 1263/1395/3
f 1261/1393/3 1495/1627/3 1502/1634/3 1262/1394/3
f 1260/1392/3 1488/1620/3 1495/1627/3 1261/1393/3
f 1259/1391/3 1481/1613/3 1488/1620/3 1260/1392/3
f 1258/1390/3 1474/1606/3 1481/1613/3 1259/1391/3
f 1523/1655/3 1524/1656/3 1531/1663/3 1530/1662/3
f 1524/1656/3 1525/1657/3 1532/1664/3 1531/1663/3
f 1525/1657/3 1526/1658/3 1533/1665/3 1532/1664/3
f 1526/1658/3 1527/1659/3 1534/1666/3 1533/1665/3
f 1527/1659/3 1528/1660/3 1535/1667/3 1534/1666/3
f 1528/1660/3 1529/1661/3 1536/1668/3 1535/1667/3
f 1530/1662/3 1531/1663/3 1538/1670/3 1537/1669/3
f 1531/1663/3 1532/1664/3 1539/1671/3 1538/1670/3
f 1532/1664/3 1533/1665/3 1540/1672/3 1539/1671/3
f 1533/1665/3 1534/1666/3 1541/1673/3 1540/1672/3
f 1534/1666/3 1535/1667/3 1542/1674/3 1541/1673/3
f 1535/1667/3 1536/1668/3 1543/1675/3 1542/1674/3
f 1537/1669/3 1538/1670/3 1545/1677/3 1544/1676/3
f 1538/1670/3 1539/1671/3 1546/1678/3 1545/1677/3
f 1539/1671/3 1540/1672/3 1547/1679/3 1546/1678/3
f 1540/1672/3 1541/1673/3 1548/1680/3 1547/1679/3
f 1541/1673/3 1542/1674/3 1549/1681/3 1548/1680/3
f 1542/1674/3 1543/1675/3 1550/1682/3 1549/1681/3
f 1544/1676/3 1545/1677/3 1552/1684/3 1551/1683/3
f 1545/1677/3 1546/1678/3 1553/1685/3 1552/1684/3
f 1546/1678/3 1547/1679/3 1554/1686/3 1553/1685/3
f 1547/1679/3 1548/1680/3 1555/1687/3 1554/1686/3
f 1548/1680/3 1549/1681/3 1556/1688/3 1555/1687/3
f 1549/1681/3 1550/1682/3 1557/1689/3 1556/1688/3
f 1551/1683/3 1552/1684/3 1559/1691/261 1558/1690/189
f 1552/1684/3 1553/1685/3 1560/1692/255 1559/1691/261
f 1553/1685/3 1554/1686/3 1561/1693/246 1560/1692/255
f 1554/1686/3 1555/1687/3 1562/1694/237 1561/1693/246
f 1555/1687/3 1556/1688/3 1563/1695/227 1562/1694/237
f 1556/1688/3 1557/1689/3 1564/1696/228 1563/1695/227
f 1221/1353/3 1220/1352/3 1523/1655/3 1284/1416/3
f 1220/1352/3 1219/1351/3 1524/1656/3 1523/1655/3
f 1219/1351/3 1218/1350/3 1525/1657/3 1524/1656/3
f 1218/1350/3 1217/1349/3 1526/1658/3 1525/1657/3
f 1217/1349/3 1216/1348/3 1527/1659/3 1526/1658/3
f 1216/1348/3 1215/1347/3 1528/1660/3 1527/1659/3
f 1215/1347/3 1214/1346/3 1529/1661/3 1528/1660/3
f 1214/1346/3 1213/1345/3 1285/1417/3 1529/1661/3
f 1529/1661/3 1285/1417/3 1286/1418/3 1536/1668/3
f 1536/1668/3 1286/1418/3 1287/1419/3 1543/1675/3
f 1543/1675/3 1287/1419/3 1288/1420/3 1550/1682/3
f 1550/1682/3 1288/1420/3 1289/1421/3 1557/1689/3
f 1557/1689/3 1289/1421/3 1290/1422/186 1564/1696/228
f 1280/1412/3 1551/1683/3 1558/1690/189 1279/1411/188
f 1281/1413/3 1544/1676/3 1551/1683/3 1280/1412/3
f 1282/1414/3 1537/1669/3 1544/1676/3 1281/1413/3
f 1283/1415/3 1530/1662/3 1537/1669/3 1282/1414/3
f 1284/1416/3 1523/1655/3 1530/1662/3 1283/1415/3
f 1565/1697/3 1566/1698/3 1573/1705/3 1572/1704/3
f 1566/1698/3 1567/1699/3 1574/1706/3 1573/1705/3
f 1567/1699/3 1568/1700/3 1575/1707/3 1574/1706/3
f 1568/1700/3 1569/1701/3 1576/1708/3 1575/1707/3
f 1569/1701/3 1570/1702/3 1577/1709/3 1576/1708/3
f 1570/1702/3 1571/1703/3 1578/1710/3 1577/1709/3
f 1572/1704/3 1573/1705/3 1580/1712/3 1579/1711/3
f 1573/1705/3 1574/1706/3 1581/1713/3 1580/1712/3
f 1574/1706/3 1575/1707/3 1582/1714/3 1581/1713/3
f 1575/1707/3 1576/1708/3 1583/1715/3 1582/1714/3
f 1576/1708/3 1577/1709/3 1584/1716/3 1583/1715/3
f 1577/1709/3 1578/1710/3 1585/1717/3 1584/1716/3
f 1579/1711/3 1580/1712/3 1587/1719/3 1586/1718/3
f 1580/1712/3 1581/1713/3 1588/1720/3 1587/1719/3
f 1581/1713/3 1582/1714/3 1589/1721/3 1588/1720/3
f 1582/1714/3 1583/1715/3 1590/1722/3 1589/1721/3
f 1583/1715/3 1584/1716/3 1591/1723/3 1590/1722/3
f 1584/1716/3 1585/1717/3 1592/1724/3 1591/1723/3
f 1586/1718/3 1587/1719/3 1594/1726/3 1593/1725/3
f 1587/1719/3 1588/1720/3 1595/1727/3 1594/1726/3
f 1588/1720/3 1589/1721/3 1596/1728/3 1595/1727/3
f 1589/1721/3 1590/1722/3 1597/1729/3 1596/1728/3
f 1590/1722/3 1591/1723/3 1598/1730/3 1597/1729/3
f 1591/1723/3 1592/1724/3 1599/1731/3 1598/1730/3
f 1593/1725/3 1594/1726/3 1601/1733/260 1600/1732/187
f 1594/1726/3 1595/1727/3 1602/1734/253 1601/1733/260
f 1595/1727/3 1596/1728/3 1603/1735/244 1602/1734/253
f 1596/1728/3 1597/1729/3 1604/1736/235 1603/1735/244
f 1597/1729/3 1598/1730/3 1605/1737/224 1604/1736/235
f 1598/1730/3 1599/1731/3 1606/1738/225 1605/1737/224
f 1213/1345/3 1235/1367/3 1565/1697/3 1285/1417/3
f 1235/1367/3 1234/1366/3 1566/1698/3 1565/1697/3
f 1234/1366/3 1233/1365/3 1567/1699/3 1566/1698/3
f 1233/1365/3 1232/1364/3 1568/1700/3 1567/1699/3
f 1232/1364/3 1231/1363/3 1569/1701/3 1568/1700/3
f 1231/1363/3 1230/1362/3 1570/1702/3 1569/1701/3
f 1230/1362/3 1229/1361/3 1571/1703/3 1570/1702/3
f 1229/1361/3 1212/1344/3 1291/1423/3 1571/1703/3
f 1571/1703/3 1291/1423/3 1292/1424/3 1578/1710/3
f 1578/1710/3 1292/1424/3 1293/1425/3 1585/1717/3
f 1585/1717/3 1293/1425/3 1294/1426/3 1592/1724/3
f 1592/1724/3 1294/1426/3 1295/1427/3 1599/1731/3
f 1599/1731/3 1295/1427/3 1296/1428/184 1606/1738/225
f 1289/1421/3 1593/1725/3 1600/1732/187 1290/1422/186
f 1288/1420/3 1586/1718/3 1593/1725/3 1289/1421/3
f 1287/1419/3 1579/1711/3 1586/1718/3 1288/1420/3
f 1286/1418/3 1572/1704/3 1579/1711/3 1287/1419/3
f 1285/1417/3 1565/1697/3 1572/1704/3 1286/1418/3
f 1607/1739/3 1608/1740/3 1615/1747/3 1614/1746/3
f 1608/1740/3 1609/1741/3 1616/1748/3 1615/1747/3
f 1609/1741/3 1610/1742/3 1617/1749/3 1616/1748/3
f 1610/1742/3 1611/1743/3 1618/1750/3 1617/1749/3
f 1611/1743/3 1612/1744/3 1619/1751/3 1618/1750/3
f 1612/1744/3 1613/1745/3 1620/1752/3 1619/1751/3
f 1614/1746/3 1615/1747/3 1622/1754/3 1621/1753/3
f 1615/1747/3 1616/1748/3 1623/1755/3 1622/1754/3
f 1616/1748/3 1617/1749/3 1624/1756/3 1623/1755/3
f 1617/1749/3 1618/1750/3 1625/1757/3 1624/1756/3
f 1618/1750/3 1619/1751/3 1626/1758/3 1625/1757/3
f 1619/1751/3 1620/1752/3 1627/1759/3 1626/1758/3
f 1621/1753/3 1622/1754/3 1629/1761/3 1628/1760/3
f 1622/1754/3 1623/1755/3 1630/1762/3 1629/1761/3
f 1623/1755/3 1624/1756/3 1631/1763/3 1630/1762/3
f 1624/1756/3 1625/1757/3 1632/1764/3 1631/1763/3
f 1625/1757/3 1626/1758/3 1633/1765/3 1632/1764/3
f 1626/1758/3 1627/1759/3 1634/1766/3 1633/1765/3
f 1628/1760/3 1629/1761/3 1636/1768/3 1635/1767/3
f 1629/1761/3 1630/1762/3 1637/1769/3 1636/1768/3
f 1630/1762/3 1631/1763/3 1638/1770/3 1637/1769/3
f 1631/1763/3 1632/1764/3 1639/1771/3 1638/1770/3
f 1632/1764/3 1633/1765/3 1640/1772/3 1639/1771/3
f 1633/1765/3 1634/1766/3 1641/1773/3 1640/1772/3
f 1635/1767/3 1636/1768/3 1643/1775/259 1642/1774/185
f 1636/1768/3 1637/1769/3 1644/1776/250 1643/1775/259
f 1637/1769/3 1638/1770/3 1645/1777/241 1644/1776/250
f 1638/1770/3 1639/1771/3 1646/1778/232 1645/1777/241
f 1639/1771/3 1640/1772/3 1647/1779/220 1646/1778/232
f 1640/1772/3 1641/1773/3 1648/1780/221 1647/1779/220
f 1212/1344/3 1211/1343/3 1607/1739/3 1291/1423/3
f 1211/1343/3 1210/1342/3 1608/1740/3 1607/1739/3
f 1210/1342/3 1209/1341/3 1609/1741/3 1608/1740/3
f 1209/1341/3 1208/1340/3 1610/1742/3 1609/1741/3
f 1208/1340/3 1207/1339/3 1611/1743/3 1610/1742/3
f 1207/1339/3 1206/1338/3 1612/1744/3 1611/1743/3
f 1206/1338/3 1205/1337/3 1613/1745/3 1612/1744/3
f 1205/1337/3 1204/1336/3 1297/1429/3 1613/1745/3
f 1613/1745/3 1297/1429/3 1298/1430/3 1620/1752/3
f 1620/1752/3 1298/1430/3 1299/1431/3 1627/1759/3
f 1627/1759/3 1299/1431/3 1300/1432/3 1634/1766/3
f 1634/1766/3 1300/1432/3 1301/1433/3 1641/1773/3
f 1641/1773/3 1301/1433/3 1302/1434/182 1648/1780/221
f 1295/1427/3 1635/1767/3 1642/1774/185 1296/1428/184
f 1294/1426/3 1628/1760/3 1635/1767/3 1295/1427/3
f 1293/1425/3 1621/1753/3 1628/1760/3 1294/1426/3
f 1292/1424/3 1614/1746/3 1621/1753/3 1293/1425/3
f 1291/1423/3 1607/1739/3 1614/1746/3 1292/1424/3
f 1649/1781/3 1650/1782/3 1657/1789/3 1656/1788/3
f 1650/1782/3 1651/1783/3 1658/1790/3 1657/1789/3
f 1651/1783/3 1652/1784/3 1659/1791/3 1658/1790/3
f 1652/1784/3 1653/1785/3 1660/1792/3 1659/1791/3
f 1653/1785/3 1654/1786/3 1661/1793/3 1660/1792/3
f 1654/1786/3 1655/1787/3 1662/1794/3 1661/1793/3
f 1656/1788/3 1657/1789/3 1664/1796/3 1663/1795/3
f 1657/1789/3 1658/1790/3 1665/1797/3 1664/1796/3
f 1658/1790/3 1659/1791/3 1666/1798/3 1665/1797/3
f 1659/1791/3 1660/1792/3 1667/1799/3 1666/1798/3
f 1660/1792/3 1661/1793/3 1668/1800/3 1667/1799/3
f 1661/1793/3 1662/1794/3 1669/1801/3 1668/1800/3
f 1663/1795/3 1664/1796/3 1671/1803/3 1670/1802/3
f 1664/1796/3 1665/1797/3 1672/1804/3 1671/1803/3
f 1665/1797/3 1666/1798/3 1673/1805/3 1672/1804/3
f 1666/1798/3 1667/1799/3 1674/1806/3 1673/1805/3
f 1667/1799/3 1668/1800/3 1675/1807/3 1674/1806/3
f 1668/1800/3 1669/1801/3 1676/1808/3 1675/1807/3
f 1670/1802/3 1671/1803/3 1678/1810/3 1677/1809/3
f 1671/1803/3 1672/1804/3 1679/1811/3 1678/1810/3
f 1672/1804/3 1673/1805/3 1680/1812/3 1679/1811/3
f 1673/1805/3 1674/1806/3 1681/1813/3 1680/1812/3
f 1674/1806/3 1675/1807/3 1682/1814/3 1681/1813/3
f 1675/1807/3 1676/1808/3 1683/1815/3 1682/1814/3
f 1677/1809/3 1678/1810/3 1685/1817/258 1684/1816/183
f 1678/1810/3 1679/1811/3 1686/1818/249 1685/1817/258
f 1679/1811/3 1680/1812/3 1687/1819/240 1686/1818/249
f 1680/1812/3 1681/1813/3 1688/1820/231 1687/1819/240
f 1681/1813/3 1682/1814/3 1689/1821/218 1688/1820/231
f 1682/1814/3 1683/1815/3 1690/1822/219 1689/1821/218
f 1204/1336/3 1257/1389/3 1649/1781/3 1297/1429/3
f 1257/1389/3 1256/1388/3 1650/1782/3 1649/1781/3
f 1256/1388/3 1255/1387/3 1651/1783/3 1650/1782/3
f 1255/1387/3 1254/1386/3 1652/1784/3 1651/1783/3
f 1254/1386/3 1253/1385/3 1653/1785/3 1652/1784/3
f 1253/1385/3 1252/1384/3 1654/1786/3 1653/1785/3
f 1252/1384/3 1251/1383/3 1655/1787/3 1654/1786/3
f 1251/1383/3 1203/1335/3 1303/1435/3 1655/1787/3
f 1655/1787/3 1303/1435/3 1304/1436/3 1662/1794/3
f 1662/1794/3 1304/1436/3 1305/1437/3 1669/1801/3
f 1669/1801/3 1305/1437/3 1306/1438/3 1676/1808/3
f 1676/1808/3 1306/1438/3 1307/1439/3 1683/1815/3
f 1683/1815/3 1307/1439/3 1308/1440/180 1690/1822/219
f 1301/1433/3 1677/1809/3 1684/1816/183 1302/1434/182
f 1300/1432/3 1670/1802/3 1677/1809/3 1301/1433/3
f 1299/1431/3 1663/1795/3 1670/1802/3 1300/1432/3
f 1298/1430/3 1656/1788/3 1663/1795/3 1299/1431/3
f 1297/1429/3 1649/1781/3 1656/1788/3 1298/1430/3
f 1691/1823/3 1692/1824/3 1699/1831/3 1698/1830/3
f 1692/1824/3 1693/1825/3 1700/1832/3 1699/1831/3
f 1693/1825/3 1694/1826/3 1701/1833/3 1700/1832/3
f 1694/1826/3 1695/1827/3 1702/1834/3 1701/1833/3
f 1695/1827/3 1696/1828/3 1703/1835/3 1702/1834/3
f 1696/1828/3 1697/1829/3 1704/1836/3 1703/1835/3
f 1698/1830/3 1699/1831/3 1706/1838/3 1705/1837/3
f 1699/1831/3 1700/1832/3 1707/1839/3 1706/1838/3
f 1700/1832/3 1701/1833/3 1708/1840/3 1707/1839/3
f 1701/1833/3 1702/1834/3 1709/1841/3 1708/1840/3
f 1702/1834/3 1703/1835/3 1710/1842/3 1709/1841/3
f 1703/1835/3 1704/1836/3 1711/1843/3 1710/1842/3
f 1705/1837/3 1706/1838/3 1713/1845/3 1712/1844/3
f 1706/1838/3 1707/1839/3 1714/1846/3 1713/1845/3
f 1707/1839/3 1708/1840/3 1715/1847/3 1714/1846/3
f 1708/1840/3 1709/1841/3 1716/1848/3 1715/1847/3
f 1709/1841/3 1710/1842/3 1717/1849/3 1716/1848/3
f 1710/1842/3 1711/1843/3 1718/1850/3 1717/1849/3
f 1712/1844/3 1713/1845/3 1720/1852/3 1719/1851/3
f 1713/1845/3 1714/1846/3 1721/1853/3 1720/1852/3
f 1714/1846/3 1715/1847/3 1722/1854/3 1721/1853/3
f 1715/1847/3 1716/1848/3 1723/1855/3 1722/1854/3
f 1716/1848/3 1717/1849/3 1724/1856/3 1723/1855/3
f 1717/1849/3 1718/1850/3 1725/1857/3 1724/1856/3
f 1719/1851/3 1720/1852/3 1727/1859/257 1726/1858/181
f 1720/1852/3 1721/1853/3 1728/1860/248 1727/1859/257
f 1721/1853/3 1722/1854/3 1729/1861/239 1728/1860/248
f 1722/1854/3 1723/1855/3 1730/1862/230 1729/1861/239
f 1723/1855/3 1724/1856/3 1731/1863/216 1730/1862/230
f 1724/1856/3 1725/1857/3 1732/1864/217 1731/1863/216
f 1203/1335/3 1202/1334/3 1691/1823/3 1303/1435/3
f 1202/1334/3 1201/1333/3 1692/1824/3 1691/1823/3
f 1201/1333/3 1200/1332/3 1693/1825/3 1692/1824/3
f 1200/1332/3 1199/1331/3 1694/1826/3 1693/1825/3
f 1199/1331/3 1198/1330/3 1695/1827/3 1694/1826/3
f 1198/1330/3 1197/1329/3 1696/1828/3 1695/1827/3
f 1197/1329/3 1196/1328/3 1697/1829/3 1696/1828/3
f 1196/1328/3 1195/1327/3 1309/1441/3 1697/1829/3
f 1697/1829/3 1309/1441/3 1310/1442/3 1704/1836/3
f 1704/1836/3 1310/1442/3 1311/1443/3 1711/1843/3
f 1711/1843/3 1311/1443/3 1312/1444/3 1718/1850/3
f 1718/1850/3 1312/1444/3 1313/1445/3 1725/1857/3
f 1725/1857/3 1313/1445/3 1314/1446/178 1732/1864/217
f 1307/1439/3 1719/1851/3 1726/1858/181 1308/1440/180
f 1306/1438/3 1712/1844/3 1719/1851/3 1307/1439/3
f 1305/1437/3 1705/1837/3 1712/1844/3 1306/1438/3
f 1304/1436/3 1698/1830/3 1705/1837/3 1305/1437/3
f 1303/1435/3 1691/1823/3 1698/1830/3 1304/1436/3
f 1733/1865/3 1734/1866/3 1741/1873/3 1740/1872/3
f 1734/1866/3 1735/1867/3 1742/1874/3 1741/1873/3
f 1735/1867/3 1736/1868/3 1743/1875/3 1742/1874/3
f 1736/1868/3 1737/1869/3 1744/1876/3 1743/1875/3
f 1737/1869/3 1738/1870/3 1745/1877/3 1744/1876/3
f 1738/1870/3 1739/1871/3 1746/1878/3 1745/1877/3
f 1740/1872/3 1741/1873/3 1748/1880/3 1747/1879/3
f 1741/1873/3 1742/1874/3 1749/1881/3 1748/1880/3
f 1742/1874/3 1743/1875/3 1750/1882/3 1749/1881/3
f 1743/1875/3 1744/1876/3 1751/1883/3 1750/1882/3
f 1744/1876/3 1745/1877/3 1752/1884/3 1751/1883/3
f 1745/1877/3 1746/1878/3 1753/1885/3 1752/1884/3
f 1747/1879/3 1748/1880/3 1755/1887/3 1754/1886/3
f 1748/1880/3 1749/1881/3 1756/1888/3 1755/1887/3
f 1749/1881/3 1750/1882/3 1757/1889/3 1756/1888/3
f 1750/1882/3 1751/1883/3 1758/1890/3 1757/1889/3
f 1751/1883/3 1752/1884/3 1759/1891/3 1758/1890/3
f 1752/1884/3 1753/1885/3 1760/1892/3 1759/1891/3
f 1754/1886/3 1755/1887/3 1762/1894/3 1761/1893/3
f 1755/1887/3 1756/1888/3 1763/1895/3 1762/1894/3
f 1756/1888/3 1757/1889/3 1764/1896/3 1763/1895/3
f 1757/1889/3 1758/1890/3 1765/1897/3 1764/1896/3
f 1758/1890/3 1759/1891/3 1766/1898/3 1765/1897/3
f 1759/1891/3 1760/1892/3 1767/1899/3 1766/1898/3
f 1761/1893/3 1762/1894/3 1769/1901/256 1768/1900/179
f 1762/1894/3 1763/1895/3 1770/1902/247 1769/1901/256
f 1763/1895/3 1764/1896/3 1771/1903/238 1770/1902/247
f 1764/1896/3 1765/1897/3 1772/1904/229 1771/1903/238
f 1765/1897/3 1766/1898/3 1773/1905/214 1772/1904/229
f 1766/1898/3 1767/1899/3 1774/1906/215 1773/1905/214
f 1195/1327/3 1228/1360/3 1733/1865/3 1309/1441/3
f 1228/1360/3 1227/1359/3 1734/1866/3 1733/1865/3
f 1227/1359/3 1226/1358/3 1735/1867/3 1734/1866/3
f 1226/1358/3 1225/1357/3 1736/1868/3 1735/1867/3
f 1225/1357/3 1224/1356/3 1737/1869/3 1736/1868/3
f 1224/1356/3 1223/1355/3 1738/1870/3 1737/1869/3
f 1223/1355/3 1222/1354/3 1739/1871/3 1738/1870/3
f 1222/1354/3 1194/1326/3 1315/1447/3 1739/1871/3
f 1739/1871/3 1315/1447/3 1316/1448/3 1746/1878/3
f 1746/1878/3 1316/1448/3 1317/1449/3 1753/1885/3
f 1753/1885/3 1317/1449/3 1318/1450/3 1760/1892/3
f 1760/1892/3 1318/1450/3 1319/1451/3 1767/1899/3
f 1767/1899/3 1319/1451/3 1320/1452/176 1774/1906/215
f 1313/1445/3 1761/1893/3 1768/1900/179 1314/1446/178
f 1312/1444/3 1754/1886/3 1761/1893/3 1313/1445/3
f 1311/1443/3 1747/1879/3 1754/1886/3 1312/1444/3
f 1310/1442/3 1740/1872/3 1747/1879/3 1311/1443/3
f 1309/1441/3 1733/1865/3 1740/1872/3 1310/1442/3
f 1775/1907/3 1776/1908/3 1783/1915/3 1782/1914/3
f 1776/1908/3 1777/1909/3 1784/1916/3 1783/1915/3
f 1777/1909/3 1778/1910/3 1785/1917/3 1784/1916/3
f 1778/1910/3 1779/1911/3 1786/1918/3 1785/1917/3
f 1779/1911/3 1780/1912/3 1787/1919/3 1786/1918/3
f 1780/1912/3 1781/1913/3 1788/1920/3 1787/1919/3
f 1782/1914/3 1783/1915/3 1790/1922/3 1789/1921/3
f 1783/1915/3 1784/1916/3 1791/1923/3 1790/1922/3
f 1784/1916/3 1785/1917/3 1792/1924/3 1791/1923/3
f 1785/1917/3 1786/1918/3 1793/1925/3 1792/1924/3
f 1786/1918/3 1787/1919/3 1794/1926/3 1793/1925/3
f 1787/1919/3 1788/1920/3 1795/1927/3 1794/1926/3
f 1789/1921/3 1790/1922/3 1797/1929/3 1796/1928/3
f 1790/1922/3 1791/1923/3 1798/1930/3 1797/1929/3
f 1791/1923/3 1792/1924/3 1799/1931/3 1798/1930/3
f 1792/1924/3 1793/1925/3 1800/1932/3 1799/1931/3
f 1793/1925/3 1794/1926/3 1801/1933/3 1800/1932/3
f 1794/1926/3 1795/1927/3 1802/1934/3 1801/1933/3
f 1796/1928/3 1797/1929/3 1804/1936/3 1803/1935/3
f 1797/1929/3 1798/1930/3 1805/1937/3 1804/1936/3
f 1798/1930/3 1799/1931/3 1806/1938/3 1805/1937/3
f 1799/1931/3 1800/1932/3 1807/1939/3 1806/1938/3
f 1800/1932/3 1801/1933/3 1808/1940/3 1807/1939/3
f 1801/1933/3 1802/1934/3 1809/1941/3 1808/1940/3
f 1803/1935/3 1804/1936/3 1811/1943/254 1810/1942/177
f 1804/1936/3 1805/1937/3 1812/1944/245 1811/1943/254
f 1805/1937/3 1806/1938/3 1813/1945/236 1812/1944/245
f 1806/1938/3 1807/1939/3 1814/1946/226 1813/1945/236
f 1807/1939/3 1808/1940/3 1815/1947/194 1814/1946/226
f 1808/1940/3 1809/1941/3 1816/1948/195 1815/1947/194
f 1194/1326/3 1193/1325/3 1775/1907/3 1315/1447/3
f 1193/1325/3 1192/1324/3 1776/1908/3 1775/1907/3
f 1192/1324/3 1191/1323/3 1777/1909/3 1776/1908/3
f 1191/1323/3 1190/1322/3 1778/1910/3 1777/1909/3
f 1190/1322/3 1189/1321/3 1779/1911/3 1778/1910/3
f 1189/1321/3 1188/1320/3 1780/1912/3 1779/1911/3
f 1188/1320/3 1187/1319/3 1781/1913/3 1780/1912/3
f 1187/1319/3 1186/1318/3 1321/1453/3 1781/1913/3
f 1781/1913/3 1321/1453/3 1322/1454/3 1788/1920/3
f 1788/1920/3 1322/1454/3 1323/1455/3 1795/1927/3
f 1795/1927/3 1323/1455/3 1324/1456/3 1802/1934/3
f 1802/1934/3 1324/1456/3 1325/1457/3 1809/1941/3
f 1809/1941/3 1325/1457/3 1326/1458/174 1816/1948/195
f 1319/1451/3 1803/1935/3 1810/1942/177 1320/1452/176
f 1318/1450/3 1796/1928/3 1803/1935/3 1319/1451/3
f 1317/1449/3 1789/1921/3 1796/1928/3 1318/1450/3
f 1316/1448/3 1782/1914/3 1789/1921/3 1317/1449/3
f 1315/1447/3 1775/1907/3 1782/1914/3 1316/1448/3
f 1817/1949/3 1818/1950/3 1825/1957/3 1824/1956/3
f 1818/1950/3 1819/1951/3 1826/1958/3 1825/1957/3
f 1819/1951/3 1820/1952/3 1827/1959/3 1826/1958/3
f 1820/1952/3 1821/1953/3 1828/1960/3 1827/1959/3
f 1821/1953/3 1822/1954/3 1829/1961/3 1828/1960/3
f 1822/1954/3 1823/1955/3 1830/1962/3 1829/1961/3
f 1824/1956/3 1825/1957/3 1832/1964/3 1831/1963/3
f 1825/1957/3 1826/1958/3 1833/1965/3 1832/1964/3
f 1826/1958/3 1827/1959/3 1834/1966/3 1833/1965/3
f 1827/1959/3 1828/1960/3 1835/1967/3 1834/1966/3
f 1828/1960/3 1829/1961/3 1836/1968/3 1835/1967/3
f 1829/1961/3 1830/1962/3 1837/1969/3 1836/1968/3
f 1831/1963/3 1832/1964/3 1839/1971/3 1838/1970/3
f 1832/1964/3 1833/1965/3 1840/1972/3 1839/1971/3
f 1833/1965/3 1834/1966/3 1841/1973/3 1840/1972/3
f 1834/1966/3 1835/1967/3 1842/1974/3 1841/1973/3
f 1835/1967/3 1836/1968/3 1843/1975/3 1842/1974/3
f 1836/1968/3 1837/1969/3 1844/1976/3 1843/1975/3
f 1838/1970/3 1839/1971/3 1846/1978/3 1845/1977/3
f 1839/1971/3 1840/1972/3 1847/1979/3 1846/1978/3
f 1840/1972/3 1841/1973/3 1848/1980/3 1847/1979/3
f 1841/1973/3 1842/1974/3 1849/1981/3 1848/1980/3
f 1842/1974/3 1843/1975/3 1850/1982/3 1849/1981/3
f 1843/1975/3 1844/1976/3 1851/1983/3 1850/1982/3
f 1845/1977/3 1846/1978/3 1853/1985/252 1852/1984/175
f 1846/1978/3 1847/1979/3 1854/1986/243 1853/1985/252
f 1847/1979/3 1848/1980/3 1855/1987/234 1854/1986/243
f 1848/1980/3 1849/1981/3 1856/1988/223 1855/1987/234
f 1849/1981/3 1850/1982/3 1857/1989/192 1856/1988/223
f 1850/1982/3 1851/1983/3 1858/1990/193 1857/1989/192
f 1186/1318/3 1250/1382/3 1817/1949/3 1321/1453/3
f 1250/1382/3 1249/1381/3 1818/1950/3 1817/1949/3
f 1249/1381/3 1248/1380/3 1819/1951/3 1818/1950/3
f 1248/1380/3 1247/1379/3 1820/1952/3 1819/1951/3
f 1247/1379/3 1246/1378/3 1821/1953/3 1820/1952/3
f 1246/1378/3 1245/1377/3 1822/1954/3 1821/1953/3
f 1245/1377/3 1244/1376/3 1823/1955/3 1822/1954/3
f 1244/1376/3 1221/1353/3 1284/1416/3 1823/1955/3
f 1823/1955/3 1284/1416/3 1283/1415/3 1830/1962/3
f 1830/1962/3 1283/1415/3 1282/1414/3 1837/1969/3
f 1837/1969/3 1282/1414/3 1281/1413/3 1844/1976/3
f 1844/1976/3 1281/1413/3 1280/1412/3 1851/1983/3
f 1851/1983/3 1280/1412/3 1279/1411/188 1858/1990/193
f 1325/1457/3 1845/1977/3 1852/1984/175 1326/1458/174
f 1324/1456/3 1838/1970/3 1845/1977/3 1325/1457/3
f 1323/1455/3 1831/1963/3 1838/1970/3 1324/1456/3
f 1322/1454/3 1824/1956/3 1831/1963/3 1323/1455/3
f 1321/1453/3 1817/1949/3 1824/1956/3 1322/1454/3
