# Blender 3.5.0 Alpha
# www.blender.org
mtllib 5_Frank.mtl
o 5_Frank
v 0.001000 0.007772 0.007772
v 0.001000 -0.007772 0.007772
v 0.001000 0.007772 -0.007772
v 0.001000 -0.007772 -0.007772
v 0.001000 0.000000 0.008624
v 0.001000 0.000000 -0.008624
v 0.001000 0.008624 -0.000000
v 0.001000 -0.008624 -0.000000
v 0.001000 0.000000 -0.000000
v 0.001000 0.008609 0.001165
v 0.001000 0.008562 0.002315
v 0.001000 0.008483 0.003434
v 0.001000 0.008374 0.004506
v 0.001000 0.008235 0.005514
v 0.001000 0.008074 0.006433
v 0.001000 0.007907 0.007224
v 0.001000 -0.001165 0.008609
v 0.001000 -0.002315 0.008562
v 0.001000 -0.003434 0.008483
v 0.001000 -0.004506 0.008374
v 0.001000 -0.005514 0.008235
v 0.001000 -0.006433 0.008074
v 0.001000 -0.007224 0.007907
v 0.001000 -0.008609 -0.001165
v 0.001000 -0.008562 -0.002315
v 0.001000 -0.008483 -0.003434
v 0.001000 -0.008374 -0.004506
v 0.001000 -0.008235 -0.005514
v 0.001000 -0.008074 -0.006433
v 0.001000 -0.007907 -0.007224
v 0.001000 0.001165 -0.008609
v 0.001000 0.002315 -0.008562
v 0.001000 0.003434 -0.008483
v 0.001000 0.004506 -0.008374
v 0.001000 0.005514 -0.008235
v 0.001000 0.006433 -0.008074
v 0.001000 0.007224 -0.007907
v 0.001000 0.007224 0.007907
v 0.001000 0.006433 0.008074
v 0.001000 0.005514 0.008235
v 0.001000 0.004506 0.008374
v 0.001000 0.003434 0.008483
v 0.001000 0.002315 0.008562
v 0.001000 0.001165 0.008609
v 0.001000 -0.007224 -0.007907
v 0.001000 -0.006433 -0.008074
v 0.001000 -0.005514 -0.008235
v 0.001000 -0.004506 -0.008374
v 0.001000 -0.003434 -0.008483
v 0.001000 -0.002315 -0.008562
v 0.001000 -0.001165 -0.008609
v 0.001000 0.000000 -0.001040
v 0.001000 0.000000 -0.002083
v 0.001000 0.000000 -0.003133
v 0.001000 0.000000 -0.004195
v 0.001000 -0.000000 -0.005271
v 0.001000 0.000000 -0.006366
v 0.001000 0.000000 -0.007482
v 0.001000 0.007907 -0.007224
v 0.001000 0.008074 -0.006433
v 0.001000 0.008235 -0.005514
v 0.001000 0.008374 -0.004506
v 0.001000 0.008483 -0.003434
v 0.001000 0.008562 -0.002315
v 0.001000 0.008609 -0.001165
v 0.001000 -0.007907 0.007224
v 0.001000 -0.008074 0.006433
v 0.001000 -0.008235 0.005514
v 0.001000 -0.008374 0.004506
v 0.001000 -0.008483 0.003434
v 0.001000 -0.008562 0.002315
v 0.001000 -0.008609 0.001165
v 0.001000 0.000000 0.007482
v 0.001000 0.000000 0.006366
v 0.001000 0.000000 0.005271
v 0.001000 0.000000 0.004195
v 0.001000 0.000000 0.003133
v 0.001000 0.000000 0.002083
v 0.001000 0.000000 0.001040
v 0.001000 0.001040 -0.000000
v 0.001000 0.002083 -0.000000
v 0.001000 0.003133 -0.000000
v 0.001000 0.004195 -0.000000
v 0.001000 0.005271 -0.000000
v 0.001000 0.006366 -0.000000
v 0.001000 0.007482 -0.000000
v 0.001000 -0.007482 -0.000000
v 0.001000 -0.006366 0.000000
v 0.001000 -0.005271 -0.000000
v 0.001000 -0.004195 -0.000000
v 0.001000 -0.003133 -0.000000
v 0.001000 -0.002083 -0.000000
v 0.001000 -0.001040 -0.000000
v 0.001000 0.012313 -0.012313
v 0.001000 0.011552 -0.011552
v 0.001000 0.010805 -0.010805
v 0.001000 0.010080 -0.010080
v 0.001000 0.009386 -0.009386
v 0.001000 0.008741 -0.008741
v 0.001000 0.008173 -0.008173
v 0.001000 0.000000 -0.009795
v 0.001000 -0.000000 -0.010991
v 0.001000 -0.000000 -0.012209
v 0.001000 0.000000 -0.013445
v 0.001000 0.000000 -0.014696
v 0.001000 0.000000 -0.015958
v 0.001000 0.000000 -0.017227
v 0.001000 -0.008173 -0.008173
v 0.001000 -0.008741 -0.008741
v 0.001000 -0.009386 -0.009386
v 0.001000 -0.010080 -0.010080
v 0.001000 -0.010805 -0.010805
v 0.001000 -0.011552 -0.011552
v 0.001000 -0.012313 -0.012313
v 0.001000 -0.009795 -0.000000
v 0.001000 -0.010991 -0.000000
v 0.001000 -0.012209 -0.000000
v 0.001000 -0.013445 -0.000000
v 0.001000 -0.014696 -0.000000
v 0.001000 -0.015958 -0.000000
v 0.001000 -0.017227 -0.000000
v 0.001000 -0.008173 0.008173
v 0.001000 -0.008741 0.008741
v 0.001000 -0.009386 0.009386
v 0.001000 -0.010080 0.010080
v 0.001000 -0.010805 0.010805
v 0.001000 -0.011552 0.011552
v 0.001000 -0.012313 0.012313
v 0.001000 0.000000 0.009795
v 0.001000 -0.000000 0.010991
v 0.001000 0.000000 0.012209
v 0.001000 0.000000 0.013445
v 0.001000 0.000000 0.014696
v 0.001000 -0.000000 0.015958
v 0.001000 -0.000000 0.017227
v 0.001000 0.008173 0.008173
v 0.001000 0.008741 0.008741
v 0.001000 0.009386 0.009386
v 0.001000 0.010080 0.010080
v 0.001000 0.010805 0.010805
v 0.001000 0.011552 0.011552
v 0.001000 0.012313 0.012313
v 0.001000 0.009795 -0.000000
v 0.001000 0.010991 -0.000000
v 0.001000 0.012209 -0.000000
v 0.001000 0.013445 -0.000000
v 0.001000 0.014696 -0.000000
v 0.001000 0.015958 -0.000000
v 0.001000 0.017227 0.000000
v 0.001000 -0.001040 -0.001040
v 0.001000 -0.002083 -0.001041
v 0.001000 -0.003133 -0.001046
v 0.001000 -0.004194 -0.001055
v 0.001000 -0.005268 -0.001070
v 0.001000 -0.006359 -0.001092
v 0.001000 -0.007472 -0.001123
v 0.001000 -0.001041 -0.002083
v 0.001000 -0.002085 -0.002085
v 0.001000 -0.003135 -0.002093
v 0.001000 -0.004192 -0.002108
v 0.001000 -0.005261 -0.002134
v 0.001000 -0.006343 -0.002175
v 0.001000 -0.007442 -0.002234
v 0.001000 -0.001046 -0.003133
v 0.001000 -0.002093 -0.003135
v 0.001000 -0.003142 -0.003142
v 0.001000 -0.004195 -0.003159
v 0.001000 -0.005253 -0.003189
v 0.001000 -0.006318 -0.003240
v 0.001000 -0.007394 -0.003319
v 0.001000 -0.001055 -0.004194
v 0.001000 -0.002108 -0.004192
v 0.001000 -0.003159 -0.004195
v 0.001000 -0.004206 -0.004206
v 0.001000 -0.005248 -0.004230
v 0.001000 -0.006288 -0.004279
v 0.001000 -0.007329 -0.004367
v 0.001000 -0.001070 -0.005268
v 0.001000 -0.002134 -0.005261
v 0.001000 -0.003189 -0.005253
v 0.001000 -0.004230 -0.005248
v 0.001000 -0.005253 -0.005253
v 0.001000 -0.006259 -0.005284
v 0.001000 -0.007251 -0.005364
v 0.001000 -0.001092 -0.006359
v 0.001000 -0.002175 -0.006343
v 0.001000 -0.003240 -0.006318
v 0.001000 -0.004279 -0.006288
v 0.001000 -0.005284 -0.006259
v 0.001000 -0.006251 -0.006251
v 0.001000 -0.007179 -0.006294
v 0.001000 -0.001123 -0.007472
v 0.001000 -0.002234 -0.007442
v 0.001000 -0.003319 -0.007394
v 0.001000 -0.004367 -0.007329
v 0.001000 -0.005364 -0.007251
v 0.001000 -0.006294 -0.007179
v 0.001000 -0.007142 -0.007142
v 0.001000 0.007472 -0.001123
v 0.001000 0.006359 -0.001092
v 0.001000 0.005268 -0.001070
v 0.001000 0.004194 -0.001055
v 0.001000 0.003133 -0.001046
v 0.001000 0.002083 -0.001041
v 0.001000 0.001040 -0.001040
v 0.001000 0.007442 -0.002234
v 0.001000 0.006343 -0.002175
v 0.001000 0.005261 -0.002134
v 0.001000 0.004192 -0.002108
v 0.001000 0.003135 -0.002093
v 0.001000 0.002085 -0.002085
v 0.001000 0.001041 -0.002083
v 0.001000 0.007394 -0.003319
v 0.001000 0.006318 -0.003240
v 0.001000 0.005253 -0.003189
v 0.001000 0.004195 -0.003159
v 0.001000 0.003142 -0.003142
v 0.001000 0.002093 -0.003135
v 0.001000 0.001046 -0.003133
v 0.001000 0.007329 -0.004367
v 0.001000 0.006288 -0.004279
v 0.001000 0.005248 -0.004230
v 0.001000 0.004206 -0.004206
v 0.001000 0.003159 -0.004195
v 0.001000 0.002108 -0.004192
v 0.001000 0.001055 -0.004194
v 0.001000 0.007251 -0.005364
v 0.001000 0.006259 -0.005284
v 0.001000 0.005253 -0.005253
v 0.001000 0.004230 -0.005248
v 0.001000 0.003189 -0.005253
v 0.001000 0.002134 -0.005261
v 0.001000 0.001070 -0.005268
v 0.001000 0.007179 -0.006294
v 0.001000 0.006251 -0.006251
v 0.001000 0.005284 -0.006259
v 0.001000 0.004279 -0.006288
v 0.001000 0.003240 -0.006318
v 0.001000 0.002175 -0.006343
v 0.001000 0.001092 -0.006359
v 0.001000 0.007142 -0.007142
v 0.001000 0.006294 -0.007179
v 0.001000 0.005364 -0.007251
v 0.001000 0.004367 -0.007329
v 0.001000 0.003319 -0.007394
v 0.001000 0.002234 -0.007442
v 0.001000 0.001123 -0.007472
v 0.001000 0.007142 0.007142
v 0.001000 0.006294 0.007179
v 0.001000 0.005364 0.007251
v 0.001000 0.004367 0.007329
v 0.001000 0.003319 0.007394
v 0.001000 0.002234 0.007442
v 0.001000 0.001123 0.007472
v 0.001000 0.007179 0.006294
v 0.001000 0.006251 0.006251
v 0.001000 0.005284 0.006259
v 0.001000 0.004279 0.006288
v 0.001000 0.003240 0.006318
v 0.001000 0.002175 0.006343
v 0.001000 0.001092 0.006359
v 0.001000 0.007251 0.005364
v 0.001000 0.006259 0.005284
v 0.001000 0.005253 0.005253
v 0.001000 0.004230 0.005248
v 0.001000 0.003189 0.005253
v 0.001000 0.002134 0.005261
v 0.001000 0.001070 0.005268
v 0.001000 0.007329 0.004367
v 0.001000 0.006288 0.004279
v 0.001000 0.005248 0.004230
v 0.001000 0.004206 0.004206
v 0.001000 0.003159 0.004195
v 0.001000 0.002108 0.004192
v 0.001000 0.001055 0.004194
v 0.001000 0.007394 0.003319
v 0.001000 0.006318 0.003240
v 0.001000 0.005253 0.003189
v 0.001000 0.004195 0.003159
v 0.001000 0.003142 0.003142
v 0.001000 0.002093 0.003135
v 0.001000 0.001046 0.003133
v 0.001000 0.007442 0.002234
v 0.001000 0.006343 0.002175
v 0.001000 0.005261 0.002134
v 0.001000 0.004192 0.002108
v 0.001000 0.003135 0.002093
v 0.001000 0.002085 0.002085
v 0.001000 0.001041 0.002083
v 0.001000 0.007472 0.001123
v 0.001000 0.006359 0.001092
v 0.001000 0.005268 0.001070
v 0.001000 0.004194 0.001055
v 0.001000 0.003133 0.001046
v 0.001000 0.002083 0.001041
v 0.001000 0.001040 0.001040
v 0.001000 -0.001123 0.007472
v 0.001000 -0.002234 0.007442
v 0.001000 -0.003319 0.007394
v 0.001000 -0.004367 0.007329
v 0.001000 -0.005364 0.007251
v 0.001000 -0.006294 0.007179
v 0.001000 -0.007142 0.007142
v 0.001000 -0.001092 0.006359
v 0.001000 -0.002175 0.006343
v 0.001000 -0.003240 0.006318
v 0.001000 -0.004279 0.006288
v 0.001000 -0.005284 0.006259
v 0.001000 -0.006251 0.006251
v 0.001000 -0.007179 0.006294
v 0.001000 -0.001070 0.005268
v 0.001000 -0.002134 0.005261
v 0.001000 -0.003189 0.005253
v 0.001000 -0.004230 0.005248
v 0.001000 -0.005253 0.005253
v 0.001000 -0.006259 0.005284
v 0.001000 -0.007251 0.005364
v 0.001000 -0.001055 0.004194
v 0.001000 -0.002108 0.004192
v 0.001000 -0.003159 0.004195
v 0.001000 -0.004206 0.004206
v 0.001000 -0.005248 0.004230
v 0.001000 -0.006288 0.004279
v 0.001000 -0.007329 0.004367
v 0.001000 -0.001046 0.003133
v 0.001000 -0.002093 0.003135
v 0.001000 -0.003142 0.003142
v 0.001000 -0.004195 0.003159
v 0.001000 -0.005253 0.003189
v 0.001000 -0.006318 0.003240
v 0.001000 -0.007394 0.003319
v 0.001000 -0.001041 0.002083
v 0.001000 -0.002085 0.002085
v 0.001000 -0.003135 0.002093
v 0.001000 -0.004192 0.002108
v 0.001000 -0.005261 0.002134
v 0.001000 -0.006343 0.002175
v 0.001000 -0.007442 0.002234
v 0.001000 -0.001040 0.001040
v 0.001000 -0.002083 0.001041
v 0.001000 -0.003133 0.001046
v 0.001000 -0.004194 0.001055
v 0.001000 -0.005268 0.001070
v 0.001000 -0.006359 0.001092
v 0.001000 -0.007472 0.001123
v 0.001000 0.007525 -0.008619
v 0.001000 0.006703 -0.008947
v 0.001000 0.005752 -0.009213
v 0.001000 0.004706 -0.009426
v 0.001000 0.003589 -0.009589
v 0.001000 0.002421 -0.009704
v 0.001000 0.001219 -0.009772
v 0.001000 0.007982 -0.009344
v 0.001000 0.007082 -0.009817
v 0.001000 0.006067 -0.010193
v 0.001000 0.004959 -0.010487
v 0.001000 0.003781 -0.010710
v 0.001000 0.002550 -0.010867
v 0.001000 0.001284 -0.010960
v 0.001000 0.008523 -0.010108
v 0.001000 0.007535 -0.010701
v 0.001000 0.006440 -0.011180
v 0.001000 0.005256 -0.011558
v 0.001000 0.004003 -0.011846
v 0.001000 0.002698 -0.012049
v 0.001000 0.001357 -0.012169
v 0.001000 0.009119 -0.010907
v 0.001000 0.008038 -0.011604
v 0.001000 0.006855 -0.012180
v 0.001000 0.005586 -0.012641
v 0.001000 0.004249 -0.012996
v 0.001000 0.002861 -0.013247
v 0.001000 0.001439 -0.013396
v 0.001000 0.009748 -0.011732
v 0.001000 0.008573 -0.012527
v 0.001000 0.007297 -0.013195
v 0.001000 0.005938 -0.013737
v 0.001000 0.004512 -0.014158
v 0.001000 0.003036 -0.014457
v 0.001000 0.001526 -0.014636
v 0.001000 0.010398 -0.012576
v 0.001000 0.009128 -0.013466
v 0.001000 0.007759 -0.014222
v 0.001000 0.006307 -0.014843
v 0.001000 0.004788 -0.015329
v 0.001000 0.003220 -0.015677
v 0.001000 0.001618 -0.015887
v 0.001000 0.011064 -0.013432
v 0.001000 0.009698 -0.014415
v 0.001000 0.008234 -0.015258
v 0.001000 0.006686 -0.015956
v 0.001000 0.005073 -0.016506
v 0.001000 0.003409 -0.016904
v 0.001000 0.001713 -0.017146
v 0.001000 -0.001219 -0.009772
v 0.001000 -0.002421 -0.009704
v 0.001000 -0.003589 -0.009589
v 0.001000 -0.004706 -0.009426
v 0.001000 -0.005752 -0.009213
v 0.001000 -0.006703 -0.008947
v 0.001000 -0.007525 -0.008619
v 0.001000 -0.001284 -0.010960
v 0.001000 -0.002550 -0.010867
v 0.001000 -0.003781 -0.010710
v 0.001000 -0.004959 -0.010487
v 0.001000 -0.006067 -0.010193
v 0.001000 -0.007082 -0.009817
v 0.001000 -0.007982 -0.009344
v 0.001000 -0.001357 -0.012169
v 0.001000 -0.002698 -0.012049
v 0.001000 -0.004003 -0.011846
v 0.001000 -0.005256 -0.011558
v 0.001000 -0.006440 -0.011180
v 0.001000 -0.007535 -0.010701
v 0.001000 -0.008523 -0.010108
v 0.001000 -0.001439 -0.013396
v 0.001000 -0.002861 -0.013247
v 0.001000 -0.004249 -0.012996
v 0.001000 -0.005586 -0.012641
v 0.001000 -0.006855 -0.012180
v 0.001000 -0.008038 -0.011604
v 0.001000 -0.009119 -0.010907
v 0.001000 -0.001526 -0.014636
v 0.001000 -0.003036 -0.014457
v 0.001000 -0.004512 -0.014158
v 0.001000 -0.005938 -0.013737
v 0.001000 -0.007297 -0.013195
v 0.001000 -0.008573 -0.012527
v 0.001000 -0.009748 -0.011732
v 0.001000 -0.001618 -0.015887
v 0.001000 -0.003220 -0.015677
v 0.001000 -0.004788 -0.015329
v 0.001000 -0.006307 -0.014843
v 0.001000 -0.007759 -0.014222
v 0.001000 -0.009128 -0.013466
v 0.001000 -0.010398 -0.012576
v 0.001000 -0.001713 -0.017146
v 0.001000 -0.003409 -0.016904
v 0.001000 -0.005073 -0.016506
v 0.001000 -0.006686 -0.015956
v 0.001000 -0.008234 -0.015258
v 0.001000 -0.009698 -0.014415
v 0.001000 -0.011064 -0.013432
v 0.001000 -0.008619 -0.007525
v 0.001000 -0.008947 -0.006703
v 0.001000 -0.009213 -0.005752
v 0.001000 -0.009426 -0.004706
v 0.001000 -0.009589 -0.003589
v 0.001000 -0.009704 -0.002421
v 0.001000 -0.009772 -0.001219
v 0.001000 -0.009344 -0.007982
v 0.001000 -0.009817 -0.007082
v 0.001000 -0.010193 -0.006067
v 0.001000 -0.010487 -0.004959
v 0.001000 -0.010710 -0.003781
v 0.001000 -0.010867 -0.002550
v 0.001000 -0.010960 -0.001284
v 0.001000 -0.010108 -0.008523
v 0.001000 -0.010701 -0.007535
v 0.001000 -0.011180 -0.006440
v 0.001000 -0.011558 -0.005256
v 0.001000 -0.011846 -0.004003
v 0.001000 -0.012049 -0.002698
v 0.001000 -0.012169 -0.001357
v 0.001000 -0.010907 -0.009119
v 0.001000 -0.011604 -0.008038
v 0.001000 -0.012180 -0.006855
v 0.001000 -0.012641 -0.005586
v 0.001000 -0.012996 -0.004249
v 0.001000 -0.013247 -0.002861
v 0.001000 -0.013396 -0.001439
v 0.001000 -0.011732 -0.009748
v 0.001000 -0.012527 -0.008573
v 0.001000 -0.013195 -0.007297
v 0.001000 -0.013737 -0.005938
v 0.001000 -0.014158 -0.004512
v 0.001000 -0.014457 -0.003036
v 0.001000 -0.014636 -0.001526
v 0.001000 -0.012576 -0.010398
v 0.001000 -0.013466 -0.009128
v 0.001000 -0.014222 -0.007759
v 0.001000 -0.014843 -0.006307
v 0.001000 -0.015329 -0.004788
v 0.001000 -0.015677 -0.003220
v 0.001000 -0.015887 -0.001618
v 0.001000 -0.013432 -0.011064
v 0.001000 -0.014415 -0.009698
v 0.001000 -0.015258 -0.008234
v 0.001000 -0.015956 -0.006686
v 0.001000 -0.016506 -0.005073
v 0.001000 -0.016904 -0.003409
v 0.001000 -0.017146 -0.001713
v 0.001000 -0.009772 0.001219
v 0.001000 -0.009704 0.002421
v 0.001000 -0.009589 0.003589
v 0.001000 -0.009426 0.004706
v 0.001000 -0.009213 0.005752
v 0.001000 -0.008947 0.006703
v 0.001000 -0.008619 0.007525
v 0.001000 -0.010960 0.001284
v 0.001000 -0.010867 0.002550
v 0.001000 -0.010710 0.003781
v 0.001000 -0.010487 0.004959
v 0.001000 -0.010193 0.006067
v 0.001000 -0.009817 0.007082
v 0.001000 -0.009344 0.007982
v 0.001000 -0.012169 0.001357
v 0.001000 -0.012049 0.002698
v 0.001000 -0.011846 0.004003
v 0.001000 -0.011558 0.005256
v 0.001000 -0.011180 0.006440
v 0.001000 -0.010701 0.007535
v 0.001000 -0.010108 0.008523
v 0.001000 -0.013396 0.001439
v 0.001000 -0.013247 0.002861
v 0.001000 -0.012996 0.004249
v 0.001000 -0.012641 0.005586
v 0.001000 -0.012180 0.006855
v 0.001000 -0.011604 0.008038
v 0.001000 -0.010907 0.009119
v 0.001000 -0.014636 0.001526
v 0.001000 -0.014457 0.003036
v 0.001000 -0.014158 0.004512
v 0.001000 -0.013737 0.005938
v 0.001000 -0.013195 0.007297
v 0.001000 -0.012527 0.008573
v 0.001000 -0.011732 0.009748
v 0.001000 -0.015887 0.001618
v 0.001000 -0.015677 0.003220
v 0.001000 -0.015329 0.004788
v 0.001000 -0.014843 0.006307
v 0.001000 -0.014222 0.007759
v 0.001000 -0.013466 0.009128
v 0.001000 -0.012576 0.010398
v 0.001000 -0.017146 0.001713
v 0.001000 -0.016904 0.003409
v 0.001000 -0.016506 0.005073
v 0.001000 -0.015956 0.006686
v 0.001000 -0.015258 0.008234
v 0.001000 -0.014415 0.009698
v 0.001000 -0.013432 0.011064
v 0.001000 -0.007525 0.008619
v 0.001000 -0.006703 0.008947
v 0.001000 -0.005752 0.009213
v 0.001000 -0.004706 0.009426
v 0.001000 -0.003589 0.009589
v 0.001000 -0.002421 0.009704
v 0.001000 -0.001219 0.009772
v 0.001000 -0.007982 0.009344
v 0.001000 -0.007082 0.009817
v 0.001000 -0.006067 0.010193
v 0.001000 -0.004959 0.010487
v 0.001000 -0.003781 0.010710
v 0.001000 -0.002550 0.010867
v 0.001000 -0.001284 0.010960
v 0.001000 -0.008523 0.010108
v 0.001000 -0.007535 0.010701
v 0.001000 -0.006440 0.011180
v 0.001000 -0.005256 0.011558
v 0.001000 -0.004003 0.011846
v 0.001000 -0.002698 0.012049
v 0.001000 -0.001357 0.012169
v 0.001000 -0.009119 0.010907
v 0.001000 -0.008038 0.011604
v 0.001000 -0.006855 0.012180
v 0.001000 -0.005586 0.012641
v 0.001000 -0.004249 0.012996
v 0.001000 -0.002861 0.013247
v 0.001000 -0.001439 0.013396
v 0.001000 -0.009748 0.011732
v 0.001000 -0.008573 0.012527
v 0.001000 -0.007297 0.013195
v 0.001000 -0.005938 0.013737
v 0.001000 -0.004512 0.014158
v 0.001000 -0.003036 0.014457
v 0.001000 -0.001526 0.014636
v 0.001000 -0.010398 0.012576
v 0.001000 -0.009128 0.013466
v 0.001000 -0.007759 0.014222
v 0.001000 -0.006307 0.014843
v 0.001000 -0.004788 0.015329
v 0.001000 -0.003220 0.015677
v 0.001000 -0.001618 0.015887
v 0.001000 -0.011064 0.013432
v 0.001000 -0.009698 0.014415
v 0.001000 -0.008234 0.015258
v 0.001000 -0.006686 0.015956
v 0.001000 -0.005073 0.016506
v 0.001000 -0.003409 0.016904
v 0.001000 -0.001713 0.017146
v 0.001000 0.001219 0.009772
v 0.001000 0.002421 0.009704
v 0.001000 0.003589 0.009589
v 0.001000 0.004706 0.009426
v 0.001000 0.005752 0.009213
v 0.001000 0.006703 0.008947
v 0.001000 0.007525 0.008619
v 0.001000 0.001284 0.010960
v 0.001000 0.002550 0.010867
v 0.001000 0.003781 0.010710
v 0.001000 0.004959 0.010487
v 0.001000 0.006067 0.010193
v 0.001000 0.007082 0.009817
v 0.001000 0.007982 0.009344
v 0.001000 0.001357 0.012169
v 0.001000 0.002698 0.012049
v 0.001000 0.004003 0.011846
v 0.001000 0.005256 0.011558
v 0.001000 0.006440 0.011180
v 0.001000 0.007535 0.010701
v 0.001000 0.008523 0.010108
v 0.001000 0.001439 0.013396
v 0.001000 0.002861 0.013247
v 0.001000 0.004249 0.012996
v 0.001000 0.005586 0.012641
v 0.001000 0.006855 0.012180
v 0.001000 0.008038 0.011604
v 0.001000 0.009119 0.010907
v 0.001000 0.001526 0.014636
v 0.001000 0.003036 0.014457
v 0.001000 0.004512 0.014158
v 0.001000 0.005938 0.013737
v 0.001000 0.007297 0.013195
v 0.001000 0.008573 0.012527
v 0.001000 0.009748 0.011732
v 0.001000 0.001618 0.015887
v 0.001000 0.003220 0.015677
v 0.001000 0.004788 0.015329
v 0.001000 0.006307 0.014843
v 0.001000 0.007759 0.014222
v 0.001000 0.009128 0.013466
v 0.001000 0.010398 0.012576
v 0.001000 0.001713 0.017146
v 0.001000 0.003409 0.016904
v 0.001000 0.005073 0.016506
v 0.001000 0.006686 0.015956
v 0.001000 0.008234 0.015258
v 0.001000 0.009698 0.014415
v 0.001000 0.011064 0.013432
v 0.001000 0.008619 0.007525
v 0.001000 0.008947 0.006703
v 0.001000 0.009213 0.005752
v 0.001000 0.009426 0.004706
v 0.001000 0.009589 0.003589
v 0.001000 0.009704 0.002421
v 0.001000 0.009772 0.001219
v 0.001000 0.009344 0.007982
v 0.001000 0.009817 0.007082
v 0.001000 0.010193 0.006067
v 0.001000 0.010487 0.004959
v 0.001000 0.010710 0.003781
v 0.001000 0.010867 0.002550
v 0.001000 0.010960 0.001284
v 0.001000 0.010108 0.008523
v 0.001000 0.010701 0.007535
v 0.001000 0.011180 0.006440
v 0.001000 0.011558 0.005256
v 0.001000 0.011846 0.004003
v 0.001000 0.012049 0.002698
v 0.001000 0.012169 0.001357
v 0.001000 0.010907 0.009119
v 0.001000 0.011604 0.008038
v 0.001000 0.012180 0.006855
v 0.001000 0.012641 0.005586
v 0.001000 0.012996 0.004249
v 0.001000 0.013247 0.002861
v 0.001000 0.013396 0.001439
v 0.001000 0.011732 0.009748
v 0.001000 0.012527 0.008573
v 0.001000 0.013195 0.007297
v 0.001000 0.013737 0.005938
v 0.001000 0.014158 0.004512
v 0.001000 0.014457 0.003036
v 0.001000 0.014636 0.001526
v 0.001000 0.012576 0.010398
v 0.001000 0.013466 0.009128
v 0.001000 0.014222 0.007759
v 0.001000 0.014843 0.006307
v 0.001000 0.015329 0.004788
v 0.001000 0.015677 0.003220
v 0.001000 0.015887 0.001618
v 0.001000 0.013432 0.011064
v 0.001000 0.014415 0.009698
v 0.001000 0.015258 0.008234
v 0.001000 0.015956 0.006686
v 0.001000 0.016506 0.005073
v 0.001000 0.016904 0.003409
v 0.001000 0.017146 0.001713
v 0.001000 0.009772 -0.001219
v 0.001000 0.009704 -0.002421
v 0.001000 0.009589 -0.003589
v 0.001000 0.009426 -0.004706
v 0.001000 0.009213 -0.005752
v 0.001000 0.008947 -0.006703
v 0.001000 0.008619 -0.007525
v 0.001000 0.010960 -0.001284
v 0.001000 0.010867 -0.002550
v 0.001000 0.010710 -0.003781
v 0.001000 0.010487 -0.004959
v 0.001000 0.010193 -0.006067
v 0.001000 0.009817 -0.007082
v 0.001000 0.009344 -0.007982
v 0.001000 0.012169 -0.001357
v 0.001000 0.012049 -0.002698
v 0.001000 0.011846 -0.004003
v 0.001000 0.011558 -0.005256
v 0.001000 0.011180 -0.006440
v 0.001000 0.010701 -0.007535
v 0.001000 0.010108 -0.008523
v 0.001000 0.013396 -0.001439
v 0.001000 0.013247 -0.002861
v 0.001000 0.012996 -0.004249
v 0.001000 0.012641 -0.005586
v 0.001000 0.012180 -0.006855
v 0.001000 0.011604 -0.008038
v 0.001000 0.010907 -0.009119
v 0.001000 0.014636 -0.001526
v 0.001000 0.014457 -0.003036
v 0.001000 0.014158 -0.004512
v 0.001000 0.013737 -0.005938
v 0.001000 0.013195 -0.007297
v 0.001000 0.012527 -0.008573
v 0.001000 0.011732 -0.009748
v 0.001000 0.015887 -0.001618
v 0.001000 0.015677 -0.003220
v 0.001000 0.015329 -0.004788
v 0.001000 0.014843 -0.006307
v 0.001000 0.014222 -0.007759
v 0.001000 0.013466 -0.009128
v 0.001000 0.012576 -0.010398
v 0.001000 0.017146 -0.001713
v 0.001000 0.016904 -0.003409
v 0.001000 0.016506 -0.005073
v 0.001000 0.015956 -0.006686
v 0.001000 0.015258 -0.008234
v 0.001000 0.014415 -0.009698
v 0.001000 0.013432 -0.011064
v -0.001000 0.007772 0.007772
v -0.001000 -0.007772 0.007772
v -0.001000 0.007772 -0.007772
v -0.001000 -0.007772 -0.007772
v -0.001000 0.000000 0.008624
v -0.001000 0.000000 -0.008624
v -0.001000 0.008624 0.000000
v -0.001000 -0.008624 0.000000
v -0.001000 0.000000 0.000000
v -0.001000 0.008609 0.001165
v -0.001000 0.008562 0.002315
v -0.001000 0.008483 0.003434
v -0.001000 0.008374 0.004506
v -0.001000 0.008235 0.005514
v -0.001000 0.008074 0.006433
v -0.001000 0.007907 0.007224
v -0.001000 -0.001165 0.008609
v -0.001000 -0.002315 0.008562
v -0.001000 -0.003434 0.008483
v -0.001000 -0.004506 0.008374
v -0.001000 -0.005514 0.008235
v -0.001000 -0.006433 0.008074
v -0.001000 -0.007224 0.007907
v -0.001000 -0.008609 -0.001165
v -0.001000 -0.008562 -0.002315
v -0.001000 -0.008483 -0.003434
v -0.001000 -0.008374 -0.004506
v -0.001000 -0.008235 -0.005514
v -0.001000 -0.008074 -0.006433
v -0.001000 -0.007907 -0.007224
v -0.001000 0.001165 -0.008609
v -0.001000 0.002315 -0.008562
v -0.001000 0.003434 -0.008483
v -0.001000 0.004506 -0.008374
v -0.001000 0.005514 -0.008235
v -0.001000 0.006433 -0.008074
v -0.001000 0.007224 -0.007907
v -0.001000 0.007224 0.007907
v -0.001000 0.006433 0.008074
v -0.001000 0.005514 0.008235
v -0.001000 0.004506 0.008374
v -0.001000 0.003434 0.008483
v -0.001000 0.002315 0.008562
v -0.001000 0.001165 0.008609
v -0.001000 -0.007224 -0.007907
v -0.001000 -0.006433 -0.008074
v -0.001000 -0.005514 -0.008235
v -0.001000 -0.004506 -0.008374
v -0.001000 -0.003434 -0.008483
v -0.001000 -0.002315 -0.008562
v -0.001000 -0.001165 -0.008609
v -0.001000 0.000000 -0.001040
v -0.001000 0.000000 -0.002083
v -0.001000 0.000000 -0.003133
v -0.001000 0.000000 -0.004195
v -0.001000 -0.000000 -0.005271
v -0.001000 0.000000 -0.006366
v -0.001000 0.000000 -0.007482
v -0.001000 0.007907 -0.007224
v -0.001000 0.008074 -0.006433
v -0.001000 0.008235 -0.005514
v -0.001000 0.008374 -0.004506
v -0.001000 0.008483 -0.003434
v -0.001000 0.008562 -0.002315
v -0.001000 0.008609 -0.001165
v -0.001000 -0.007907 0.007224
v -0.001000 -0.008074 0.006433
v -0.001000 -0.008235 0.005514
v -0.001000 -0.008374 0.004506
v -0.001000 -0.008483 0.003434
v -0.001000 -0.008562 0.002315
v -0.001000 -0.008609 0.001165
v -0.001000 0.000000 0.007482
v -0.001000 0.000000 0.006366
v -0.001000 0.000000 0.005271
v -0.001000 0.000000 0.004195
v -0.001000 0.000000 0.003133
v -0.001000 0.000000 0.002083
v -0.001000 0.000000 0.001040
v -0.001000 0.001040 0.000000
v -0.001000 0.002083 0.000000
v -0.001000 0.003133 0.000000
v -0.001000 0.004195 0.000000
v -0.001000 0.005271 0.000000
v -0.001000 0.006366 0.000000
v -0.001000 0.007482 0.000000
v -0.001000 -0.007482 0.000000
v -0.001000 -0.006366 0.000000
v -0.001000 -0.005271 0.000000
v -0.001000 -0.004195 0.000000
v -0.001000 -0.003133 0.000000
v -0.001000 -0.002083 0.000000
v -0.001000 -0.001040 0.000000
v -0.001000 0.012313 -0.012313
v -0.001000 0.011552 -0.011552
v -0.001000 0.010805 -0.010805
v -0.001000 0.010080 -0.010080
v -0.001000 0.009386 -0.009386
v -0.001000 0.008741 -0.008741
v -0.001000 0.008173 -0.008173
v -0.001000 0.000000 -0.009795
v -0.001000 -0.000000 -0.010991
v -0.001000 -0.000000 -0.012209
v -0.001000 0.000000 -0.013445
v -0.001000 0.000000 -0.014696
v -0.001000 0.000000 -0.015958
v -0.001000 0.000000 -0.017227
v -0.001000 -0.008173 -0.008173
v -0.001000 -0.008741 -0.008741
v -0.001000 -0.009386 -0.009386
v -0.001000 -0.010080 -0.010080
v -0.001000 -0.010805 -0.010805
v -0.001000 -0.011552 -0.011552
v -0.001000 -0.012313 -0.012313
v -0.001000 -0.009795 0.000000
v -0.001000 -0.010991 0.000000
v -0.001000 -0.012209 0.000000
v -0.001000 -0.013445 0.000000
v -0.001000 -0.014696 0.000000
v -0.001000 -0.015958 0.000000
v -0.001000 -0.017227 -0.000000
v -0.001000 -0.008173 0.008173
v -0.001000 -0.008741 0.008741
v -0.001000 -0.009386 0.009386
v -0.001000 -0.010080 0.010080
v -0.001000 -0.010805 0.010805
v -0.001000 -0.011552 0.011552
v -0.001000 -0.012313 0.012313
v -0.001000 0.000000 0.009795
v -0.001000 -0.000000 0.010991
v -0.001000 0.000000 0.012209
v -0.001000 0.000000 0.013445
v -0.001000 0.000000 0.014696
v -0.001000 -0.000000 0.015958
v -0.001000 -0.000000 0.017227
v -0.001000 0.008173 0.008173
v -0.001000 0.008741 0.008741
v -0.001000 0.009386 0.009386
v -0.001000 0.010080 0.010080
v -0.001000 0.010805 0.010805
v -0.001000 0.011552 0.011552
v -0.001000 0.012313 0.012313
v -0.001000 0.009795 0.000000
v -0.001000 0.010991 0.000000
v -0.001000 0.012209 0.000000
v -0.001000 0.013445 0.000000
v -0.001000 0.014696 0.000000
v -0.001000 0.015958 0.000000
v -0.001000 0.017227 0.000000
v -0.001000 -0.001040 -0.001040
v -0.001000 -0.002083 -0.001041
v -0.001000 -0.003133 -0.001046
v -0.001000 -0.004194 -0.001055
v -0.001000 -0.005268 -0.001070
v -0.001000 -0.006359 -0.001092
v -0.001000 -0.007472 -0.001123
v -0.001000 -0.001041 -0.002083
v -0.001000 -0.002085 -0.002085
v -0.001000 -0.003135 -0.002093
v -0.001000 -0.004192 -0.002108
v -0.001000 -0.005261 -0.002134
v -0.001000 -0.006343 -0.002175
v -0.001000 -0.007442 -0.002234
v -0.001000 -0.001046 -0.003133
v -0.001000 -0.002093 -0.003135
v -0.001000 -0.003142 -0.003142
v -0.001000 -0.004195 -0.003159
v -0.001000 -0.005253 -0.003189
v -0.001000 -0.006318 -0.003240
v -0.001000 -0.007394 -0.003319
v -0.001000 -0.001055 -0.004194
v -0.001000 -0.002108 -0.004192
v -0.001000 -0.003159 -0.004195
v -0.001000 -0.004206 -0.004206
v -0.001000 -0.005248 -0.004230
v -0.001000 -0.006288 -0.004279
v -0.001000 -0.007329 -0.004367
v -0.001000 -0.001070 -0.005268
v -0.001000 -0.002134 -0.005261
v -0.001000 -0.003189 -0.005253
v -0.001000 -0.004230 -0.005248
v -0.001000 -0.005253 -0.005253
v -0.001000 -0.006259 -0.005284
v -0.001000 -0.007251 -0.005364
v -0.001000 -0.001092 -0.006359
v -0.001000 -0.002175 -0.006343
v -0.001000 -0.003240 -0.006318
v -0.001000 -0.004279 -0.006288
v -0.001000 -0.005284 -0.006259
v -0.001000 -0.006251 -0.006251
v -0.001000 -0.007179 -0.006294
v -0.001000 -0.001123 -0.007472
v -0.001000 -0.002234 -0.007442
v -0.001000 -0.003319 -0.007394
v -0.001000 -0.004367 -0.007329
v -0.001000 -0.005364 -0.007251
v -0.001000 -0.006294 -0.007179
v -0.001000 -0.007142 -0.007142
v -0.001000 0.007472 -0.001123
v -0.001000 0.006359 -0.001092
v -0.001000 0.005268 -0.001070
v -0.001000 0.004194 -0.001055
v -0.001000 0.003133 -0.001046
v -0.001000 0.002083 -0.001041
v -0.001000 0.001040 -0.001040
v -0.001000 0.007442 -0.002234
v -0.001000 0.006343 -0.002175
v -0.001000 0.005261 -0.002134
v -0.001000 0.004192 -0.002108
v -0.001000 0.003135 -0.002093
v -0.001000 0.002085 -0.002085
v -0.001000 0.001041 -0.002083
v -0.001000 0.007394 -0.003319
v -0.001000 0.006318 -0.003240
v -0.001000 0.005253 -0.003189
v -0.001000 0.004195 -0.003159
v -0.001000 0.003142 -0.003142
v -0.001000 0.002093 -0.003135
v -0.001000 0.001046 -0.003133
v -0.001000 0.007329 -0.004367
v -0.001000 0.006288 -0.004279
v -0.001000 0.005248 -0.004230
v -0.001000 0.004206 -0.004206
v -0.001000 0.003159 -0.004195
v -0.001000 0.002108 -0.004192
v -0.001000 0.001055 -0.004194
v -0.001000 0.007251 -0.005364
v -0.001000 0.006259 -0.005284
v -0.001000 0.005253 -0.005253
v -0.001000 0.004230 -0.005248
v -0.001000 0.003189 -0.005253
v -0.001000 0.002134 -0.005261
v -0.001000 0.001070 -0.005268
v -0.001000 0.007179 -0.006294
v -0.001000 0.006251 -0.006251
v -0.001000 0.005284 -0.006259
v -0.001000 0.004279 -0.006288
v -0.001000 0.003240 -0.006318
v -0.001000 0.002175 -0.006343
v -0.001000 0.001092 -0.006359
v -0.001000 0.007142 -0.007142
v -0.001000 0.006294 -0.007179
v -0.001000 0.005364 -0.007251
v -0.001000 0.004367 -0.007329
v -0.001000 0.003319 -0.007394
v -0.001000 0.002234 -0.007442
v -0.001000 0.001123 -0.007472
v -0.001000 0.007142 0.007142
v -0.001000 0.006294 0.007179
v -0.001000 0.005364 0.007251
v -0.001000 0.004367 0.007329
v -0.001000 0.003319 0.007394
v -0.001000 0.002234 0.007442
v -0.001000 0.001123 0.007472
v -0.001000 0.007179 0.006294
v -0.001000 0.006251 0.006251
v -0.001000 0.005284 0.006259
v -0.001000 0.004279 0.006288
v -0.001000 0.003240 0.006318
v -0.001000 0.002175 0.006343
v -0.001000 0.001092 0.006359
v -0.001000 0.007251 0.005364
v -0.001000 0.006259 0.005284
v -0.001000 0.005253 0.005253
v -0.001000 0.004230 0.005248
v -0.001000 0.003189 0.005253
v -0.001000 0.002134 0.005261
v -0.001000 0.001070 0.005268
v -0.001000 0.007329 0.004367
v -0.001000 0.006288 0.004279
v -0.001000 0.005248 0.004230
v -0.001000 0.004206 0.004206
v -0.001000 0.003159 0.004195
v -0.001000 0.002108 0.004192
v -0.001000 0.001055 0.004194
v -0.001000 0.007394 0.003319
v -0.001000 0.006318 0.003240
v -0.001000 0.005253 0.003189
v -0.001000 0.004195 0.003159
v -0.001000 0.003142 0.003142
v -0.001000 0.002093 0.003135
v -0.001000 0.001046 0.003133
v -0.001000 0.007442 0.002234
v -0.001000 0.006343 0.002175
v -0.001000 0.005261 0.002134
v -0.001000 0.004192 0.002108
v -0.001000 0.003135 0.002093
v -0.001000 0.002085 0.002085
v -0.001000 0.001041 0.002083
v -0.001000 0.007472 0.001123
v -0.001000 0.006359 0.001092
v -0.001000 0.005268 0.001070
v -0.001000 0.004194 0.001055
v -0.001000 0.003133 0.001046
v -0.001000 0.002083 0.001041
v -0.001000 0.001040 0.001040
v -0.001000 -0.001123 0.007472
v -0.001000 -0.002234 0.007442
v -0.001000 -0.003319 0.007394
v -0.001000 -0.004367 0.007329
v -0.001000 -0.005364 0.007251
v -0.001000 -0.006294 0.007179
v -0.001000 -0.007142 0.007142
v -0.001000 -0.001092 0.006359
v -0.001000 -0.002175 0.006343
v -0.001000 -0.003240 0.006318
v -0.001000 -0.004279 0.006288
v -0.001000 -0.005284 0.006259
v -0.001000 -0.006251 0.006251
v -0.001000 -0.007179 0.006294
v -0.001000 -0.001070 0.005268
v -0.001000 -0.002134 0.005261
v -0.001000 -0.003189 0.005253
v -0.001000 -0.004230 0.005248
v -0.001000 -0.005253 0.005253
v -0.001000 -0.006259 0.005284
v -0.001000 -0.007251 0.005364
v -0.001000 -0.001055 0.004194
v -0.001000 -0.002108 0.004192
v -0.001000 -0.003159 0.004195
v -0.001000 -0.004206 0.004206
v -0.001000 -0.005248 0.004230
v -0.001000 -0.006288 0.004279
v -0.001000 -0.007329 0.004367
v -0.001000 -0.001046 0.003133
v -0.001000 -0.002093 0.003135
v -0.001000 -0.003142 0.003142
v -0.001000 -0.004195 0.003159
v -0.001000 -0.005253 0.003189
v -0.001000 -0.006318 0.003240
v -0.001000 -0.007394 0.003319
v -0.001000 -0.001041 0.002083
v -0.001000 -0.002085 0.002085
v -0.001000 -0.003135 0.002093
v -0.001000 -0.004192 0.002108
v -0.001000 -0.005261 0.002134
v -0.001000 -0.006343 0.002175
v -0.001000 -0.007442 0.002234
v -0.001000 -0.001040 0.001040
v -0.001000 -0.002083 0.001041
v -0.001000 -0.003133 0.001046
v -0.001000 -0.004194 0.001055
v -0.001000 -0.005268 0.001070
v -0.001000 -0.006359 0.001092
v -0.001000 -0.007472 0.001123
v -0.001000 0.007525 -0.008619
v -0.001000 0.006703 -0.008947
v -0.001000 0.005752 -0.009213
v -0.001000 0.004706 -0.009426
v -0.001000 0.003589 -0.009589
v -0.001000 0.002421 -0.009704
v -0.001000 0.001219 -0.009772
v -0.001000 0.007982 -0.009344
v -0.001000 0.007082 -0.009817
v -0.001000 0.006067 -0.010193
v -0.001000 0.004959 -0.010487
v -0.001000 0.003781 -0.010710
v -0.001000 0.002550 -0.010867
v -0.001000 0.001284 -0.010960
v -0.001000 0.008523 -0.010108
v -0.001000 0.007535 -0.010701
v -0.001000 0.006440 -0.011180
v -0.001000 0.005256 -0.011558
v -0.001000 0.004003 -0.011846
v -0.001000 0.002698 -0.012049
v -0.001000 0.001357 -0.012169
v -0.001000 0.009119 -0.010907
v -0.001000 0.008038 -0.011604
v -0.001000 0.006855 -0.012180
v -0.001000 0.005586 -0.012641
v -0.001000 0.004249 -0.012996
v -0.001000 0.002861 -0.013247
v -0.001000 0.001439 -0.013396
v -0.001000 0.009748 -0.011732
v -0.001000 0.008573 -0.012527
v -0.001000 0.007297 -0.013195
v -0.001000 0.005938 -0.013737
v -0.001000 0.004512 -0.014158
v -0.001000 0.003036 -0.014457
v -0.001000 0.001526 -0.014636
v -0.001000 0.010398 -0.012576
v -0.001000 0.009128 -0.013466
v -0.001000 0.007759 -0.014222
v -0.001000 0.006307 -0.014843
v -0.001000 0.004788 -0.015329
v -0.001000 0.003220 -0.015677
v -0.001000 0.001618 -0.015887
v -0.001000 0.011064 -0.013432
v -0.001000 0.009698 -0.014415
v -0.001000 0.008234 -0.015258
v -0.001000 0.006686 -0.015956
v -0.001000 0.005073 -0.016506
v -0.001000 0.003409 -0.016904
v -0.001000 0.001713 -0.017146
v -0.001000 -0.001219 -0.009772
v -0.001000 -0.002421 -0.009704
v -0.001000 -0.003589 -0.009589
v -0.001000 -0.004706 -0.009426
v -0.001000 -0.005752 -0.009213
v -0.001000 -0.006703 -0.008947
v -0.001000 -0.007525 -0.008619
v -0.001000 -0.001284 -0.010960
v -0.001000 -0.002550 -0.010867
v -0.001000 -0.003781 -0.010710
v -0.001000 -0.004959 -0.010487
v -0.001000 -0.006067 -0.010193
v -0.001000 -0.007082 -0.009817
v -0.001000 -0.007982 -0.009344
v -0.001000 -0.001357 -0.012169
v -0.001000 -0.002698 -0.012049
v -0.001000 -0.004003 -0.011846
v -0.001000 -0.005256 -0.011558
v -0.001000 -0.006440 -0.011180
v -0.001000 -0.007535 -0.010701
v -0.001000 -0.008523 -0.010108
v -0.001000 -0.001439 -0.013396
v -0.001000 -0.002861 -0.013247
v -0.001000 -0.004249 -0.012996
v -0.001000 -0.005586 -0.012641
v -0.001000 -0.006855 -0.012180
v -0.001000 -0.008038 -0.011604
v -0.001000 -0.009119 -0.010907
v -0.001000 -0.001526 -0.014636
v -0.001000 -0.003036 -0.014457
v -0.001000 -0.004512 -0.014158
v -0.001000 -0.005938 -0.013737
v -0.001000 -0.007297 -0.013195
v -0.001000 -0.008573 -0.012527
v -0.001000 -0.009748 -0.011732
v -0.001000 -0.001618 -0.015887
v -0.001000 -0.003220 -0.015677
v -0.001000 -0.004788 -0.015329
v -0.001000 -0.006307 -0.014843
v -0.001000 -0.007759 -0.014222
v -0.001000 -0.009128 -0.013466
v -0.001000 -0.010398 -0.012576
v -0.001000 -0.001713 -0.017146
v -0.001000 -0.003409 -0.016904
v -0.001000 -0.005073 -0.016506
v -0.001000 -0.006686 -0.015956
v -0.001000 -0.008234 -0.015258
v -0.001000 -0.009698 -0.014415
v -0.001000 -0.011064 -0.013432
v -0.001000 -0.008619 -0.007525
v -0.001000 -0.008947 -0.006703
v -0.001000 -0.009213 -0.005752
v -0.001000 -0.009426 -0.004706
v -0.001000 -0.009589 -0.003589
v -0.001000 -0.009704 -0.002421
v -0.001000 -0.009772 -0.001219
v -0.001000 -0.009344 -0.007982
v -0.001000 -0.009817 -0.007082
v -0.001000 -0.010193 -0.006067
v -0.001000 -0.010487 -0.004959
v -0.001000 -0.010710 -0.003781
v -0.001000 -0.010867 -0.002550
v -0.001000 -0.010960 -0.001284
v -0.001000 -0.010108 -0.008523
v -0.001000 -0.010701 -0.007535
v -0.001000 -0.011180 -0.006440
v -0.001000 -0.011558 -0.005256
v -0.001000 -0.011846 -0.004003
v -0.001000 -0.012049 -0.002698
v -0.001000 -0.012169 -0.001357
v -0.001000 -0.010907 -0.009119
v -0.001000 -0.011604 -0.008038
v -0.001000 -0.012180 -0.006855
v -0.001000 -0.012641 -0.005586
v -0.001000 -0.012996 -0.004249
v -0.001000 -0.013247 -0.002861
v -0.001000 -0.013396 -0.001439
v -0.001000 -0.011732 -0.009748
v -0.001000 -0.012527 -0.008573
v -0.001000 -0.013195 -0.007297
v -0.001000 -0.013737 -0.005938
v -0.001000 -0.014158 -0.004512
v -0.001000 -0.014457 -0.003036
v -0.001000 -0.014636 -0.001526
v -0.001000 -0.012576 -0.010398
v -0.001000 -0.013466 -0.009128
v -0.001000 -0.014222 -0.007759
v -0.001000 -0.014843 -0.006307
v -0.001000 -0.015329 -0.004788
v -0.001000 -0.015677 -0.003220
v -0.001000 -0.015887 -0.001618
v -0.001000 -0.013432 -0.011064
v -0.001000 -0.014415 -0.009698
v -0.001000 -0.015258 -0.008234
v -0.001000 -0.015956 -0.006686
v -0.001000 -0.016506 -0.005073
v -0.001000 -0.016904 -0.003409
v -0.001000 -0.017146 -0.001713
v -0.001000 -0.009772 0.001219
v -0.001000 -0.009704 0.002421
v -0.001000 -0.009589 0.003589
v -0.001000 -0.009426 0.004706
v -0.001000 -0.009213 0.005752
v -0.001000 -0.008947 0.006703
v -0.001000 -0.008619 0.007525
v -0.001000 -0.010960 0.001284
v -0.001000 -0.010867 0.002550
v -0.001000 -0.010710 0.003781
v -0.001000 -0.010487 0.004959
v -0.001000 -0.010193 0.006067
v -0.001000 -0.009817 0.007082
v -0.001000 -0.009344 0.007982
v -0.001000 -0.012169 0.001357
v -0.001000 -0.012049 0.002698
v -0.001000 -0.011846 0.004003
v -0.001000 -0.011558 0.005256
v -0.001000 -0.011180 0.006440
v -0.001000 -0.010701 0.007535
v -0.001000 -0.010108 0.008523
v -0.001000 -0.013396 0.001439
v -0.001000 -0.013247 0.002861
v -0.001000 -0.012996 0.004249
v -0.001000 -0.012641 0.005586
v -0.001000 -0.012180 0.006855
v -0.001000 -0.011604 0.008038
v -0.001000 -0.010907 0.009119
v -0.001000 -0.014636 0.001526
v -0.001000 -0.014457 0.003036
v -0.001000 -0.014158 0.004512
v -0.001000 -0.013737 0.005938
v -0.001000 -0.013195 0.007297
v -0.001000 -0.012527 0.008573
v -0.001000 -0.011732 0.009748
v -0.001000 -0.015887 0.001618
v -0.001000 -0.015677 0.003220
v -0.001000 -0.015329 0.004788
v -0.001000 -0.014843 0.006307
v -0.001000 -0.014222 0.007759
v -0.001000 -0.013466 0.009128
v -0.001000 -0.012576 0.010398
v -0.001000 -0.017146 0.001713
v -0.001000 -0.016904 0.003409
v -0.001000 -0.016506 0.005073
v -0.001000 -0.015956 0.006686
v -0.001000 -0.015258 0.008234
v -0.001000 -0.014415 0.009698
v -0.001000 -0.013432 0.011064
v -0.001000 -0.007525 0.008619
v -0.001000 -0.006703 0.008947
v -0.001000 -0.005752 0.009213
v -0.001000 -0.004706 0.009426
v -0.001000 -0.003589 0.009589
v -0.001000 -0.002421 0.009704
v -0.001000 -0.001219 0.009772
v -0.001000 -0.007982 0.009344
v -0.001000 -0.007082 0.009817
v -0.001000 -0.006067 0.010193
v -0.001000 -0.004959 0.010487
v -0.001000 -0.003781 0.010710
v -0.001000 -0.002550 0.010867
v -0.001000 -0.001284 0.010960
v -0.001000 -0.008523 0.010108
v -0.001000 -0.007535 0.010701
v -0.001000 -0.006440 0.011180
v -0.001000 -0.005256 0.011558
v -0.001000 -0.004003 0.011846
v -0.001000 -0.002698 0.012049
v -0.001000 -0.001357 0.012169
v -0.001000 -0.009119 0.010907
v -0.001000 -0.008038 0.011604
v -0.001000 -0.006855 0.012180
v -0.001000 -0.005586 0.012641
v -0.001000 -0.004249 0.012996
v -0.001000 -0.002861 0.013247
v -0.001000 -0.001439 0.013396
v -0.001000 -0.009748 0.011732
v -0.001000 -0.008573 0.012527
v -0.001000 -0.007297 0.013195
v -0.001000 -0.005938 0.013737
v -0.001000 -0.004512 0.014158
v -0.001000 -0.003036 0.014457
v -0.001000 -0.001526 0.014636
v -0.001000 -0.010398 0.012576
v -0.001000 -0.009128 0.013466
v -0.001000 -0.007759 0.014222
v -0.001000 -0.006307 0.014843
v -0.001000 -0.004788 0.015329
v -0.001000 -0.003220 0.015677
v -0.001000 -0.001618 0.015887
v -0.001000 -0.011064 0.013432
v -0.001000 -0.009698 0.014415
v -0.001000 -0.008234 0.015258
v -0.001000 -0.006686 0.015956
v -0.001000 -0.005073 0.016506
v -0.001000 -0.003409 0.016904
v -0.001000 -0.001713 0.017146
v -0.001000 0.001219 0.009772
v -0.001000 0.002421 0.009704
v -0.001000 0.003589 0.009589
v -0.001000 0.004706 0.009426
v -0.001000 0.005752 0.009213
v -0.001000 0.006703 0.008947
v -0.001000 0.007525 0.008619
v -0.001000 0.001284 0.010960
v -0.001000 0.002550 0.010867
v -0.001000 0.003781 0.010710
v -0.001000 0.004959 0.010487
v -0.001000 0.006067 0.010193
v -0.001000 0.007082 0.009817
v -0.001000 0.007982 0.009344
v -0.001000 0.001357 0.012169
v -0.001000 0.002698 0.012049
v -0.001000 0.004003 0.011846
v -0.001000 0.005256 0.011558
v -0.001000 0.006440 0.011180
v -0.001000 0.007535 0.010701
v -0.001000 0.008523 0.010108
v -0.001000 0.001439 0.013396
v -0.001000 0.002861 0.013247
v -0.001000 0.004249 0.012996
v -0.001000 0.005586 0.012641
v -0.001000 0.006855 0.012180
v -0.001000 0.008038 0.011604
v -0.001000 0.009119 0.010907
v -0.001000 0.001526 0.014636
v -0.001000 0.003036 0.014457
v -0.001000 0.004512 0.014158
v -0.001000 0.005938 0.013737
v -0.001000 0.007297 0.013195
v -0.001000 0.008573 0.012527
v -0.001000 0.009748 0.011732
v -0.001000 0.001618 0.015887
v -0.001000 0.003220 0.015677
v -0.001000 0.004788 0.015329
v -0.001000 0.006307 0.014843
v -0.001000 0.007759 0.014222
v -0.001000 0.009128 0.013466
v -0.001000 0.010398 0.012576
v -0.001000 0.001713 0.017146
v -0.001000 0.003409 0.016904
v -0.001000 0.005073 0.016506
v -0.001000 0.006686 0.015956
v -0.001000 0.008234 0.015258
v -0.001000 0.009698 0.014415
v -0.001000 0.011064 0.013432
v -0.001000 0.008619 0.007525
v -0.001000 0.008947 0.006703
v -0.001000 0.009213 0.005752
v -0.001000 0.009426 0.004706
v -0.001000 0.009589 0.003589
v -0.001000 0.009704 0.002421
v -0.001000 0.009772 0.001219
v -0.001000 0.009344 0.007982
v -0.001000 0.009817 0.007082
v -0.001000 0.010193 0.006067
v -0.001000 0.010487 0.004959
v -0.001000 0.010710 0.003781
v -0.001000 0.010867 0.002550
v -0.001000 0.010960 0.001284
v -0.001000 0.010108 0.008523
v -0.001000 0.010701 0.007535
v -0.001000 0.011180 0.006440
v -0.001000 0.011558 0.005256
v -0.001000 0.011846 0.004003
v -0.001000 0.012049 0.002698
v -0.001000 0.012169 0.001357
v -0.001000 0.010907 0.009119
v -0.001000 0.011604 0.008038
v -0.001000 0.012180 0.006855
v -0.001000 0.012641 0.005586
v -0.001000 0.012996 0.004249
v -0.001000 0.013247 0.002861
v -0.001000 0.013396 0.001439
v -0.001000 0.011732 0.009748
v -0.001000 0.012527 0.008573
v -0.001000 0.013195 0.007297
v -0.001000 0.013737 0.005938
v -0.001000 0.014158 0.004512
v -0.001000 0.014457 0.003036
v -0.001000 0.014636 0.001526
v -0.001000 0.012576 0.010398
v -0.001000 0.013466 0.009128
v -0.001000 0.014222 0.007759
v -0.001000 0.014843 0.006307
v -0.001000 0.015329 0.004788
v -0.001000 0.015677 0.003220
v -0.001000 0.015887 0.001618
v -0.001000 0.013432 0.011064
v -0.001000 0.014415 0.009698
v -0.001000 0.015258 0.008234
v -0.001000 0.015956 0.006686
v -0.001000 0.016506 0.005073
v -0.001000 0.016904 0.003409
v -0.001000 0.017146 0.001713
v -0.001000 0.009772 -0.001219
v -0.001000 0.009704 -0.002421
v -0.001000 0.009589 -0.003589
v -0.001000 0.009426 -0.004706
v -0.001000 0.009213 -0.005752
v -0.001000 0.008947 -0.006703
v -0.001000 0.008619 -0.007525
v -0.001000 0.010960 -0.001284
v -0.001000 0.010867 -0.002550
v -0.001000 0.010710 -0.003781
v -0.001000 0.010487 -0.004959
v -0.001000 0.010193 -0.006067
v -0.001000 0.009817 -0.007082
v -0.001000 0.009344 -0.007982
v -0.001000 0.012169 -0.001357
v -0.001000 0.012049 -0.002698
v -0.001000 0.011846 -0.004003
v -0.001000 0.011558 -0.005256
v -0.001000 0.011180 -0.006440
v -0.001000 0.010701 -0.007535
v -0.001000 0.010108 -0.008523
v -0.001000 0.013396 -0.001439
v -0.001000 0.013247 -0.002861
v -0.001000 0.012996 -0.004249
v -0.001000 0.012641 -0.005586
v -0.001000 0.012180 -0.006855
v -0.001000 0.011604 -0.008038
v -0.001000 0.010907 -0.009119
v -0.001000 0.014636 -0.001526
v -0.001000 0.014457 -0.003036
v -0.001000 0.014158 -0.004512
v -0.001000 0.013737 -0.005938
v -0.001000 0.013195 -0.007297
v -0.001000 0.012527 -0.008573
v -0.001000 0.011732 -0.009748
v -0.001000 0.015887 -0.001618
v -0.001000 0.015677 -0.003220
v -0.001000 0.015329 -0.004788
v -0.001000 0.014843 -0.006307
v -0.001000 0.014222 -0.007759
v -0.001000 0.013466 -0.009128
v -0.001000 0.012576 -0.010398
v -0.001000 0.017146 -0.001713
v -0.001000 0.016904 -0.003409
v -0.001000 0.016506 -0.005073
v -0.001000 0.015956 -0.006686
v -0.001000 0.015258 -0.008234
v -0.001000 0.014415 -0.009698
v -0.001000 0.013432 -0.011064
v 0.001000 0.000000 -0.018360
v 0.000750 0.000000 -0.018500
v 0.000750 0.013081 -0.013081
v 0.001000 0.012984 -0.012984
v 0.000750 0.018500 -0.000000
v 0.001000 0.018360 -0.000000
v 0.000750 0.013081 0.013081
v 0.001000 0.012984 0.012984
v 0.000750 0.000000 0.018500
v 0.001000 -0.000000 0.018360
v 0.000750 -0.013081 0.013081
v 0.001000 -0.012984 0.012984
v 0.000750 -0.018500 -0.000000
v 0.001000 -0.018360 -0.000000
v 0.000750 -0.013081 -0.013081
v 0.001000 -0.012984 -0.012984
v 0.001000 0.011652 -0.014187
v 0.000750 0.011737 -0.014295
v 0.001000 0.010204 -0.015252
v 0.000750 0.010276 -0.015370
v 0.001000 0.008657 -0.016172
v 0.000750 0.008715 -0.016298
v 0.001000 0.007026 -0.016941
v 0.000750 0.007071 -0.017072
v 0.001000 0.005329 -0.017551
v 0.000750 0.005362 -0.017686
v 0.001000 0.003580 -0.017996
v 0.000750 0.003602 -0.018134
v 0.001000 0.001799 -0.018268
v 0.000750 0.001809 -0.018407
v 0.001000 0.018268 -0.001799
v 0.000750 0.018407 -0.001809
v 0.001000 0.017996 -0.003580
v 0.000750 0.018134 -0.003602
v 0.001000 0.017551 -0.005329
v 0.000750 0.017686 -0.005362
v 0.001000 0.016941 -0.007026
v 0.000750 0.017072 -0.007071
v 0.001000 0.016172 -0.008657
v 0.000750 0.016298 -0.008715
v 0.001000 0.015252 -0.010204
v 0.000750 0.015370 -0.010276
v 0.001000 0.014187 -0.011652
v 0.000750 0.014295 -0.011737
v 0.001000 0.014187 0.011652
v 0.000750 0.014295 0.011737
v 0.001000 0.015252 0.010204
v 0.000750 0.015370 0.010276
v 0.001000 0.016172 0.008657
v 0.000750 0.016298 0.008715
v 0.001000 0.016941 0.007026
v 0.000750 0.017072 0.007071
v 0.001000 0.017551 0.005329
v 0.000750 0.017686 0.005362
v 0.001000 0.017996 0.003580
v 0.000750 0.018134 0.003602
v 0.001000 0.018268 0.001799
v 0.000750 0.018407 0.001809
v 0.001000 0.001799 0.018268
v 0.000750 0.001809 0.018407
v 0.001000 0.003580 0.017996
v 0.000750 0.003602 0.018134
v 0.001000 0.005329 0.017551
v 0.000750 0.005362 0.017686
v 0.001000 0.007026 0.016941
v 0.000750 0.007071 0.017072
v 0.001000 0.008657 0.016172
v 0.000750 0.008715 0.016298
v 0.001000 0.010204 0.015252
v 0.000750 0.010276 0.015370
v 0.001000 0.011652 0.014187
v 0.000750 0.011737 0.014295
v 0.001000 -0.011652 0.014187
v 0.000750 -0.011737 0.014295
v 0.001000 -0.010204 0.015252
v 0.000750 -0.010276 0.015370
v 0.001000 -0.008657 0.016172
v 0.000750 -0.008715 0.016298
v 0.001000 -0.007026 0.016941
v 0.000750 -0.007071 0.017072
v 0.001000 -0.005329 0.017551
v 0.000750 -0.005362 0.017686
v 0.001000 -0.003580 0.017996
v 0.000750 -0.003602 0.018134
v 0.001000 -0.001799 0.018268
v 0.000750 -0.001809 0.018407
v 0.001000 -0.018268 0.001799
v 0.000750 -0.018407 0.001809
v 0.001000 -0.017996 0.003580
v 0.000750 -0.018134 0.003602
v 0.001000 -0.017551 0.005329
v 0.000750 -0.017686 0.005362
v 0.001000 -0.016941 0.007026
v 0.000750 -0.017072 0.007071
v 0.001000 -0.016172 0.008657
v 0.000750 -0.016298 0.008715
v 0.001000 -0.015252 0.010204
v 0.000750 -0.015370 0.010276
v 0.001000 -0.014187 0.011652
v 0.000750 -0.014295 0.011737
v 0.001000 -0.014187 -0.011652
v 0.000750 -0.014295 -0.011737
v 0.001000 -0.015252 -0.010204
v 0.000750 -0.015370 -0.010276
v 0.001000 -0.016172 -0.008657
v 0.000750 -0.016298 -0.008715
v 0.001000 -0.016941 -0.007026
v 0.000750 -0.017072 -0.007071
v 0.001000 -0.017551 -0.005329
v 0.000750 -0.017686 -0.005362
v 0.001000 -0.017996 -0.003580
v 0.000750 -0.018134 -0.003602
v 0.001000 -0.018268 -0.001799
v 0.000750 -0.018407 -0.001809
v 0.001000 -0.001799 -0.018268
v 0.000750 -0.001809 -0.018407
v 0.001000 -0.003580 -0.017996
v 0.000750 -0.003602 -0.018134
v 0.001000 -0.005329 -0.017551
v 0.000750 -0.005362 -0.017686
v 0.001000 -0.007026 -0.016941
v 0.000750 -0.007071 -0.017072
v 0.001000 -0.008657 -0.016172
v 0.000750 -0.008715 -0.016298
v 0.001000 -0.010204 -0.015252
v 0.000750 -0.010276 -0.015370
v 0.001000 -0.011652 -0.014187
v 0.000750 -0.011737 -0.014295
v -0.000750 0.000000 -0.018500
v -0.001000 0.000000 -0.018360
v -0.001000 0.012984 -0.012984
v -0.000750 0.013081 -0.013081
v -0.001000 0.018360 0.000000
v -0.000750 0.018500 0.000000
v -0.001000 0.012984 0.012984
v -0.000750 0.013081 0.013081
v -0.001000 -0.000000 0.018360
v -0.000750 0.000000 0.018500
v -0.001000 -0.012984 0.012984
v -0.000750 -0.013081 0.013081
v -0.001000 -0.018360 0.000000
v -0.000750 -0.018500 0.000000
v -0.001000 -0.012984 -0.012984
v -0.000750 -0.013081 -0.013081
v -0.000750 0.011737 -0.014295
v -0.001000 0.011652 -0.014187
v -0.000750 0.010276 -0.015370
v -0.001000 0.010204 -0.015252
v -0.000750 0.008715 -0.016298
v -0.001000 0.008657 -0.016172
v -0.000750 0.007071 -0.017072
v -0.001000 0.007026 -0.016941
v -0.000750 0.005362 -0.017686
v -0.001000 0.005329 -0.017551
v -0.000750 0.003602 -0.018134
v -0.001000 0.003580 -0.017996
v -0.000750 0.001809 -0.018407
v -0.001000 0.001799 -0.018268
v -0.000750 0.018407 -0.001809
v -0.001000 0.018268 -0.001799
v -0.000750 0.018134 -0.003602
v -0.001000 0.017996 -0.003580
v -0.000750 0.017686 -0.005362
v -0.001000 0.017551 -0.005329
v -0.000750 0.017072 -0.007071
v -0.001000 0.016941 -0.007026
v -0.000750 0.016298 -0.008715
v -0.001000 0.016172 -0.008657
v -0.000750 0.015370 -0.010276
v -0.001000 0.015252 -0.010204
v -0.000750 0.014295 -0.011737
v -0.001000 0.014187 -0.011652
v -0.000750 0.014295 0.011737
v -0.001000 0.014187 0.011652
v -0.000750 0.015370 0.010276
v -0.001000 0.015252 0.010204
v -0.000750 0.016298 0.008715
v -0.001000 0.016172 0.008657
v -0.000750 0.017072 0.007071
v -0.001000 0.016941 0.007026
v -0.000750 0.017686 0.005362
v -0.001000 0.017551 0.005329
v -0.000750 0.018134 0.003602
v -0.001000 0.017996 0.003580
v -0.000750 0.018407 0.001809
v -0.001000 0.018268 0.001799
v -0.000750 0.001809 0.018407
v -0.001000 0.001799 0.018268
v -0.000750 0.003602 0.018134
v -0.001000 0.003580 0.017996
v -0.000750 0.005362 0.017686
v -0.001000 0.005329 0.017551
v -0.000750 0.007071 0.017072
v -0.001000 0.007026 0.016941
v -0.000750 0.008715 0.016298
v -0.001000 0.008657 0.016172
v -0.000750 0.010276 0.015370
v -0.001000 0.010204 0.015252
v -0.000750 0.011737 0.014295
v -0.001000 0.011652 0.014187
v -0.000750 -0.011737 0.014295
v -0.001000 -0.011652 0.014187
v -0.000750 -0.010276 0.015370
v -0.001000 -0.010204 0.015252
v -0.000750 -0.008715 0.016298
v -0.001000 -0.008657 0.016172
v -0.000750 -0.007071 0.017072
v -0.001000 -0.007026 0.016941
v -0.000750 -0.005362 0.017686
v -0.001000 -0.005329 0.017551
v -0.000750 -0.003602 0.018134
v -0.001000 -0.003580 0.017996
v -0.000750 -0.001809 0.018407
v -0.001000 -0.001799 0.018268
v -0.000750 -0.018407 0.001809
v -0.001000 -0.018268 0.001799
v -0.000750 -0.018134 0.003602
v -0.001000 -0.017996 0.003580
v -0.000750 -0.017686 0.005362
v -0.001000 -0.017551 0.005329
v -0.000750 -0.017072 0.007071
v -0.001000 -0.016941 0.007026
v -0.000750 -0.016298 0.008715
v -0.001000 -0.016172 0.008657
v -0.000750 -0.015370 0.010276
v -0.001000 -0.015252 0.010204
v -0.000750 -0.014295 0.011737
v -0.001000 -0.014187 0.011652
v -0.000750 -0.014295 -0.011737
v -0.001000 -0.014187 -0.011652
v -0.000750 -0.015370 -0.010276
v -0.001000 -0.015252 -0.010204
v -0.000750 -0.016298 -0.008715
v -0.001000 -0.016172 -0.008657
v -0.000750 -0.017072 -0.007071
v -0.001000 -0.016941 -0.007026
v -0.000750 -0.017686 -0.005362
v -0.001000 -0.017551 -0.005329
v -0.000750 -0.018134 -0.003602
v -0.001000 -0.017996 -0.003580
v -0.000750 -0.018407 -0.001809
v -0.001000 -0.018268 -0.001799
v -0.000750 -0.001809 -0.018407
v -0.001000 -0.001799 -0.018268
v -0.000750 -0.003602 -0.018134
v -0.001000 -0.003580 -0.017996
v -0.000750 -0.005362 -0.017686
v -0.001000 -0.005329 -0.017551
v -0.000750 -0.007071 -0.017072
v -0.001000 -0.007026 -0.016941
v -0.000750 -0.008715 -0.016298
v -0.001000 -0.008657 -0.016172
v -0.000750 -0.010276 -0.015370
v -0.001000 -0.010204 -0.015252
v -0.000750 -0.011737 -0.014295
v -0.001000 -0.011652 -0.014187
vn 1.0000 -0.0000 -0.0000
vn 0.2506 -0.0000 -0.9681
vn 0.2505 -0.0977 -0.9632
vn -0.2505 -0.0977 -0.9632
vn -0.2506 -0.0000 -0.9681
vn 0.2505 0.9632 -0.0977
vn 0.2501 0.9490 -0.1922
vn -0.2501 0.9490 -0.1922
vn -0.2505 0.9632 -0.0977
vn 0.2501 0.1922 -0.9490
vn 0.2505 0.0977 -0.9632
vn -0.2505 0.0977 -0.9632
vn -0.2501 0.1922 -0.9490
vn 0.2494 0.2830 -0.9261
vn -0.2494 0.2830 -0.9261
vn 0.2487 0.3703 -0.8950
vn -0.2487 0.3703 -0.8950
vn 0.2479 0.4543 -0.8557
vn -0.2479 0.4543 -0.8557
vn 0.2473 0.5350 -0.8078
vn -0.2473 0.5350 -0.8078
vn 0.2468 0.7511 -0.6123
vn 0.2466 0.6853 -0.6853
vn -0.2466 0.6853 -0.6853
vn -0.2468 0.7511 -0.6123
vn 0.8536 -0.4035 -0.3293
vn 0.8534 -0.3686 -0.3686
vn -1.0000 -0.0000 -0.0000
vn -0.8557 0.0525 -0.5148
vn -0.8556 -0.0000 -0.5176
vn 0.2473 -0.5350 -0.8078
vn 0.2468 -0.6123 -0.7511
vn -0.2468 -0.6123 -0.7511
vn -0.2473 -0.5350 -0.8078
vn 0.2479 -0.4543 -0.8557
vn -0.2479 -0.4543 -0.8557
vn 0.2487 -0.3703 -0.8950
vn -0.2487 -0.3703 -0.8950
vn 0.2494 -0.2830 -0.9261
vn -0.2494 -0.2830 -0.9261
vn 0.2501 -0.1922 -0.9490
vn -0.2501 -0.1922 -0.9490
vn 0.2468 0.6123 -0.7511
vn -0.2468 0.6123 -0.7511
vn 0.8557 -0.5148 0.0525
vn 0.8556 -0.5176 -0.0000
vn 0.2501 -0.9490 -0.1922
vn 0.2505 -0.9632 -0.0977
vn -0.2505 -0.9632 -0.0977
vn -0.2501 -0.9490 -0.1922
vn 0.2494 -0.9261 -0.2830
vn -0.2494 -0.9261 -0.2830
vn 0.2487 -0.8950 -0.3703
vn -0.2487 -0.8950 -0.3703
vn 0.2479 -0.8557 -0.4543
vn -0.2479 -0.8557 -0.4543
vn 0.2473 -0.8078 -0.5350
vn -0.2473 -0.8078 -0.5350
vn 0.2466 -0.6853 -0.6853
vn -0.2466 -0.6853 -0.6853
vn 0.8536 -0.3293 0.4035
vn 0.8534 -0.3686 0.3686
vn 0.2468 -0.7511 -0.6123
vn -0.2468 -0.7511 -0.6123
vn 0.2473 -0.8078 0.5350
vn 0.2468 -0.7511 0.6123
vn -0.2468 -0.7511 0.6123
vn -0.2473 -0.8078 0.5350
vn 0.2479 -0.8557 0.4543
vn -0.2479 -0.8557 0.4543
vn 0.2487 -0.8950 0.3703
vn -0.2487 -0.8950 0.3703
vn 0.2494 -0.9261 0.2830
vn -0.2494 -0.9261 0.2830
vn 0.2501 -0.9490 0.1922
vn -0.2501 -0.9490 0.1922
vn 0.2506 -0.9681 -0.0000
vn -0.2506 -0.9681 -0.0000
vn 0.8557 0.0525 0.5148
vn 0.8556 -0.0000 0.5176
vn 0.2505 -0.9632 0.0977
vn -0.2505 -0.9632 0.0977
vn 0.2501 -0.1922 0.9490
vn 0.2505 -0.0977 0.9632
vn -0.2505 -0.0977 0.9632
vn -0.2501 -0.1922 0.9490
vn 0.2494 -0.2830 0.9261
vn -0.2494 -0.2830 0.9261
vn 0.2487 -0.3703 0.8950
vn -0.2487 -0.3703 0.8950
vn 0.2479 -0.4543 0.8557
vn -0.2479 -0.4543 0.8557
vn 0.2473 -0.5350 0.8078
vn -0.2473 -0.5350 0.8078
vn 0.2466 -0.6853 0.6853
vn -0.2466 -0.6853 0.6853
vn 0.8536 0.4035 0.3293
vn 0.8534 0.3686 0.3686
vn 0.2468 -0.6123 0.7511
vn -0.2468 -0.6123 0.7511
vn 0.2473 0.5350 0.8078
vn 0.2468 0.6123 0.7511
vn -0.2468 0.6123 0.7511
vn -0.2473 0.5350 0.8078
vn 0.2479 0.4543 0.8557
vn -0.2479 0.4543 0.8557
vn 0.2487 0.3703 0.8950
vn -0.2487 0.3703 0.8950
vn 0.2494 0.2830 0.9261
vn -0.2494 0.2830 0.9261
vn 0.2501 0.1922 0.9490
vn -0.2501 0.1922 0.9490
vn 0.2506 -0.0000 0.9681
vn -0.2506 -0.0000 0.9681
vn 0.8557 0.5148 -0.0525
vn 0.8556 0.5176 -0.0000
vn 0.2505 0.0977 0.9632
vn -0.2505 0.0977 0.9632
vn 0.2501 0.9490 0.1922
vn 0.2505 0.9632 0.0977
vn -0.2505 0.9632 0.0977
vn -0.2501 0.9490 0.1922
vn 0.2494 0.9261 0.2830
vn -0.2494 0.9261 0.2830
vn 0.2487 0.8950 0.3703
vn -0.2487 0.8950 0.3703
vn 0.2479 0.8557 0.4543
vn -0.2479 0.8557 0.4543
vn 0.2473 0.8078 0.5350
vn -0.2473 0.8078 0.5350
vn 0.2466 0.6853 0.6853
vn -0.2466 0.6853 0.6853
vn 0.8536 0.3293 -0.4035
vn 0.8534 0.3686 -0.3686
vn 0.2468 0.7511 0.6123
vn -0.2468 0.7511 0.6123
vn 0.2473 0.8078 -0.5350
vn -0.2473 0.8078 -0.5350
vn 0.2479 0.8557 -0.4543
vn -0.2479 0.8557 -0.4543
vn 0.2487 0.8950 -0.3703
vn -0.2487 0.8950 -0.3703
vn 0.2494 0.9261 -0.2830
vn -0.2494 0.9261 -0.2830
vn 0.2506 0.9681 -0.0000
vn -0.2506 0.9681 -0.0000
vn -0.8557 -0.0525 -0.5148
vn -0.8557 0.5148 -0.0525
vn -0.8556 0.5073 -0.1033
vn -0.8556 0.1033 -0.5073
vn -0.8553 0.1521 -0.4953
vn -0.8549 0.1990 -0.4791
vn -0.8545 0.2442 -0.4585
vn -0.8540 0.2876 -0.4334
vn -0.8536 0.4035 -0.3293
vn -0.8534 0.3686 -0.3686
vn -0.8536 0.3293 -0.4035
vn -0.8540 -0.2876 -0.4334
vn -0.8536 -0.3293 -0.4035
vn -0.8545 -0.2442 -0.4585
vn -0.8549 -0.1990 -0.4791
vn -0.8553 -0.1521 -0.4953
vn -0.8556 -0.1033 -0.5073
vn -0.8534 -0.3686 -0.3686
vn -0.8536 -0.4035 -0.3293
vn -0.8556 -0.5073 -0.1033
vn -0.8557 -0.5148 -0.0525
vn -0.8553 -0.4953 -0.1521
vn -0.8549 -0.4791 -0.1990
vn -0.8545 -0.4585 -0.2442
vn -0.8540 -0.4334 -0.2876
vn -0.8556 -0.5176 -0.0000
vn -0.8557 -0.5148 0.0525
vn -0.8540 -0.4334 0.2876
vn -0.8536 -0.4035 0.3293
vn -0.8545 -0.4585 0.2442
vn -0.8549 -0.4791 0.1990
vn -0.8553 -0.4953 0.1521
vn -0.8556 -0.5073 0.1033
vn -0.8534 -0.3686 0.3686
vn -0.8536 -0.3293 0.4035
vn -0.8556 -0.1033 0.5073
vn -0.8557 -0.0525 0.5148
vn -0.8553 -0.1521 0.4953
vn -0.8549 -0.1990 0.4791
vn -0.8545 -0.2442 0.4585
vn -0.8540 -0.2876 0.4334
vn -0.8556 -0.0000 0.5176
vn -0.8557 0.0525 0.5148
vn -0.8540 0.2876 0.4334
vn -0.8536 0.3293 0.4035
vn -0.8545 0.2442 0.4585
vn -0.8549 0.1990 0.4791
vn -0.8553 0.1521 0.4953
vn -0.8556 0.1033 0.5073
vn -0.8534 0.3686 0.3686
vn -0.8536 0.4035 0.3293
vn -0.8556 0.5073 0.1033
vn -0.8557 0.5148 0.0525
vn -0.8553 0.4953 0.1521
vn -0.8549 0.4791 0.1990
vn -0.8545 0.4585 0.2442
vn -0.8540 0.4334 0.2876
vn -0.8556 0.5176 -0.0000
vn -0.8540 0.4334 -0.2876
vn -0.8545 0.4585 -0.2442
vn -0.8549 0.4791 -0.1990
vn -0.8553 0.4953 -0.1521
vn 0.8536 0.4035 -0.3293
vn 0.8540 0.2876 -0.4334
vn 0.8545 0.2442 -0.4585
vn 0.8549 0.1990 -0.4791
vn 0.8553 0.1521 -0.4953
vn 0.8556 0.1033 -0.5073
vn 0.8557 0.0525 -0.5148
vn 0.8556 -0.0000 -0.5176
vn 0.8557 0.5148 0.0525
vn 0.8556 0.5073 -0.1033
vn 0.8553 0.4953 -0.1521
vn 0.8549 0.4791 -0.1990
vn 0.8545 0.4585 -0.2442
vn 0.8540 0.4334 -0.2876
vn 0.8536 0.3293 0.4035
vn 0.8540 0.4334 0.2876
vn 0.8545 0.4585 0.2442
vn 0.8549 0.4791 0.1990
vn 0.8553 0.4953 0.1521
vn 0.8556 0.5073 0.1033
vn 0.8557 -0.0525 0.5148
vn 0.8556 0.1033 0.5073
vn 0.8553 0.1521 0.4953
vn 0.8549 0.1990 0.4791
vn 0.8545 0.2442 0.4585
vn 0.8540 0.2876 0.4334
vn 0.8536 -0.4035 0.3293
vn 0.8540 -0.2876 0.4334
vn 0.8545 -0.2442 0.4585
vn 0.8549 -0.1990 0.4791
vn 0.8553 -0.1521 0.4953
vn 0.8556 -0.1033 0.5073
vn 0.8557 -0.5148 -0.0525
vn 0.8556 -0.5073 0.1033
vn 0.8553 -0.4953 0.1521
vn 0.8549 -0.4791 0.1990
vn 0.8545 -0.4585 0.2442
vn 0.8540 -0.4334 0.2876
vn 0.8536 -0.3293 -0.4035
vn 0.8540 -0.4334 -0.2876
vn 0.8545 -0.4585 -0.2442
vn 0.8549 -0.4791 -0.1990
vn 0.8553 -0.4953 -0.1521
vn 0.8556 -0.5073 -0.1033
vn 0.8557 -0.0525 -0.5148
vn 0.8556 -0.1033 -0.5073
vn 0.8553 -0.1521 -0.4953
vn 0.8549 -0.1990 -0.4791
vn 0.8545 -0.2442 -0.4585
vn 0.8540 -0.2876 -0.4334
vt 0.852832 0.730273
vt 0.651143 0.741447
vt 0.846674 0.364276
vt 0.644986 0.375450
vt 0.752325 0.755908
vt 0.745493 0.349815
vt 0.860801 0.546662
vt 0.637017 0.559061
vt 0.748909 0.552862
vt 0.861060 0.574105
vt 0.860907 0.601207
vt 0.860336 0.627603
vt 0.859340 0.652930
vt 0.857933 0.676771
vt 0.856219 0.698509
vt 0.854359 0.717274
vt 0.737202 0.756378
vt 0.722268 0.756100
vt 0.707721 0.755064
vt 0.693765 0.753257
vt 0.680626 0.750705
vt 0.668647 0.747594
vt 0.658307 0.744218
vt 0.636758 0.531618
vt 0.636911 0.504516
vt 0.637482 0.478120
vt 0.638478 0.452793
vt 0.639884 0.428952
vt 0.641598 0.407214
vt 0.643459 0.388449
vt 0.760615 0.349345
vt 0.775550 0.349622
vt 0.790096 0.350659
vt 0.804053 0.352466
vt 0.817191 0.355018
vt 0.829170 0.358129
vt 0.839511 0.361505
vt 0.845775 0.733832
vt 0.835567 0.738346
vt 0.823715 0.742777
vt 0.810687 0.746779
vt 0.796817 0.750128
vt 0.782333 0.752773
vt 0.767435 0.754703
vt 0.652043 0.371891
vt 0.662250 0.367377
vt 0.674102 0.362946
vt 0.687131 0.358944
vt 0.701000 0.355595
vt 0.715485 0.352950
vt 0.730382 0.351020
vt 0.748497 0.528387
vt 0.748084 0.503826
vt 0.747668 0.479092
vt 0.747247 0.454099
vt 0.746821 0.428761
vt 0.746387 0.402992
vt 0.745945 0.376705
vt 0.848635 0.377082
vt 0.851123 0.395606
vt 0.853565 0.417113
vt 0.855770 0.440755
vt 0.857616 0.465924
vt 0.859073 0.492207
vt 0.860137 0.519242
vt 0.649182 0.728641
vt 0.646695 0.710117
vt 0.644253 0.688610
vt 0.642048 0.664968
vt 0.640202 0.639799
vt 0.638745 0.613515
vt 0.637681 0.586481
vt 0.751872 0.729018
vt 0.751430 0.702731
vt 0.750997 0.676962
vt 0.750570 0.651624
vt 0.750150 0.626631
vt 0.749734 0.601897
vt 0.749321 0.577337
vt 0.762396 0.552114
vt 0.775931 0.551365
vt 0.789561 0.550609
vt 0.803333 0.549846
vt 0.817296 0.549073
vt 0.831497 0.548286
vt 0.845982 0.547483
vt 0.651835 0.558240
vt 0.666321 0.557437
vt 0.680521 0.556651
vt 0.694484 0.555877
vt 0.708257 0.555114
vt 0.721887 0.554359
vt 0.735422 0.553609
vt 0.903812 0.254059
vt 0.894233 0.272536
vt 0.884835 0.290664
vt 0.875707 0.308272
vt 0.866969 0.325128
vt 0.858856 0.340778
vt 0.851715 0.354552
vt 0.745029 0.322264
vt 0.744555 0.294110
vt 0.744073 0.265441
vt 0.743584 0.236345
vt 0.743088 0.206908
vt 0.742589 0.177220
vt 0.742086 0.147372
vt 0.639627 0.366302
vt 0.632037 0.353344
vt 0.623412 0.338622
vt 0.614124 0.322764
vt 0.604421 0.306201
vt 0.594431 0.289146
vt 0.584249 0.271764
vt 0.621834 0.559902
vt 0.606320 0.560762
vt 0.590521 0.561636
vt 0.574487 0.562525
vt 0.558266 0.563424
vt 0.541906 0.564330
vt 0.525457 0.565242
vt 0.646102 0.751171
vt 0.638962 0.764946
vt 0.630848 0.780596
vt 0.622110 0.797451
vt 0.612982 0.815059
vt 0.603584 0.833188
vt 0.594006 0.851664
vt 0.752789 0.783459
vt 0.753262 0.811614
vt 0.753745 0.840282
vt 0.754234 0.869379
vt 0.754729 0.898816
vt 0.755229 0.928503
vt 0.755731 0.958351
vt 0.858191 0.739421
vt 0.865781 0.752379
vt 0.874405 0.767101
vt 0.883694 0.782959
vt 0.893396 0.799523
vt 0.903387 0.816578
vt 0.913568 0.833959
vt 0.875983 0.545821
vt 0.891498 0.544962
vt 0.907296 0.544086
vt 0.923330 0.543198
vt 0.939552 0.542299
vt 0.955912 0.541393
vt 0.972360 0.540482
vt 0.735007 0.529129
vt 0.721471 0.529840
vt 0.707845 0.530489
vt 0.694083 0.531042
vt 0.680139 0.531466
vt 0.665968 0.531727
vt 0.651523 0.531790
vt 0.734572 0.504569
vt 0.721026 0.505261
vt 0.707407 0.505838
vt 0.693682 0.506238
vt 0.679812 0.506393
vt 0.665756 0.506217
vt 0.651470 0.505621
vt 0.734098 0.479849
vt 0.720512 0.480559
vt 0.706895 0.481138
vt 0.693230 0.481500
vt 0.679495 0.481545
vt 0.665654 0.481114
vt 0.651664 0.480030
vt 0.733562 0.454888
vt 0.719895 0.455674
vt 0.706261 0.456364
vt 0.692675 0.456863
vt 0.679144 0.457041
vt 0.665632 0.456627
vt 0.652092 0.455314
vt 0.732945 0.429606
vt 0.719134 0.430542
vt 0.705447 0.431484
vt 0.691948 0.432344
vt 0.678678 0.432968
vt 0.665612 0.432946
vt 0.652701 0.431787
vt 0.732224 0.403921
vt 0.718180 0.405094
vt 0.704366 0.406440
vt 0.690896 0.407894
vt 0.677869 0.409302
vt 0.665326 0.410174
vt 0.653270 0.409835
vt 0.731377 0.377753
vt 0.716980 0.379254
vt 0.702916 0.381166
vt 0.689348 0.383449
vt 0.676444 0.385987
vt 0.664404 0.388358
vt 0.653411 0.389833
vt 0.845405 0.521048
vt 0.830984 0.522585
vt 0.816831 0.523893
vt 0.802899 0.525013
vt 0.789144 0.525985
vt 0.775521 0.526846
vt 0.761987 0.527635
vt 0.844578 0.494922
vt 0.830339 0.497098
vt 0.816315 0.498830
vt 0.802465 0.500211
vt 0.788752 0.501332
vt 0.775140 0.502263
vt 0.761595 0.503072
vt 0.843524 0.469401
vt 0.829596 0.472031
vt 0.815796 0.473994
vt 0.802085 0.475469
vt 0.788433 0.476620
vt 0.774822 0.477550
vt 0.761238 0.478345
vt 0.842266 0.444778
vt 0.828795 0.447588
vt 0.815322 0.449496
vt 0.801810 0.450816
vt 0.788234 0.451822
vt 0.774601 0.452644
vt 0.760933 0.453371
vt 0.840868 0.421361
vt 0.828019 0.423948
vt 0.814978 0.425417
vt 0.801712 0.426262
vt 0.788209 0.426899
vt 0.774516 0.427474
vt 0.760699 0.428068
vt 0.839561 0.399514
vt 0.827539 0.401187
vt 0.814990 0.401706
vt 0.801940 0.401742
vt 0.788447 0.401782
vt 0.774613 0.401968
vt 0.760555 0.402352
vt 0.838748 0.379564
vt 0.827725 0.379309
vt 0.815629 0.378276
vt 0.802664 0.377171
vt 0.789044 0.376395
vt 0.774941 0.376043
vt 0.760521 0.376139
vt 0.844407 0.715891
vt 0.833413 0.717365
vt 0.821374 0.719736
vt 0.808470 0.722273
vt 0.794901 0.724557
vt 0.780837 0.726469
vt 0.766440 0.727970
vt 0.844547 0.695888
vt 0.832491 0.695549
vt 0.819949 0.696421
vt 0.806922 0.697829
vt 0.793452 0.699282
vt 0.779638 0.700629
vt 0.765593 0.701801
vt 0.845117 0.673937
vt 0.832206 0.672778
vt 0.819139 0.672755
vt 0.805870 0.673380
vt 0.792370 0.674239
vt 0.778684 0.675181
vt 0.764872 0.676117
vt 0.845726 0.650409
vt 0.832186 0.649096
vt 0.818673 0.648682
vt 0.805142 0.648860
vt 0.791557 0.649360
vt 0.777923 0.650049
vt 0.764255 0.650835
vt 0.846154 0.625693
vt 0.832163 0.624609
vt 0.818322 0.624178
vt 0.804588 0.624223
vt 0.790923 0.624585
vt 0.777305 0.625164
vt 0.763720 0.625874
vt 0.846348 0.600102
vt 0.832061 0.599506
vt 0.818005 0.599330
vt 0.804136 0.599485
vt 0.790410 0.599885
vt 0.776792 0.600462
vt 0.763245 0.601154
vt 0.846295 0.573933
vt 0.831849 0.573996
vt 0.817678 0.574257
vt 0.803734 0.574681
vt 0.789972 0.575234
vt 0.776346 0.575883
vt 0.762811 0.576594
vt 0.737297 0.729584
vt 0.722876 0.729681
vt 0.708774 0.729329
vt 0.695154 0.728552
vt 0.682189 0.727447
vt 0.670092 0.726414
vt 0.659069 0.726159
vt 0.737262 0.703371
vt 0.723205 0.703756
vt 0.709371 0.703941
vt 0.695878 0.703981
vt 0.682827 0.704017
vt 0.670279 0.704536
vt 0.658257 0.706209
vt 0.737119 0.677655
vt 0.723301 0.678249
vt 0.709609 0.678824
vt 0.696106 0.679461
vt 0.682840 0.680307
vt 0.669798 0.681775
vt 0.656950 0.684362
vt 0.736885 0.652352
vt 0.723216 0.653081
vt 0.709584 0.653901
vt 0.696007 0.654907
vt 0.682496 0.656226
vt 0.669022 0.658135
vt 0.655551 0.660945
vt 0.736580 0.627378
vt 0.722996 0.628173
vt 0.709385 0.629102
vt 0.695732 0.630254
vt 0.682022 0.631729
vt 0.668221 0.633692
vt 0.654293 0.636322
vt 0.736223 0.602651
vt 0.722678 0.603461
vt 0.709065 0.604391
vt 0.695352 0.605512
vt 0.681503 0.606893
vt 0.667479 0.608625
vt 0.653240 0.610801
vt 0.735831 0.578089
vt 0.722297 0.578877
vt 0.708674 0.579738
vt 0.694919 0.580710
vt 0.680987 0.581830
vt 0.666833 0.583138
vt 0.652413 0.584675
vt 0.843134 0.344517
vt 0.832329 0.337375
vt 0.819891 0.331811
vt 0.806225 0.327552
vt 0.791671 0.324516
vt 0.776473 0.322651
vt 0.760853 0.321914
vt 0.848764 0.327117
vt 0.836901 0.316622
vt 0.823580 0.308515
vt 0.809092 0.302391
vt 0.793714 0.297978
vt 0.777680 0.295170
vt 0.761219 0.293902
vt 0.855493 0.308731
vt 0.842430 0.295478
vt 0.828025 0.284994
vt 0.812516 0.276952
vt 0.796140 0.271073
vt 0.779125 0.267244
vt 0.761695 0.265391
vt 0.862910 0.289483
vt 0.848603 0.273843
vt 0.833010 0.261151
vt 0.816356 0.251207
vt 0.798867 0.243832
vt 0.780762 0.238939
vt 0.762262 0.236464
vt 0.870738 0.269599
vt 0.855168 0.251716
vt 0.838344 0.236928
vt 0.820486 0.225146
vt 0.801814 0.216291
vt 0.782547 0.210322
vt 0.762900 0.207206
vt 0.878847 0.249248
vt 0.862005 0.229200
vt 0.843924 0.212393
vt 0.824824 0.198831
vt 0.804922 0.188519
vt 0.784438 0.181472
vt 0.763589 0.177702
vt 0.887143 0.228584
vt 0.869022 0.206422
vt 0.849668 0.187649
vt 0.829299 0.172345
vt 0.808135 0.160592
vt 0.786399 0.152466
vt 0.764311 0.148038
vt 0.729223 0.323666
vt 0.713657 0.326131
vt 0.698550 0.329675
vt 0.684125 0.334317
vt 0.670628 0.340080
vt 0.658400 0.347011
vt 0.647855 0.355336
vt 0.727916 0.295747
vt 0.711528 0.298835
vt 0.695619 0.303412
vt 0.680417 0.309520
vt 0.666162 0.317236
vt 0.653139 0.326802
vt 0.641650 0.338592
vt 0.726482 0.267342
vt 0.709147 0.271121
vt 0.692292 0.276827
vt 0.676145 0.284508
vt 0.660935 0.294252
vt 0.646909 0.306310
vt 0.634316 0.320984
vt 0.724944 0.238532
vt 0.706561 0.243050
vt 0.688655 0.249938
vt 0.671446 0.259236
vt 0.655158 0.271005
vt 0.640021 0.285399
vt 0.626266 0.302594
vt 0.723324 0.209399
vt 0.703818 0.214685
vt 0.684787 0.222775
vt 0.666447 0.233680
vt 0.649019 0.247417
vt 0.632724 0.264041
vt 0.617783 0.283614
vt 0.721644 0.180026
vt 0.700960 0.186097
vt 0.680751 0.195399
vt 0.661233 0.207894
vt 0.642624 0.223546
vt 0.625143 0.242323
vt 0.609006 0.264199
vt 0.719926 0.150497
vt 0.698029 0.157363
vt 0.676606 0.167879
vt 0.655876 0.181953
vt 0.636060 0.199483
vt 0.617373 0.220364
vt 0.600030 0.244491
vt 0.634097 0.381874
vt 0.630162 0.401482
vt 0.627095 0.424053
vt 0.624749 0.448852
vt 0.623075 0.475263
vt 0.622048 0.502841
vt 0.621642 0.531188
vt 0.624509 0.371657
vt 0.618725 0.393186
vt 0.614258 0.417358
vt 0.610883 0.443649
vt 0.608451 0.471556
vt 0.606904 0.500651
vt 0.606205 0.530523
vt 0.614376 0.359447
vt 0.607073 0.383151
vt 0.601297 0.409293
vt 0.596865 0.437436
vt 0.593625 0.467152
vt 0.591515 0.498028
vt 0.590494 0.529658
vt 0.603770 0.345987
vt 0.595151 0.371950
vt 0.588157 0.400247
vt 0.582678 0.430467
vt 0.578613 0.462204
vt 0.575917 0.495058
vt 0.574553 0.528630
vt 0.592813 0.331781
vt 0.582958 0.360036
vt 0.574808 0.390566
vt 0.568316 0.422972
vt 0.563436 0.456856
vt 0.560148 0.491820
vt 0.558430 0.527472
vt 0.581598 0.317067
vt 0.570550 0.347630
vt 0.561288 0.380440
vt 0.553815 0.415101
vt 0.548132 0.451216
vt 0.544249 0.488388
vt 0.542171 0.526222
vt 0.570211 0.302012
vt 0.557998 0.334896
vt 0.547652 0.370017
vt 0.539219 0.406981
vt 0.532742 0.445385
vt 0.528265 0.484830
vt 0.525825 0.524912
vt 0.622607 0.588584
vt 0.623965 0.616833
vt 0.625919 0.644246
vt 0.628476 0.670422
vt 0.631653 0.694915
vt 0.635472 0.717105
vt 0.640059 0.736241
vt 0.607222 0.590956
vt 0.608923 0.620696
vt 0.611446 0.649565
vt 0.614812 0.677151
vt 0.619064 0.703019
vt 0.624336 0.726652
vt 0.630832 0.747500
vt 0.591569 0.593559
vt 0.593651 0.625016
vt 0.596796 0.655601
vt 0.601028 0.684904
vt 0.606398 0.712504
vt 0.613043 0.737958
vt 0.621129 0.760809
vt 0.575693 0.596350
vt 0.578182 0.629709
vt 0.581978 0.662202
vt 0.587102 0.693431
vt 0.593588 0.722988
vt 0.601519 0.750457
vt 0.610995 0.775418
vt 0.559638 0.599290
vt 0.562551 0.634686
vt 0.567010 0.669221
vt 0.573019 0.702501
vt 0.580589 0.734128
vt 0.589750 0.763699
vt 0.600536 0.790809
vt 0.543452 0.602338
vt 0.546798 0.639872
vt 0.551923 0.676545
vt 0.558809 0.711963
vt 0.567434 0.745731
vt 0.577782 0.777455
vt 0.589837 0.806738
vt 0.527180 0.605455
vt 0.530963 0.645192
vt 0.536758 0.684068
vt 0.544514 0.721684
vt 0.554174 0.757645
vt 0.565681 0.791556
vt 0.578976 0.823026
vt 0.654683 0.761206
vt 0.665489 0.768348
vt 0.677927 0.773912
vt 0.691593 0.778170
vt 0.706147 0.781207
vt 0.721344 0.783072
vt 0.736965 0.783809
vt 0.649053 0.778606
vt 0.660917 0.789101
vt 0.674238 0.797208
vt 0.688725 0.803332
vt 0.704104 0.807745
vt 0.720137 0.810554
vt 0.736599 0.811821
vt 0.642325 0.796993
vt 0.655387 0.810246
vt 0.669793 0.820728
vt 0.685302 0.828771
vt 0.701677 0.834650
vt 0.718692 0.838479
vt 0.736122 0.840332
vt 0.634908 0.816239
vt 0.649215 0.831879
vt 0.664808 0.844571
vt 0.681461 0.854516
vt 0.698951 0.861891
vt 0.717055 0.866784
vt 0.735556 0.869259
vt 0.627079 0.836124
vt 0.642649 0.854007
vt 0.659474 0.868795
vt 0.677331 0.880577
vt 0.696003 0.889431
vt 0.715271 0.895400
vt 0.734918 0.898517
vt 0.618970 0.856475
vt 0.635813 0.876523
vt 0.653893 0.893331
vt 0.672994 0.906893
vt 0.692895 0.917204
vt 0.713380 0.924251
vt 0.734228 0.928020
vt 0.610674 0.877140
vt 0.628795 0.899301
vt 0.648150 0.918074
vt 0.668519 0.933379
vt 0.689682 0.945131
vt 0.711419 0.953256
vt 0.733507 0.957684
vt 0.768594 0.782057
vt 0.784161 0.779592
vt 0.799268 0.776047
vt 0.813693 0.771406
vt 0.827190 0.765642
vt 0.839418 0.758712
vt 0.849963 0.750387
vt 0.769902 0.809976
vt 0.786290 0.806888
vt 0.802199 0.802310
vt 0.817401 0.796203
vt 0.831655 0.788487
vt 0.844679 0.778920
vt 0.856167 0.767131
vt 0.771336 0.838381
vt 0.788671 0.834602
vt 0.805526 0.828896
vt 0.821673 0.821215
vt 0.836883 0.811471
vt 0.850909 0.799412
vt 0.863502 0.784739
vt 0.772874 0.867192
vt 0.791257 0.862673
vt 0.809163 0.855785
vt 0.826372 0.846487
vt 0.842660 0.834718
vt 0.857797 0.820324
vt 0.871552 0.803129
vt 0.774494 0.896324
vt 0.793999 0.891039
vt 0.813031 0.882948
vt 0.831370 0.872043
vt 0.848798 0.858306
vt 0.865094 0.841682
vt 0.880034 0.822109
vt 0.776174 0.925697
vt 0.796857 0.919626
vt 0.817066 0.910324
vt 0.836584 0.897829
vt 0.855193 0.882178
vt 0.872675 0.863400
vt 0.888812 0.841524
vt 0.777891 0.955226
vt 0.799789 0.948360
vt 0.821212 0.937844
vt 0.841941 0.923770
vt 0.861758 0.906240
vt 0.880445 0.885359
vt 0.897787 0.861232
vt 0.863720 0.723849
vt 0.867656 0.704241
vt 0.870722 0.681670
vt 0.873069 0.656871
vt 0.874742 0.630460
vt 0.875770 0.602882
vt 0.876176 0.574535
vt 0.873309 0.734066
vt 0.879092 0.712538
vt 0.883560 0.688365
vt 0.886935 0.662075
vt 0.889367 0.634167
vt 0.890914 0.605072
vt 0.891613 0.575201
vt 0.883441 0.746276
vt 0.890744 0.722572
vt 0.896521 0.696431
vt 0.900953 0.668287
vt 0.904193 0.638571
vt 0.906303 0.607695
vt 0.907324 0.576065
vt 0.894048 0.759736
vt 0.902666 0.733772
vt 0.909660 0.705477
vt 0.915140 0.675256
vt 0.919204 0.643519
vt 0.921901 0.610665
vt 0.923264 0.577093
vt 0.905005 0.773941
vt 0.914859 0.745687
vt 0.923009 0.715157
vt 0.929502 0.682751
vt 0.934381 0.648868
vt 0.937670 0.613903
vt 0.939388 0.578250
vt 0.916219 0.788656
vt 0.927267 0.758093
vt 0.936529 0.725283
vt 0.944003 0.690622
vt 0.949685 0.654507
vt 0.953569 0.617335
vt 0.955646 0.579501
vt 0.927607 0.803711
vt 0.939820 0.770827
vt 0.950165 0.735706
vt 0.958599 0.698742
vt 0.965075 0.660337
vt 0.969553 0.620893
vt 0.971993 0.580811
vt 0.875210 0.517139
vt 0.873852 0.488890
vt 0.871899 0.461477
vt 0.869341 0.435301
vt 0.866165 0.410808
vt 0.862346 0.388618
vt 0.857758 0.369483
vt 0.890596 0.514767
vt 0.888894 0.485027
vt 0.886372 0.456158
vt 0.883006 0.428572
vt 0.878754 0.402704
vt 0.873482 0.379071
vt 0.866985 0.358223
vt 0.906249 0.512164
vt 0.904166 0.480706
vt 0.901022 0.450121
vt 0.896789 0.420819
vt 0.891420 0.393219
vt 0.884775 0.367765
vt 0.876688 0.344914
vt 0.922125 0.509373
vt 0.919635 0.476015
vt 0.915839 0.443521
vt 0.910716 0.412292
vt 0.904230 0.382735
vt 0.896298 0.355266
vt 0.886823 0.330305
vt 0.938179 0.506433
vt 0.935266 0.471037
vt 0.930808 0.436502
vt 0.924799 0.403222
vt 0.917229 0.371595
vt 0.908068 0.342024
vt 0.897282 0.314913
vt 0.954366 0.503384
vt 0.951020 0.465851
vt 0.945894 0.429179
vt 0.939008 0.393760
vt 0.930383 0.359991
vt 0.920036 0.328267
vt 0.907981 0.298984
vt 0.970638 0.500268
vt 0.966855 0.460531
vt 0.961060 0.421656
vt 0.953304 0.384039
vt 0.943644 0.348078
vt 0.932137 0.314167
vt 0.918841 0.282697
vt 0.147894 0.739558
vt 0.349676 0.738698
vt 0.147420 0.373391
vt 0.349202 0.372531
vt 0.248811 0.759186
vt 0.248285 0.352904
vt 0.136604 0.556522
vt 0.360492 0.555568
vt 0.248548 0.556044
vt 0.136842 0.583965
vt 0.137486 0.611043
vt 0.138535 0.637391
vt 0.139989 0.662645
vt 0.141826 0.686389
vt 0.143933 0.708013
vt 0.146132 0.726657
vt 0.263934 0.758753
vt 0.278855 0.757585
vt 0.293375 0.755682
vt 0.307291 0.753043
vt 0.320376 0.749709
vt 0.332292 0.745885
vt 0.342566 0.741895
vt 0.360253 0.528124
vt 0.359610 0.501046
vt 0.358561 0.474698
vt 0.357107 0.449445
vt 0.355270 0.425700
vt 0.353163 0.404076
vt 0.350964 0.385432
vt 0.233162 0.353336
vt 0.218240 0.354504
vt 0.203721 0.356407
vt 0.189804 0.359046
vt 0.176719 0.362380
vt 0.164803 0.366204
vt 0.154529 0.370194
vt 0.155011 0.742694
vt 0.165295 0.746597
vt 0.177221 0.750319
vt 0.190315 0.753541
vt 0.204238 0.756062
vt 0.218762 0.757841
vt 0.233686 0.758882
vt 0.342084 0.369395
vt 0.331800 0.365492
vt 0.319874 0.361770
vt 0.306781 0.358548
vt 0.292858 0.356027
vt 0.278334 0.354248
vt 0.263409 0.353207
vt 0.248516 0.531559
vt 0.248484 0.506986
vt 0.248452 0.482241
vt 0.248420 0.457236
vt 0.248387 0.431887
vt 0.248354 0.406106
vt 0.248320 0.379807
vt 0.145692 0.386307
vt 0.143541 0.404969
vt 0.141490 0.426611
vt 0.139714 0.450371
vt 0.138325 0.475637
vt 0.137345 0.501993
vt 0.136771 0.529076
vt 0.351404 0.725782
vt 0.353555 0.707120
vt 0.355606 0.685479
vt 0.357381 0.661718
vt 0.358770 0.636452
vt 0.359751 0.610096
vt 0.360324 0.583013
vt 0.248776 0.732283
vt 0.248742 0.705984
vt 0.248708 0.680202
vt 0.248676 0.654853
vt 0.248643 0.629849
vt 0.248611 0.605103
vt 0.248579 0.580531
vt 0.235054 0.556102
vt 0.221513 0.556160
vt 0.207877 0.556218
vt 0.194098 0.556276
vt 0.180129 0.556336
vt 0.165922 0.556397
vt 0.151429 0.556458
vt 0.345666 0.555631
vt 0.331174 0.555692
vt 0.316967 0.555753
vt 0.302998 0.555813
vt 0.289219 0.555871
vt 0.275582 0.555929
vt 0.262041 0.555987
vt 0.088317 0.266642
vt 0.098225 0.284537
vt 0.107946 0.302095
vt 0.117388 0.319148
vt 0.126427 0.335474
vt 0.134819 0.350632
vt 0.142205 0.363973
vt 0.248249 0.325340
vt 0.248213 0.297173
vt 0.248176 0.268491
vt 0.248138 0.239381
vt 0.248100 0.209931
vt 0.248062 0.180229
vt 0.248023 0.150367
vt 0.354392 0.363068
vt 0.361744 0.349665
vt 0.370096 0.334436
vt 0.379093 0.318033
vt 0.388491 0.300900
vt 0.398167 0.283259
vt 0.408028 0.265279
vt 0.375681 0.555503
vt 0.391203 0.555437
vt 0.407009 0.555369
vt 0.423050 0.555301
vt 0.439279 0.555232
vt 0.455647 0.555162
vt 0.472103 0.555092
vt 0.354890 0.748117
vt 0.362276 0.761457
vt 0.370669 0.776615
vt 0.379707 0.792940
vt 0.389149 0.809994
vt 0.398871 0.827553
vt 0.408778 0.845448
vt 0.248846 0.786749
vt 0.248883 0.814916
vt 0.248920 0.843598
vt 0.248957 0.872708
vt 0.248996 0.902159
vt 0.249034 0.931860
vt 0.249073 0.961722
vt 0.142703 0.749020
vt 0.135352 0.762424
vt 0.126999 0.777653
vt 0.118003 0.794056
vt 0.108605 0.811189
vt 0.098929 0.828830
vt 0.089068 0.846810
vt 0.121414 0.556586
vt 0.105893 0.556652
vt 0.090087 0.556720
vt 0.074046 0.556788
vt 0.057816 0.556857
vt 0.041449 0.556927
vt 0.024993 0.556997
vt 0.262012 0.531496
vt 0.275553 0.531399
vt 0.289184 0.531235
vt 0.302949 0.530967
vt 0.316893 0.530560
vt 0.331061 0.529976
vt 0.345499 0.529176
vt 0.262002 0.506923
vt 0.275554 0.506807
vt 0.289175 0.506572
vt 0.302901 0.506153
vt 0.316766 0.505480
vt 0.330811 0.504466
vt 0.345078 0.503019
vt 0.262028 0.482188
vt 0.275620 0.482088
vt 0.289240 0.481854
vt 0.302905 0.481401
vt 0.316632 0.480627
vt 0.330458 0.479371
vt 0.344421 0.477453
vt 0.262112 0.457208
vt 0.275786 0.457179
vt 0.289425 0.457055
vt 0.303012 0.456744
vt 0.316539 0.456116
vt 0.330037 0.454896
vt 0.343546 0.452776
vt 0.262271 0.431904
vt 0.276092 0.432016
vt 0.289787 0.432141
vt 0.303295 0.432195
vt 0.316569 0.432027
vt 0.329628 0.431226
vt 0.342511 0.429297
vt 0.262526 0.406190
vt 0.276584 0.406524
vt 0.290415 0.407046
vt 0.303904 0.407696
vt 0.316950 0.408326
vt 0.329501 0.408450
vt 0.341545 0.407392
vt 0.262898 0.379986
vt 0.277315 0.380627
vt 0.291406 0.381699
vt 0.305009 0.383172
vt 0.317952 0.384939
vt 0.330027 0.386590
vt 0.341042 0.387408
vt 0.151528 0.530003
vt 0.165968 0.530679
vt 0.180138 0.531142
vt 0.194083 0.531431
vt 0.207848 0.531582
vt 0.221479 0.531630
vt 0.235020 0.531611
vt 0.151881 0.503842
vt 0.166152 0.505168
vt 0.180200 0.506062
vt 0.194067 0.506616
vt 0.207793 0.506919
vt 0.221415 0.507038
vt 0.234967 0.507038
vt 0.152472 0.478271
vt 0.166440 0.480070
vt 0.180269 0.481208
vt 0.193998 0.481865
vt 0.207664 0.482202
vt 0.221285 0.482319
vt 0.234876 0.482303
vt 0.153284 0.453586
vt 0.166798 0.455592
vt 0.180298 0.456696
vt 0.193827 0.457209
vt 0.207414 0.457405
vt 0.221054 0.457413
vt 0.234728 0.457325
vt 0.154257 0.430099
vt 0.167145 0.431918
vt 0.180206 0.432609
vt 0.193480 0.432663
vt 0.206988 0.432494
vt 0.220683 0.432252
vt 0.234504 0.432022
vt 0.155167 0.408187
vt 0.167213 0.409141
vt 0.179765 0.408911
vt 0.192808 0.408169
vt 0.206295 0.407405
vt 0.220125 0.406765
vt 0.234182 0.406311
vt 0.155618 0.388198
vt 0.166631 0.387286
vt 0.178702 0.385532
vt 0.191640 0.383655
vt 0.205239 0.382066
vt 0.219327 0.380874
vt 0.233742 0.380110
vt 0.156054 0.724681
vt 0.167068 0.725499
vt 0.179144 0.727150
vt 0.192087 0.728917
vt 0.205690 0.730390
vt 0.219781 0.731462
vt 0.234197 0.732103
vt 0.155551 0.704697
vt 0.167594 0.703639
vt 0.180146 0.703763
vt 0.193192 0.704393
vt 0.206681 0.705043
vt 0.220511 0.705565
vt 0.234570 0.705899
vt 0.154584 0.682792
vt 0.167467 0.680863
vt 0.180526 0.680062
vt 0.193800 0.679895
vt 0.207308 0.679948
vt 0.221004 0.680073
vt 0.234825 0.680186
vt 0.153550 0.659313
vt 0.167059 0.657193
vt 0.180556 0.655974
vt 0.194083 0.655345
vt 0.207670 0.655034
vt 0.221310 0.654910
vt 0.234984 0.654881
vt 0.152674 0.634636
vt 0.166637 0.632718
vt 0.180463 0.631462
vt 0.194191 0.630688
vt 0.207856 0.630235
vt 0.221476 0.630001
vt 0.235067 0.629901
vt 0.152017 0.609070
vt 0.166285 0.607623
vt 0.180330 0.606609
vt 0.194195 0.605937
vt 0.207920 0.605517
vt 0.221542 0.605282
vt 0.235094 0.605166
vt 0.151596 0.582913
vt 0.166035 0.582114
vt 0.180203 0.581530
vt 0.194147 0.581122
vt 0.207912 0.580854
vt 0.221542 0.580689
vt 0.235083 0.580593
vt 0.263354 0.731979
vt 0.277768 0.731216
vt 0.291857 0.730023
vt 0.305456 0.728435
vt 0.318394 0.726557
vt 0.330465 0.724803
vt 0.341477 0.723891
vt 0.262914 0.705778
vt 0.276971 0.705325
vt 0.290800 0.704685
vt 0.304287 0.703920
vt 0.317331 0.703178
vt 0.329882 0.702948
vt 0.341928 0.703903
vt 0.262592 0.680067
vt 0.276412 0.679837
vt 0.290108 0.679595
vt 0.303615 0.679426
vt 0.316889 0.679481
vt 0.329950 0.680171
vt 0.342838 0.681989
vt 0.262367 0.654764
vt 0.276042 0.654677
vt 0.289681 0.654684
vt 0.303269 0.654880
vt 0.316797 0.655393
vt 0.330298 0.656497
vt 0.343812 0.658503
vt 0.262220 0.629786
vt 0.275811 0.629770
vt 0.289432 0.629887
vt 0.303097 0.630224
vt 0.316827 0.630881
vt 0.330656 0.632020
vt 0.344624 0.633818
vt 0.262129 0.605051
vt 0.275681 0.605052
vt 0.289303 0.605171
vt 0.303029 0.605473
vt 0.316896 0.606027
vt 0.330943 0.606921
vt 0.345215 0.608247
vt 0.262076 0.580478
vt 0.275617 0.580459
vt 0.289248 0.580508
vt 0.303013 0.580658
vt 0.316958 0.580947
vt 0.331127 0.581410
vt 0.345568 0.582086
vt 0.150600 0.353432
vt 0.161270 0.345649
vt 0.173601 0.339347
vt 0.187182 0.334275
vt 0.201674 0.330373
vt 0.216829 0.327602
vt 0.232428 0.325934
vt 0.144658 0.336377
vt 0.156325 0.325180
vt 0.169492 0.316283
vt 0.183861 0.309298
vt 0.199151 0.303971
vt 0.215125 0.300208
vt 0.231555 0.297959
vt 0.137600 0.318401
vt 0.150415 0.304377
vt 0.164624 0.293041
vt 0.179979 0.284078
vt 0.196239 0.277225
vt 0.213175 0.272383
vt 0.230562 0.269492
vt 0.129838 0.299607
vt 0.143855 0.283122
vt 0.159210 0.269508
vt 0.175674 0.258576
vt 0.193020 0.250161
vt 0.211026 0.244191
vt 0.229472 0.240615
vt 0.121654 0.280201
vt 0.136892 0.261399
vt 0.153439 0.245615
vt 0.171074 0.232774
vt 0.189576 0.222811
vt 0.208725 0.215697
vt 0.228305 0.211410
vt 0.113181 0.260345
vt 0.129652 0.239303
vt 0.147418 0.221426
vt 0.166262 0.206732
vt 0.185967 0.195239
vt 0.206312 0.186975
vt 0.227081 0.181963
vt 0.104515 0.240186
vt 0.122225 0.216955
vt 0.141229 0.197037
vt 0.161310 0.180527
vt 0.182250 0.167518
vt 0.203827 0.158102
vt 0.225823 0.152358
vt 0.264072 0.325800
vt 0.279675 0.327334
vt 0.294838 0.329975
vt 0.309339 0.333755
vt 0.322933 0.338710
vt 0.335280 0.344908
vt 0.345970 0.352599
vt 0.264873 0.297817
vt 0.281308 0.299926
vt 0.297291 0.303552
vt 0.312596 0.308750
vt 0.326982 0.315612
vt 0.340172 0.324396
vt 0.351868 0.335494
vt 0.265792 0.269341
vt 0.283186 0.272085
vt 0.300135 0.276783
vt 0.316413 0.283496
vt 0.331791 0.292328
vt 0.346028 0.303543
vt 0.358879 0.317459
vt 0.266807 0.240455
vt 0.285262 0.243875
vt 0.303283 0.249692
vt 0.320651 0.257958
vt 0.337144 0.268749
vt 0.352533 0.282233
vt 0.366592 0.298598
vt 0.267899 0.211242
vt 0.287490 0.215361
vt 0.306657 0.222312
vt 0.325184 0.232118
vt 0.342852 0.244808
vt 0.359440 0.260451
vt 0.374726 0.279123
vt 0.269046 0.181784
vt 0.289828 0.186619
vt 0.310195 0.194710
vt 0.329928 0.206035
vt 0.348811 0.220568
vt 0.366623 0.238293
vt 0.383148 0.259194
vt 0.270228 0.152169
vt 0.292238 0.157725
vt 0.313840 0.166958
vt 0.334813 0.179788
vt 0.354936 0.196127
vt 0.373992 0.215882
vt 0.391761 0.238962
vt 0.360201 0.378302
vt 0.364489 0.397665
vt 0.367963 0.420041
vt 0.370757 0.444687
vt 0.372908 0.470983
vt 0.374435 0.498486
vt 0.375354 0.526793
vt 0.369599 0.367519
vt 0.375769 0.388691
vt 0.380672 0.412585
vt 0.384521 0.438659
vt 0.387457 0.466406
vt 0.389531 0.495393
vt 0.390770 0.525208
vt 0.379505 0.354711
vt 0.387233 0.377967
vt 0.393480 0.403750
vt 0.398419 0.431614
vt 0.402196 0.461121
vt 0.404864 0.491855
vt 0.406457 0.523407
vt 0.389862 0.340626
vt 0.398946 0.366062
vt 0.406448 0.393925
vt 0.412473 0.423802
vt 0.417110 0.455280
vt 0.420400 0.487955
vt 0.422370 0.521428
vt 0.400556 0.325775
vt 0.410917 0.353427
vt 0.419615 0.383454
vt 0.426691 0.415456
vt 0.432181 0.449030
vt 0.436102 0.483779
vt 0.438464 0.519310
vt 0.411498 0.310399
vt 0.423093 0.340287
vt 0.432944 0.372527
vt 0.441042 0.406724
vt 0.447375 0.442480
vt 0.451930 0.479400
vt 0.454691 0.517090
vt 0.422607 0.294674
vt 0.435408 0.326811
vt 0.446384 0.361297
vt 0.455482 0.397737
vt 0.462651 0.435735
vt 0.467840 0.474892
vt 0.471005 0.514806
vt 0.375428 0.584216
vt 0.374582 0.612530
vt 0.373127 0.640045
vt 0.371044 0.666360
vt 0.368313 0.691029
vt 0.364898 0.713434
vt 0.360660 0.732834
vt 0.390848 0.585669
vt 0.389686 0.615494
vt 0.387688 0.644498
vt 0.384823 0.672270
vt 0.381042 0.698377
vt 0.376201 0.722312
vt 0.370086 0.743536
vt 0.406540 0.587337
vt 0.405028 0.618902
vt 0.402439 0.649658
vt 0.398740 0.679197
vt 0.393873 0.707103
vt 0.387692 0.732938
vt 0.380024 0.756260
vt 0.422458 0.589179
vt 0.420574 0.622669
vt 0.417368 0.655372
vt 0.412813 0.686888
vt 0.406866 0.716817
vt 0.399436 0.744743
vt 0.390418 0.770256
vt 0.438557 0.591161
vt 0.436287 0.626711
vt 0.432456 0.661494
vt 0.427053 0.695114
vt 0.420060 0.727175
vt 0.411439 0.757276
vt 0.401150 0.785016
vt 0.454790 0.593242
vt 0.452126 0.630955
vt 0.447667 0.667913
vt 0.441426 0.703723
vt 0.433417 0.737988
vt 0.423650 0.770312
vt 0.412132 0.800298
vt 0.471110 0.595387
vt 0.468048 0.635328
vt 0.462960 0.674528
vt 0.455890 0.712587
vt 0.446886 0.749104
vt 0.435999 0.783683
vt 0.423281 0.815929
vt 0.346495 0.758658
vt 0.335825 0.766440
vt 0.323495 0.772743
vt 0.309913 0.777814
vt 0.295422 0.781717
vt 0.280266 0.784487
vt 0.264667 0.786155
vt 0.352437 0.775712
vt 0.340771 0.786909
vt 0.327604 0.795806
vt 0.313235 0.802791
vt 0.297944 0.808119
vt 0.281970 0.811881
vt 0.265541 0.814130
vt 0.359495 0.793687
vt 0.346680 0.807712
vt 0.332472 0.819049
vt 0.317117 0.828012
vt 0.300857 0.834864
vt 0.283921 0.839706
vt 0.266533 0.842597
vt 0.367257 0.812482
vt 0.353241 0.828967
vt 0.337886 0.842582
vt 0.321422 0.853514
vt 0.304076 0.861928
vt 0.286069 0.867898
vt 0.267624 0.871475
vt 0.375441 0.831888
vt 0.360203 0.850690
vt 0.343656 0.866474
vt 0.326022 0.879315
vt 0.307520 0.889278
vt 0.288371 0.896393
vt 0.268791 0.900679
vt 0.383914 0.851745
vt 0.367444 0.872787
vt 0.349678 0.890663
vt 0.330833 0.905357
vt 0.311129 0.916850
vt 0.290784 0.925115
vt 0.270014 0.930126
vt 0.392580 0.871904
vt 0.374870 0.895134
vt 0.355866 0.915051
vt 0.335785 0.931562
vt 0.314846 0.944571
vt 0.293268 0.953987
vt 0.271273 0.959731
vt 0.233024 0.786290
vt 0.217421 0.784755
vt 0.202258 0.782113
vt 0.187757 0.778335
vt 0.174163 0.773379
vt 0.161816 0.767181
vt 0.151126 0.759490
vt 0.232223 0.814272
vt 0.215787 0.812163
vt 0.199804 0.808537
vt 0.184500 0.803339
vt 0.170113 0.796477
vt 0.156923 0.787692
vt 0.145228 0.776595
vt 0.231304 0.842748
vt 0.213909 0.840004
vt 0.196961 0.835307
vt 0.180683 0.828593
vt 0.165305 0.819761
vt 0.151068 0.808546
vt 0.138216 0.794631
vt 0.230288 0.871633
vt 0.211834 0.868214
vt 0.193812 0.862398
vt 0.176444 0.854131
vt 0.159952 0.843340
vt 0.144562 0.829856
vt 0.130503 0.813491
vt 0.229197 0.900848
vt 0.209606 0.896728
vt 0.190438 0.889777
vt 0.171911 0.879972
vt 0.154244 0.867281
vt 0.137656 0.851639
vt 0.122369 0.832966
vt 0.228049 0.930305
vt 0.207267 0.925470
vt 0.186901 0.917379
vt 0.167167 0.906054
vt 0.148285 0.891521
vt 0.130472 0.873796
vt 0.113948 0.852895
vt 0.226868 0.959920
vt 0.204857 0.954364
vt 0.183256 0.945131
vt 0.162283 0.932301
vt 0.142159 0.915962
vt 0.123104 0.896207
vt 0.105334 0.873127
vt 0.136895 0.733787
vt 0.132606 0.714424
vt 0.129133 0.692048
vt 0.126338 0.667402
vt 0.124188 0.641106
vt 0.122661 0.613603
vt 0.121742 0.585296
vt 0.127497 0.744570
vt 0.121326 0.723398
vt 0.116423 0.699504
vt 0.112574 0.673430
vt 0.109638 0.645683
vt 0.107565 0.616696
vt 0.106326 0.586882
vt 0.117591 0.757378
vt 0.109862 0.734122
vt 0.103615 0.708339
vt 0.098676 0.680475
vt 0.094900 0.650968
vt 0.092232 0.620235
vt 0.090638 0.588683
vt 0.107234 0.771463
vt 0.098150 0.746027
vt 0.090647 0.718164
vt 0.084623 0.688287
vt 0.079986 0.656809
vt 0.076696 0.624134
vt 0.074725 0.590661
vt 0.096540 0.786314
vt 0.086179 0.758662
vt 0.077481 0.728635
vt 0.070405 0.696633
vt 0.064914 0.663060
vt 0.060994 0.628310
vt 0.058632 0.592779
vt 0.085598 0.801690
vt 0.074002 0.771802
vt 0.064151 0.739562
vt 0.056054 0.705365
vt 0.049720 0.669609
vt 0.045166 0.632689
vt 0.042404 0.594999
vt 0.074489 0.817415
vt 0.061687 0.785278
vt 0.050711 0.750792
vt 0.041613 0.714352
vt 0.034444 0.676354
vt 0.029255 0.637198
vt 0.026090 0.597283
vt 0.121668 0.527873
vt 0.122513 0.499559
vt 0.123969 0.472044
vt 0.126052 0.445729
vt 0.128782 0.421060
vt 0.132198 0.398655
vt 0.136436 0.379256
vt 0.106247 0.526420
vt 0.107410 0.496595
vt 0.109408 0.467591
vt 0.112272 0.439819
vt 0.116054 0.413712
vt 0.120895 0.389777
vt 0.127010 0.368553
vt 0.090556 0.524753
vt 0.092067 0.493187
vt 0.094656 0.462431
vt 0.098356 0.432893
vt 0.103223 0.404987
vt 0.109403 0.379151
vt 0.117071 0.355830
vt 0.074638 0.522910
vt 0.076522 0.489421
vt 0.079727 0.456718
vt 0.084283 0.425201
vt 0.090229 0.395273
vt 0.097660 0.367346
vt 0.106678 0.341833
vt 0.058539 0.520929
vt 0.060809 0.485378
vt 0.064640 0.450596
vt 0.070043 0.416975
vt 0.077036 0.384914
vt 0.085656 0.354813
vt 0.095946 0.327073
vt 0.042306 0.518847
vt 0.044970 0.481134
vt 0.049429 0.444176
vt 0.055670 0.408366
vt 0.063678 0.374101
vt 0.073446 0.341777
vt 0.084964 0.311791
vt 0.025986 0.516702
vt 0.029048 0.476761
vt 0.034135 0.437561
vt 0.041206 0.399503
vt 0.050210 0.362985
vt 0.061096 0.328406
vt 0.073814 0.296160
vt 0.741637 0.120647
vt 0.882015 0.051805
vt 0.741523 0.113899
vt 0.128163 0.087738
vt 0.316626 0.087738
vt 0.914836 0.232794
vt 0.912257 0.237769
vt 0.505089 0.087738
vt 0.990806 0.539459
vt 0.987087 0.539666
vt 0.693552 0.087738
vt 0.925287 0.853964
vt 0.922545 0.849284
vt 0.128163 0.051805
vt 0.882015 0.087737
vt 0.756294 0.991824
vt 0.756181 0.985076
vt 0.316626 0.051805
vt 0.582982 0.872929
vt 0.585561 0.867954
vt 0.505089 0.051805
vt 0.507012 0.566263
vt 0.510730 0.566057
vt 0.693552 0.051805
vt 0.572531 0.251759
vt 0.575272 0.256439
vt 0.894474 0.210322
vt 0.293103 0.087738
vt 0.896715 0.204884
vt 0.875246 0.186286
vt 0.269557 0.087738
vt 0.877147 0.180441
vt 0.854780 0.165743
vt 0.245984 0.087738
vt 0.856339 0.159569
vt 0.833293 0.148845
vt 0.222394 0.087738
vt 0.834510 0.142417
vt 0.811006 0.135749
vt 0.198805 0.087738
vt 0.811884 0.129138
vt 0.788144 0.126607
vt 0.175232 0.087738
vt 0.788687 0.119879
vt 0.764938 0.121552
vt 0.765151 0.114769
vt 0.151686 0.087738
vt 0.985168 0.497516
vt 0.481566 0.087738
vt 0.988886 0.496717
vt 0.980972 0.455791
vt 0.458020 0.087738
vt 0.984640 0.454398
vt 0.974549 0.414940
vt 0.434447 0.087738
vt 0.978132 0.412947
vt 0.965986 0.375370
vt 0.410858 0.087738
vt 0.969447 0.372774
vt 0.955380 0.337482
vt 0.387268 0.087738
vt 0.958681 0.334282
vt 0.942833 0.301666
vt 0.363695 0.087738
vt 0.945931 0.297866
vt 0.928439 0.268304
vt 0.340149 0.087738
vt 0.931293 0.263914
vt 0.937671 0.817014
vt 0.670029 0.087738
vt 0.940667 0.821080
vt 0.950916 0.782121
vt 0.646483 0.087738
vt 0.954137 0.785571
vt 0.962236 0.744983
vt 0.622910 0.087738
vt 0.965639 0.747811
vt 0.971548 0.705991
vt 0.599320 0.087738
vt 0.975091 0.708199
vt 0.978765 0.665547
vt 0.575730 0.087738
vt 0.982408 0.667140
vt 0.983803 0.624060
vt 0.552158 0.087738
vt 0.987511 0.625045
vt 0.986589 0.581948
vt 0.528612 0.087738
vt 0.990326 0.582335
vt 0.779408 0.981594
vt 0.858492 0.087737
vt 0.779848 0.988340
vt 0.802401 0.973979
vt 0.834946 0.087737
vt 0.803169 0.980635
vt 0.824913 0.962324
vt 0.811373 0.087737
vt 0.826011 0.968825
vt 0.846718 0.946784
vt 0.787783 0.087737
vt 0.848149 0.953065
vt 0.867597 0.927538
vt 0.764193 0.087738
vt 0.869361 0.933529
vt 0.887334 0.904768
vt 0.740621 0.087738
vt 0.889428 0.910392
vt 0.905719 0.878649
vt 0.717075 0.087738
vt 0.908138 0.883828
vt 0.603343 0.895402
vt 0.293103 0.051805
vt 0.601103 0.900839
vt 0.622572 0.919436
vt 0.269557 0.051805
vt 0.620670 0.925282
vt 0.643038 0.939980
vt 0.245984 0.051805
vt 0.641479 0.946154
vt 0.664524 0.956878
vt 0.222394 0.051805
vt 0.663308 0.963306
vt 0.686812 0.969975
vt 0.198805 0.051805
vt 0.685934 0.976585
vt 0.709673 0.979117
vt 0.175232 0.051805
vt 0.709131 0.985845
vt 0.732880 0.984172
vt 0.151686 0.051805
vt 0.732667 0.990953
vt 0.512649 0.608207
vt 0.481566 0.051805
vt 0.508932 0.609005
vt 0.516846 0.649931
vt 0.458020 0.051805
vt 0.513178 0.651325
vt 0.523268 0.690783
vt 0.434447 0.051805
vt 0.519686 0.692776
vt 0.531832 0.730353
vt 0.410858 0.051805
vt 0.528370 0.732949
vt 0.542437 0.768240
vt 0.387268 0.051805
vt 0.539136 0.771441
vt 0.554985 0.804057
vt 0.363695 0.051805
vt 0.551886 0.807857
vt 0.569379 0.837419
vt 0.340149 0.051805
vt 0.566525 0.841809
vt 0.560147 0.288709
vt 0.670029 0.051805
vt 0.557151 0.284643
vt 0.546902 0.323602
vt 0.646483 0.051805
vt 0.543681 0.320152
vt 0.535581 0.360740
vt 0.622910 0.051805
vt 0.532179 0.357912
vt 0.526269 0.399732
vt 0.599320 0.051805
vt 0.522727 0.397524
vt 0.519052 0.440176
vt 0.575730 0.051805
vt 0.515409 0.438583
vt 0.514014 0.481663
vt 0.552157 0.051805
vt 0.510307 0.480678
vt 0.511229 0.523774
vt 0.528612 0.051805
vt 0.507491 0.523389
vt 0.718410 0.124129
vt 0.858492 0.051805
vt 0.717970 0.117383
vt 0.695417 0.131744
vt 0.834946 0.051805
vt 0.694649 0.125088
vt 0.672905 0.143399
vt 0.811373 0.051805
vt 0.671807 0.136899
vt 0.651100 0.158939
vt 0.787783 0.051805
vt 0.649669 0.152658
vt 0.630221 0.178184
vt 0.764193 0.051805
vt 0.628457 0.172194
vt 0.610484 0.200955
vt 0.740621 0.051805
vt 0.608389 0.195331
vt 0.592099 0.227074
vt 0.717075 0.051805
vt 0.589680 0.221895
vt 0.882015 0.016463
vt 0.247980 0.116879
vt 0.128163 0.052396
vt 0.247988 0.123630
vt 0.079582 0.250864
vt 0.316626 0.052396
vt 0.076914 0.246046
vt 0.010259 0.557060
vt 0.505089 0.052396
vt 0.006539 0.557076
vt 0.080373 0.862662
vt 0.693552 0.052396
vt 0.077718 0.867503
vt 0.249107 0.988460
vt 0.128163 0.016463
vt 0.882015 0.052396
vt 0.249116 0.995210
vt 0.417514 0.861225
vt 0.316626 0.016463
vt 0.420182 0.866044
vt 0.486837 0.555029
vt 0.505089 0.016463
vt 0.490557 0.555014
vt 0.416722 0.249427
vt 0.693552 0.016463
vt 0.419378 0.244586
vt 0.293103 0.052396
vt 0.094520 0.217070
vt 0.096858 0.222371
vt 0.269557 0.052396
vt 0.113634 0.191473
vt 0.115640 0.197201
vt 0.245984 0.052396
vt 0.134053 0.169371
vt 0.135723 0.175449
vt 0.222394 0.052396
vt 0.155560 0.150927
vt 0.156892 0.157278
vt 0.198805 0.052396
vt 0.177933 0.136306
vt 0.178930 0.142860
vt 0.175232 0.052396
vt 0.200950 0.125668
vt 0.201614 0.132360
vt 0.224381 0.119158
vt 0.151686 0.052396
vt 0.224716 0.125923
vt 0.481566 0.052396
vt 0.007684 0.514242
vt 0.011413 0.514819
vt 0.458020 0.052396
vt 0.011161 0.471692
vt 0.014852 0.472867
vt 0.434447 0.052396
vt 0.016915 0.429875
vt 0.020531 0.431654
vt 0.410858 0.052396
vt 0.024867 0.389207
vt 0.028373 0.391595
vt 0.387268 0.052396
vt 0.034930 0.350093
vt 0.038287 0.353095
vt 0.363695 0.052396
vt 0.047013 0.312936
vt 0.050180 0.316550
vt 0.340149 0.052396
vt 0.061029 0.278130
vt 0.063961 0.282347
vt 0.670029 0.052396
vt 0.061751 0.835554
vt 0.064672 0.831312
vt 0.646483 0.052396
vt 0.047645 0.800868
vt 0.050802 0.797227
vt 0.622910 0.052396
vt 0.035465 0.763814
vt 0.038815 0.760784
vt 0.599320 0.052396
vt 0.025301 0.724787
vt 0.028802 0.722369
vt 0.575730 0.052396
vt 0.017244 0.684186
vt 0.020856 0.682377
vt 0.552158 0.052396
vt 0.011382 0.642419
vt 0.015070 0.641213
vt 0.528612 0.052396
vt 0.007795 0.599899
vt 0.011523 0.599290
vt 0.858492 0.052396
vt 0.225512 0.993132
vt 0.225830 0.986364
vt 0.834946 0.052396
vt 0.202064 0.986822
vt 0.202711 0.980125
vt 0.811373 0.052396
vt 0.179020 0.976381
vt 0.180000 0.969818
vt 0.787783 0.052396
vt 0.156609 0.961951
vt 0.157925 0.955587
vt 0.764193 0.052396
vt 0.135055 0.943690
vt 0.136709 0.937597
vt 0.740621 0.052396
vt 0.114579 0.921762
vt 0.116570 0.916017
vt 0.717075 0.052396
vt 0.095398 0.896328
vt 0.097723 0.891008
vt 0.293103 0.016463
vt 0.402576 0.895019
vt 0.400238 0.889718
vt 0.269557 0.016463
vt 0.383461 0.920617
vt 0.381455 0.914888
vt 0.245984 0.016463
vt 0.363042 0.942718
vt 0.361372 0.936640
vt 0.222394 0.016463
vt 0.341536 0.961162
vt 0.340203 0.954811
vt 0.198805 0.016463
vt 0.319162 0.975784
vt 0.318165 0.969229
vt 0.175232 0.016463
vt 0.296146 0.986422
vt 0.295481 0.979730
vt 0.151686 0.016463
vt 0.272714 0.992931
vt 0.272379 0.986166
vt 0.481566 0.016463
vt 0.489412 0.597847
vt 0.485682 0.597270
vt 0.458020 0.016463
vt 0.485935 0.640397
vt 0.482244 0.639223
vt 0.434447 0.016463
vt 0.480181 0.682214
vt 0.476564 0.680436
vt 0.410858 0.016463
vt 0.472228 0.722883
vt 0.468722 0.720494
vt 0.387268 0.016463
vt 0.462166 0.761996
vt 0.458808 0.758995
vt 0.363695 0.016463
vt 0.450082 0.799153
vt 0.446916 0.795540
vt 0.340149 0.016463
vt 0.436066 0.833959
vt 0.433134 0.829742
vt 0.670029 0.016463
vt 0.435345 0.276535
vt 0.432424 0.280777
vt 0.646483 0.016463
vt 0.449451 0.311221
vt 0.446294 0.314862
vt 0.622910 0.016463
vt 0.461630 0.348275
vt 0.458281 0.351305
vt 0.599320 0.016463
vt 0.471794 0.387302
vt 0.468294 0.389720
vt 0.575730 0.016463
vt 0.479852 0.427903
vt 0.476240 0.429712
vt 0.552157 0.016463
vt 0.485714 0.469670
vt 0.482026 0.470876
vt 0.528612 0.016463
vt 0.489301 0.512190
vt 0.485573 0.512799
vt 0.858492 0.016463
vt 0.271584 0.118957
vt 0.271266 0.125725
vt 0.834946 0.016463
vt 0.295032 0.125267
vt 0.294384 0.131964
vt 0.811373 0.016463
vt 0.318075 0.135708
vt 0.317095 0.142271
vt 0.787783 0.016463
vt 0.340486 0.150139
vt 0.339171 0.156502
vt 0.764193 0.016463
vt 0.362041 0.168400
vt 0.360387 0.174492
vt 0.740621 0.016463
vt 0.382517 0.190327
vt 0.380525 0.196073
vt 0.717075 0.016463
vt 0.401697 0.215761
vt 0.399373 0.221082
s 1
usemtl 5_Frank
f 150/150/1 151/151/1 158/158/1 157/157/1
f 151/151/1 152/152/1 159/159/1 158/158/1
f 152/152/1 153/153/1 160/160/1 159/159/1
f 153/153/1 154/154/1 161/161/1 160/160/1
f 154/154/1 155/155/1 162/162/1 161/161/1
f 155/155/1 156/156/1 163/163/1 162/162/1
f 157/157/1 158/158/1 165/165/1 164/164/1
f 158/158/1 159/159/1 166/166/1 165/165/1
f 159/159/1 160/160/1 167/167/1 166/166/1
f 160/160/1 161/161/1 168/168/1 167/167/1
f 161/161/1 162/162/1 169/169/1 168/168/1
f 162/162/1 163/163/1 170/170/1 169/169/1
f 164/164/1 165/165/1 172/172/1 171/171/1
f 165/165/1 166/166/1 173/173/1 172/172/1
f 166/166/1 167/167/1 174/174/1 173/173/1
f 167/167/1 168/168/1 175/175/1 174/174/1
f 168/168/1 169/169/1 176/176/1 175/175/1
f 169/169/1 170/170/1 177/177/1 176/176/1
f 171/171/1 172/172/1 179/179/1 178/178/1
f 172/172/1 173/173/1 180/180/1 179/179/1
f 173/173/1 174/174/1 181/181/1 180/180/1
f 174/174/1 175/175/1 182/182/1 181/181/1
f 175/175/1 176/176/1 183/183/1 182/182/1
f 176/176/1 177/177/1 184/184/1 183/183/1
f 178/178/1 179/179/1 186/186/1 185/185/1
f 179/179/1 180/180/1 187/187/1 186/186/1
f 180/180/1 181/181/1 188/188/1 187/187/1
f 181/181/1 182/182/1 189/189/1 188/188/1
f 182/182/1 183/183/1 190/190/1 189/189/1
f 183/183/1 184/184/1 191/191/1 190/190/1
f 185/185/1 186/186/1 193/193/1 192/192/1
f 186/186/1 187/187/1 194/194/1 193/193/1
f 187/187/1 188/188/1 195/195/1 194/194/1
f 188/188/1 189/189/1 196/196/1 195/195/1
f 189/189/1 190/190/1 197/197/1 196/196/1
f 190/190/1 191/191/1 198/198/1 197/197/1
f 9/9/1 93/93/1 150/150/1 52/52/1
f 93/93/1 92/92/1 151/151/1 150/150/1
f 92/92/1 91/91/1 152/152/1 151/151/1
f 91/91/1 90/90/1 153/153/1 152/152/1
f 90/90/1 89/89/1 154/154/1 153/153/1
f 89/89/1 88/88/1 155/155/1 154/154/1
f 88/88/1 87/87/1 156/156/1 155/155/1
f 87/87/1 8/8/1 24/24/1 156/156/1
f 156/156/1 24/24/1 25/25/1 163/163/1
f 163/163/1 25/25/1 26/26/1 170/170/1
f 170/170/1 26/26/1 27/27/1 177/177/1
f 177/177/1 27/27/1 28/28/1 184/184/1
f 184/184/1 28/28/1 29/29/1 191/191/1
f 191/191/1 29/29/1 30/30/1 198/198/1
f 198/198/1 30/30/1 4/4/1 45/45/1
f 197/197/1 198/198/1 45/45/1 46/46/1
f 196/196/1 197/197/1 46/46/1 47/47/1
f 195/195/1 196/196/1 47/47/1 48/48/1
f 194/194/1 195/195/1 48/48/1 49/49/1
f 193/193/1 194/194/1 49/49/1 50/50/1
f 192/192/1 193/193/1 50/50/1 51/51/1
f 58/58/1 192/192/1 51/51/1 6/6/1
f 57/57/1 185/185/1 192/192/1 58/58/1
f 56/56/1 178/178/1 185/185/1 57/57/1
f 55/55/1 171/171/1 178/178/1 56/56/1
f 54/54/1 164/164/1 171/171/1 55/55/1
f 53/53/1 157/157/1 164/164/1 54/54/1
f 52/52/1 150/150/1 157/157/1 53/53/1
f 199/199/1 200/200/1 207/207/1 206/206/1
f 200/200/1 201/201/1 208/208/1 207/207/1
f 201/201/1 202/202/1 209/209/1 208/208/1
f 202/202/1 203/203/1 210/210/1 209/209/1
f 203/203/1 204/204/1 211/211/1 210/210/1
f 204/204/1 205/205/1 212/212/1 211/211/1
f 206/206/1 207/207/1 214/214/1 213/213/1
f 207/207/1 208/208/1 215/215/1 214/214/1
f 208/208/1 209/209/1 216/216/1 215/215/1
f 209/209/1 210/210/1 217/217/1 216/216/1
f 210/210/1 211/211/1 218/218/1 217/217/1
f 211/211/1 212/212/1 219/219/1 218/218/1
f 213/213/1 214/214/1 221/221/1 220/220/1
f 214/214/1 215/215/1 222/222/1 221/221/1
f 215/215/1 216/216/1 223/223/1 222/222/1
f 216/216/1 217/217/1 224/224/1 223/223/1
f 217/217/1 218/218/1 225/225/1 224/224/1
f 218/218/1 219/219/1 226/226/1 225/225/1
f 220/220/1 221/221/1 228/228/1 227/227/1
f 221/221/1 222/222/1 229/229/1 228/228/1
f 222/222/1 223/223/1 230/230/1 229/229/1
f 223/223/1 224/224/1 231/231/1 230/230/1
f 224/224/1 225/225/1 232/232/1 231/231/1
f 225/225/1 226/226/1 233/233/1 232/232/1
f 227/227/1 228/228/1 235/235/1 234/234/1
f 228/228/1 229/229/1 236/236/1 235/235/1
f 229/229/1 230/230/1 237/237/1 236/236/1
f 230/230/1 231/231/1 238/238/1 237/237/1
f 231/231/1 232/232/1 239/239/1 238/238/1
f 232/232/1 233/233/1 240/240/1 239/239/1
f 234/234/1 235/235/1 242/242/1 241/241/1
f 235/235/1 236/236/1 243/243/1 242/242/1
f 236/236/1 237/237/1 244/244/1 243/243/1
f 237/237/1 238/238/1 245/245/1 244/244/1
f 238/238/1 239/239/1 246/246/1 245/245/1
f 239/239/1 240/240/1 247/247/1 246/246/1
f 7/7/1 86/86/1 199/199/1 65/65/1
f 86/86/1 85/85/1 200/200/1 199/199/1
f 85/85/1 84/84/1 201/201/1 200/200/1
f 84/84/1 83/83/1 202/202/1 201/201/1
f 83/83/1 82/82/1 203/203/1 202/202/1
f 82/82/1 81/81/1 204/204/1 203/203/1
f 81/81/1 80/80/1 205/205/1 204/204/1
f 80/80/1 9/9/1 52/52/1 205/205/1
f 205/205/1 52/52/1 53/53/1 212/212/1
f 212/212/1 53/53/1 54/54/1 219/219/1
f 219/219/1 54/54/1 55/55/1 226/226/1
f 226/226/1 55/55/1 56/56/1 233/233/1
f 233/233/1 56/56/1 57/57/1 240/240/1
f 240/240/1 57/57/1 58/58/1 247/247/1
f 247/247/1 58/58/1 6/6/1 31/31/1
f 246/246/1 247/247/1 31/31/1 32/32/1
f 245/245/1 246/246/1 32/32/1 33/33/1
f 244/244/1 245/245/1 33/33/1 34/34/1
f 243/243/1 244/244/1 34/34/1 35/35/1
f 242/242/1 243/243/1 35/35/1 36/36/1
f 241/241/1 242/242/1 36/36/1 37/37/1
f 59/59/1 241/241/1 37/37/1 3/3/1
f 60/60/1 234/234/1 241/241/1 59/59/1
f 61/61/1 227/227/1 234/234/1 60/60/1
f 62/62/1 220/220/1 227/227/1 61/61/1
f 63/63/1 213/213/1 220/220/1 62/62/1
f 64/64/1 206/206/1 213/213/1 63/63/1
f 65/65/1 199/199/1 206/206/1 64/64/1
f 248/248/1 249/249/1 256/256/1 255/255/1
f 249/249/1 250/250/1 257/257/1 256/256/1
f 250/250/1 251/251/1 258/258/1 257/257/1
f 251/251/1 252/252/1 259/259/1 258/258/1
f 252/252/1 253/253/1 260/260/1 259/259/1
f 253/253/1 254/254/1 261/261/1 260/260/1
f 255/255/1 256/256/1 263/263/1 262/262/1
f 256/256/1 257/257/1 264/264/1 263/263/1
f 257/257/1 258/258/1 265/265/1 264/264/1
f 258/258/1 259/259/1 266/266/1 265/265/1
f 259/259/1 260/260/1 267/267/1 266/266/1
f 260/260/1 261/261/1 268/268/1 267/267/1
f 262/262/1 263/263/1 270/270/1 269/269/1
f 263/263/1 264/264/1 271/271/1 270/270/1
f 264/264/1 265/265/1 272/272/1 271/271/1
f 265/265/1 266/266/1 273/273/1 272/272/1
f 266/266/1 267/267/1 274/274/1 273/273/1
f 267/267/1 268/268/1 275/275/1 274/274/1
f 269/269/1 270/270/1 277/277/1 276/276/1
f 270/270/1 271/271/1 278/278/1 277/277/1
f 271/271/1 272/272/1 279/279/1 278/278/1
f 272/272/1 273/273/1 280/280/1 279/279/1
f 273/273/1 274/274/1 281/281/1 280/280/1
f 274/274/1 275/275/1 282/282/1 281/281/1
f 276/276/1 277/277/1 284/284/1 283/283/1
f 277/277/1 278/278/1 285/285/1 284/284/1
f 278/278/1 279/279/1 286/286/1 285/285/1
f 279/279/1 280/280/1 287/287/1 286/286/1
f 280/280/1 281/281/1 288/288/1 287/287/1
f 281/281/1 282/282/1 289/289/1 288/288/1
f 283/283/1 284/284/1 291/291/1 290/290/1
f 284/284/1 285/285/1 292/292/1 291/291/1
f 285/285/1 286/286/1 293/293/1 292/292/1
f 286/286/1 287/287/1 294/294/1 293/293/1
f 287/287/1 288/288/1 295/295/1 294/294/1
f 288/288/1 289/289/1 296/296/1 295/295/1
f 1/1/1 38/38/1 248/248/1 16/16/1
f 38/38/1 39/39/1 249/249/1 248/248/1
f 39/39/1 40/40/1 250/250/1 249/249/1
f 40/40/1 41/41/1 251/251/1 250/250/1
f 41/41/1 42/42/1 252/252/1 251/251/1
f 42/42/1 43/43/1 253/253/1 252/252/1
f 43/43/1 44/44/1 254/254/1 253/253/1
f 44/44/1 5/5/1 73/73/1 254/254/1
f 254/254/1 73/73/1 74/74/1 261/261/1
f 261/261/1 74/74/1 75/75/1 268/268/1
f 268/268/1 75/75/1 76/76/1 275/275/1
f 275/275/1 76/76/1 77/77/1 282/282/1
f 282/282/1 77/77/1 78/78/1 289/289/1
f 289/289/1 78/78/1 79/79/1 296/296/1
f 296/296/1 79/79/1 9/9/1 80/80/1
f 295/295/1 296/296/1 80/80/1 81/81/1
f 294/294/1 295/295/1 81/81/1 82/82/1
f 293/293/1 294/294/1 82/82/1 83/83/1
f 292/292/1 293/293/1 83/83/1 84/84/1
f 291/291/1 292/292/1 84/84/1 85/85/1
f 290/290/1 291/291/1 85/85/1 86/86/1
f 10/10/1 290/290/1 86/86/1 7/7/1
f 11/11/1 283/283/1 290/290/1 10/10/1
f 12/12/1 276/276/1 283/283/1 11/11/1
f 13/13/1 269/269/1 276/276/1 12/12/1
f 14/14/1 262/262/1 269/269/1 13/13/1
f 15/15/1 255/255/1 262/262/1 14/14/1
f 16/16/1 248/248/1 255/255/1 15/15/1
f 297/297/1 298/298/1 305/305/1 304/304/1
f 298/298/1 299/299/1 306/306/1 305/305/1
f 299/299/1 300/300/1 307/307/1 306/306/1
f 300/300/1 301/301/1 308/308/1 307/307/1
f 301/301/1 302/302/1 309/309/1 308/308/1
f 302/302/1 303/303/1 310/310/1 309/309/1
f 304/304/1 305/305/1 312/312/1 311/311/1
f 305/305/1 306/306/1 313/313/1 312/312/1
f 306/306/1 307/307/1 314/314/1 313/313/1
f 307/307/1 308/308/1 315/315/1 314/314/1
f 308/308/1 309/309/1 316/316/1 315/315/1
f 309/309/1 310/310/1 317/317/1 316/316/1
f 311/311/1 312/312/1 319/319/1 318/318/1
f 312/312/1 313/313/1 320/320/1 319/319/1
f 313/313/1 314/314/1 321/321/1 320/320/1
f 314/314/1 315/315/1 322/322/1 321/321/1
f 315/315/1 316/316/1 323/323/1 322/322/1
f 316/316/1 317/317/1 324/324/1 323/323/1
f 318/318/1 319/319/1 326/326/1 325/325/1
f 319/319/1 320/320/1 327/327/1 326/326/1
f 320/320/1 321/321/1 328/328/1 327/327/1
f 321/321/1 322/322/1 329/329/1 328/328/1
f 322/322/1 323/323/1 330/330/1 329/329/1
f 323/323/1 324/324/1 331/331/1 330/330/1
f 325/325/1 326/326/1 333/333/1 332/332/1
f 326/326/1 327/327/1 334/334/1 333/333/1
f 327/327/1 328/328/1 335/335/1 334/334/1
f 328/328/1 329/329/1 336/336/1 335/335/1
f 329/329/1 330/330/1 337/337/1 336/336/1
f 330/330/1 331/331/1 338/338/1 337/337/1
f 332/332/1 333/333/1 340/340/1 339/339/1
f 333/333/1 334/334/1 341/341/1 340/340/1
f 334/334/1 335/335/1 342/342/1 341/341/1
f 335/335/1 336/336/1 343/343/1 342/342/1
f 336/336/1 337/337/1 344/344/1 343/343/1
f 337/337/1 338/338/1 345/345/1 344/344/1
f 5/5/1 17/17/1 297/297/1 73/73/1
f 17/17/1 18/18/1 298/298/1 297/297/1
f 18/18/1 19/19/1 299/299/1 298/298/1
f 19/19/1 20/20/1 300/300/1 299/299/1
f 20/20/1 21/21/1 301/301/1 300/300/1
f 21/21/1 22/22/1 302/302/1 301/301/1
f 22/22/1 23/23/1 303/303/1 302/302/1
f 23/23/1 2/2/1 66/66/1 303/303/1
f 303/303/1 66/66/1 67/67/1 310/310/1
f 310/310/1 67/67/1 68/68/1 317/317/1
f 317/317/1 68/68/1 69/69/1 324/324/1
f 324/324/1 69/69/1 70/70/1 331/331/1
f 331/331/1 70/70/1 71/71/1 338/338/1
f 338/338/1 71/71/1 72/72/1 345/345/1
f 345/345/1 72/72/1 8/8/1 87/87/1
f 344/344/1 345/345/1 87/87/1 88/88/1
f 343/343/1 344/344/1 88/88/1 89/89/1
f 342/342/1 343/343/1 89/89/1 90/90/1
f 341/341/1 342/342/1 90/90/1 91/91/1
f 340/340/1 341/341/1 91/91/1 92/92/1
f 339/339/1 340/340/1 92/92/1 93/93/1
f 79/79/1 339/339/1 93/93/1 9/9/1
f 78/78/1 332/332/1 339/339/1 79/79/1
f 77/77/1 325/325/1 332/332/1 78/78/1
f 76/76/1 318/318/1 325/325/1 77/77/1
f 75/75/1 311/311/1 318/318/1 76/76/1
f 74/74/1 304/304/1 311/311/1 75/75/1
f 73/73/1 297/297/1 304/304/1 74/74/1
f 346/346/1 347/347/1 354/354/1 353/353/1
f 347/347/1 348/348/1 355/355/1 354/354/1
f 348/348/1 349/349/1 356/356/1 355/355/1
f 349/349/1 350/350/1 357/357/1 356/356/1
f 350/350/1 351/351/1 358/358/1 357/357/1
f 351/351/1 352/352/1 359/359/1 358/358/1
f 353/353/1 354/354/1 361/361/1 360/360/1
f 354/354/1 355/355/1 362/362/1 361/361/1
f 355/355/1 356/356/1 363/363/1 362/362/1
f 356/356/1 357/357/1 364/364/1 363/363/1
f 357/357/1 358/358/1 365/365/1 364/364/1
f 358/358/1 359/359/1 366/366/1 365/365/1
f 360/360/1 361/361/1 368/368/1 367/367/1
f 361/361/1 362/362/1 369/369/1 368/368/1
f 362/362/1 363/363/1 370/370/1 369/369/1
f 363/363/1 364/364/1 371/371/1 370/370/1
f 364/364/1 365/365/1 372/372/1 371/371/1
f 365/365/1 366/366/1 373/373/1 372/372/1
f 367/367/1 368/368/1 375/375/1 374/374/1
f 368/368/1 369/369/1 376/376/1 375/375/1
f 369/369/1 370/370/1 377/377/1 376/376/1
f 370/370/1 371/371/1 378/378/1 377/377/1
f 371/371/1 372/372/1 379/379/1 378/378/1
f 372/372/1 373/373/1 380/380/1 379/379/1
f 374/374/1 375/375/1 382/382/1 381/381/1
f 375/375/1 376/376/1 383/383/1 382/382/1
f 376/376/1 377/377/1 384/384/1 383/383/1
f 377/377/1 378/378/1 385/385/1 384/384/1
f 378/378/1 379/379/1 386/386/1 385/385/1
f 379/379/1 380/380/1 387/387/1 386/386/1
f 381/381/1 382/382/1 389/389/1 388/388/1
f 382/382/1 383/383/1 390/390/1 389/389/1
f 383/383/1 384/384/1 391/391/1 390/390/1
f 384/384/1 385/385/1 392/392/1 391/391/1
f 385/385/1 386/386/1 393/393/1 392/392/1
f 386/386/1 387/387/1 394/394/1 393/393/1
f 3/3/1 37/37/1 346/346/1 100/100/1
f 37/37/1 36/36/1 347/347/1 346/346/1
f 36/36/1 35/35/1 348/348/1 347/347/1
f 35/35/1 34/34/1 349/349/1 348/348/1
f 34/34/1 33/33/1 350/350/1 349/349/1
f 33/33/1 32/32/1 351/351/1 350/350/1
f 32/32/1 31/31/1 352/352/1 351/351/1
f 31/31/1 6/6/1 101/101/1 352/352/1
f 352/352/1 101/101/1 102/102/1 359/359/1
f 359/359/1 102/102/1 103/103/1 366/366/1
f 366/366/1 103/103/1 104/104/1 373/373/1
f 373/373/1 104/104/1 105/105/1 380/380/1
f 380/380/1 105/105/1 106/106/1 387/387/1
f 387/387/1 106/106/1 107/107/1 394/394/1
f 1476/1476/2 1590/1649/3 1717/1842/4 1603/1669/5
f 1506/1523/6 1508/1526/7 1635/1719/8 1633/1716/9
f 1502/1517/10 1504/1521/11 1631/1714/12 1629/1710/13
f 1500/1514/14 1502/1517/10 1629/1710/13 1627/1707/15
f 1498/1511/16 1500/1514/14 1627/1707/15 1625/1704/17
f 1496/1508/18 1498/1511/16 1625/1704/17 1623/1701/19
f 1494/1505/20 1496/1508/18 1623/1701/19 1621/1698/21
f 1518/1541/22 1477/1479/23 1606/1674/24 1645/1734/25
f 95/95/1 381/381/1 388/388/1 94/94/1
f 96/96/1 374/374/1 381/381/1 95/95/1
f 97/97/1 367/367/1 374/374/1 96/96/1
f 98/98/1 360/360/1 367/367/1 97/97/1
f 99/99/1 353/353/1 360/360/1 98/98/1
f 100/100/1 346/346/1 353/353/1 99/99/1
f 395/395/1 396/396/1 403/403/1 402/402/1
f 396/396/1 397/397/1 404/404/1 403/403/1
f 397/397/1 398/398/1 405/405/1 404/404/1
f 398/398/1 399/399/1 406/406/1 405/405/1
f 399/399/1 400/400/1 407/407/1 406/406/1
f 400/400/1 401/401/1 408/408/1 407/407/1
f 402/402/1 403/403/1 410/410/1 409/409/1
f 403/403/1 404/404/1 411/411/1 410/410/1
f 404/404/1 405/405/1 412/412/1 411/411/1
f 405/405/1 406/406/1 413/413/1 412/412/1
f 406/406/1 407/407/1 414/414/1 413/413/1
f 407/407/1 408/408/1 415/415/1 414/414/1
f 409/409/1 410/410/1 417/417/1 416/416/1
f 410/410/1 411/411/1 418/418/1 417/417/1
f 411/411/1 412/412/1 419/419/1 418/418/1
f 412/412/1 413/413/1 420/420/1 419/419/1
f 413/413/1 414/414/1 421/421/1 420/420/1
f 414/414/1 415/415/1 422/422/1 421/421/1
f 416/416/1 417/417/1 424/424/1 423/423/1
f 417/417/1 418/418/1 425/425/1 424/424/1
f 418/418/1 419/419/1 426/426/1 425/425/1
f 419/419/1 420/420/1 427/427/1 426/426/1
f 420/420/1 421/421/1 428/428/1 427/427/1
f 421/421/1 422/422/1 429/429/1 428/428/1
f 423/423/1 424/424/1 431/431/1 430/430/1
f 424/424/1 425/425/1 432/432/1 431/431/1
f 425/425/1 426/426/1 433/433/1 432/432/1
f 426/426/1 427/427/1 434/434/1 433/433/1
f 427/427/1 428/428/1 435/435/1 434/434/1
f 428/428/1 429/429/1 436/436/1 435/435/1
f 430/430/1 431/431/1 438/438/1 437/437/1
f 431/431/1 432/432/1 439/439/1 438/438/1
f 432/432/1 433/433/1 440/440/1 439/439/1
f 433/433/1 434/434/1 441/441/1 440/440/1
f 434/434/1 435/435/1 442/442/1 441/441/1
f 435/435/1 436/436/1 443/443/1 442/442/1
f 6/6/1 51/51/1 395/395/1 101/101/1
f 51/51/1 50/50/1 396/396/1 395/395/1
f 50/50/1 49/49/1 397/397/1 396/396/1
f 49/49/1 48/48/1 398/398/1 397/397/1
f 48/48/1 47/47/1 399/399/1 398/398/1
f 47/47/1 46/46/1 400/400/1 399/399/1
f 46/46/1 45/45/1 401/401/1 400/400/1
f 45/45/1 4/4/1 108/108/1 401/401/1
f 401/401/1 108/108/1 109/109/1 408/408/1
f 408/408/1 109/109/1 110/110/1 415/415/1
f 415/415/1 110/110/1 111/111/1 422/422/1
f 422/422/1 111/111/1 112/112/1 429/429/1
f 429/429/1 112/112/1 113/113/1 436/436/1
f 436/436/1 113/113/1 114/114/1 443/443/1
f 114/114/1 486/486/1 1575/1627/26 1490/1500/27
f 1131/1131/28 1632/1715/29 1604/1672/30 844/844/28
f 1600/1664/31 1602/1667/32 1729/1860/33 1727/1857/34
f 1598/1661/35 1600/1664/31 1727/1857/34 1725/1854/36
f 1596/1658/37 1598/1661/35 1725/1854/36 1723/1851/38
f 1594/1655/39 1596/1658/37 1723/1851/38 1721/1848/40
f 1592/1652/41 1594/1655/39 1721/1848/40 1719/1845/42
f 1477/1479/23 1492/1502/43 1619/1695/44 1606/1674/24
f 106/106/1 430/430/1 437/437/1 107/107/1
f 105/105/1 423/423/1 430/430/1 106/106/1
f 104/104/1 416/416/1 423/423/1 105/105/1
f 103/103/1 409/409/1 416/416/1 104/104/1
f 102/102/1 402/402/1 409/409/1 103/103/1
f 101/101/1 395/395/1 402/402/1 102/102/1
f 444/444/1 445/445/1 452/452/1 451/451/1
f 445/445/1 446/446/1 453/453/1 452/452/1
f 446/446/1 447/447/1 454/454/1 453/453/1
f 447/447/1 448/448/1 455/455/1 454/454/1
f 448/448/1 449/449/1 456/456/1 455/455/1
f 449/449/1 450/450/1 457/457/1 456/456/1
f 451/451/1 452/452/1 459/459/1 458/458/1
f 452/452/1 453/453/1 460/460/1 459/459/1
f 453/453/1 454/454/1 461/461/1 460/460/1
f 454/454/1 455/455/1 462/462/1 461/461/1
f 455/455/1 456/456/1 463/463/1 462/462/1
f 456/456/1 457/457/1 464/464/1 463/463/1
f 458/458/1 459/459/1 466/466/1 465/465/1
f 459/459/1 460/460/1 467/467/1 466/466/1
f 460/460/1 461/461/1 468/468/1 467/467/1
f 461/461/1 462/462/1 469/469/1 468/468/1
f 462/462/1 463/463/1 470/470/1 469/469/1
f 463/463/1 464/464/1 471/471/1 470/470/1
f 465/465/1 466/466/1 473/473/1 472/472/1
f 466/466/1 467/467/1 474/474/1 473/473/1
f 467/467/1 468/468/1 475/475/1 474/474/1
f 468/468/1 469/469/1 476/476/1 475/475/1
f 469/469/1 470/470/1 477/477/1 476/476/1
f 470/470/1 471/471/1 478/478/1 477/477/1
f 472/472/1 473/473/1 480/480/1 479/479/1
f 473/473/1 474/474/1 481/481/1 480/480/1
f 474/474/1 475/475/1 482/482/1 481/481/1
f 475/475/1 476/476/1 483/483/1 482/482/1
f 476/476/1 477/477/1 484/484/1 483/483/1
f 477/477/1 478/478/1 485/485/1 484/484/1
f 479/479/1 480/480/1 487/487/1 486/486/1
f 480/480/1 481/481/1 488/488/1 487/487/1
f 481/481/1 482/482/1 489/489/1 488/488/1
f 482/482/1 483/483/1 490/490/1 489/489/1
f 483/483/1 484/484/1 491/491/1 490/490/1
f 484/484/1 485/485/1 492/492/1 491/491/1
f 4/4/1 30/30/1 444/444/1 108/108/1
f 30/30/1 29/29/1 445/445/1 444/444/1
f 29/29/1 28/28/1 446/446/1 445/445/1
f 28/28/1 27/27/1 447/447/1 446/446/1
f 27/27/1 26/26/1 448/448/1 447/447/1
f 26/26/1 25/25/1 449/449/1 448/448/1
f 25/25/1 24/24/1 450/450/1 449/449/1
f 24/24/1 8/8/1 115/115/1 450/450/1
f 450/450/1 115/115/1 116/116/1 457/457/1
f 457/457/1 116/116/1 117/117/1 464/464/1
f 464/464/1 117/117/1 118/118/1 471/471/1
f 471/471/1 118/118/1 119/119/1 478/478/1
f 478/478/1 119/119/1 120/120/1 485/485/1
f 485/485/1 120/120/1 121/121/1 492/492/1
f 121/121/1 535/535/1 1561/1606/45 1488/1497/46
f 1590/1649/3 1592/1652/41 1719/1845/42 1717/1842/4
f 1586/1643/47 1588/1646/48 1715/1839/49 1713/1836/50
f 1584/1640/51 1586/1643/47 1713/1836/50 1711/1833/52
f 1582/1637/53 1584/1640/51 1711/1833/52 1709/1830/54
f 1580/1634/55 1582/1637/53 1709/1830/54 1707/1827/56
f 1578/1631/57 1580/1634/55 1707/1827/56 1705/1824/58
f 1602/1667/32 1489/1498/59 1618/1693/60 1729/1860/33
f 113/113/1 479/479/1 486/486/1 114/114/1
f 112/112/1 472/472/1 479/479/1 113/113/1
f 111/111/1 465/465/1 472/472/1 112/112/1
f 110/110/1 458/458/1 465/465/1 111/111/1
f 109/109/1 451/451/1 458/458/1 110/110/1
f 108/108/1 444/444/1 451/451/1 109/109/1
f 493/493/1 494/494/1 501/501/1 500/500/1
f 494/494/1 495/495/1 502/502/1 501/501/1
f 495/495/1 496/496/1 503/503/1 502/502/1
f 496/496/1 497/497/1 504/504/1 503/503/1
f 497/497/1 498/498/1 505/505/1 504/504/1
f 498/498/1 499/499/1 506/506/1 505/505/1
f 500/500/1 501/501/1 508/508/1 507/507/1
f 501/501/1 502/502/1 509/509/1 508/508/1
f 502/502/1 503/503/1 510/510/1 509/509/1
f 503/503/1 504/504/1 511/511/1 510/510/1
f 504/504/1 505/505/1 512/512/1 511/511/1
f 505/505/1 506/506/1 513/513/1 512/512/1
f 507/507/1 508/508/1 515/515/1 514/514/1
f 508/508/1 509/509/1 516/516/1 515/515/1
f 509/509/1 510/510/1 517/517/1 516/516/1
f 510/510/1 511/511/1 518/518/1 517/517/1
f 511/511/1 512/512/1 519/519/1 518/518/1
f 512/512/1 513/513/1 520/520/1 519/519/1
f 514/514/1 515/515/1 522/522/1 521/521/1
f 515/515/1 516/516/1 523/523/1 522/522/1
f 516/516/1 517/517/1 524/524/1 523/523/1
f 517/517/1 518/518/1 525/525/1 524/524/1
f 518/518/1 519/519/1 526/526/1 525/525/1
f 519/519/1 520/520/1 527/527/1 526/526/1
f 521/521/1 522/522/1 529/529/1 528/528/1
f 522/522/1 523/523/1 530/530/1 529/529/1
f 523/523/1 524/524/1 531/531/1 530/530/1
f 524/524/1 525/525/1 532/532/1 531/531/1
f 525/525/1 526/526/1 533/533/1 532/532/1
f 526/526/1 527/527/1 534/534/1 533/533/1
f 528/528/1 529/529/1 536/536/1 535/535/1
f 529/529/1 530/530/1 537/537/1 536/536/1
f 530/530/1 531/531/1 538/538/1 537/537/1
f 531/531/1 532/532/1 539/539/1 538/538/1
f 532/532/1 533/533/1 540/540/1 539/539/1
f 533/533/1 534/534/1 541/541/1 540/540/1
f 8/8/1 72/72/1 493/493/1 115/115/1
f 72/72/1 71/71/1 494/494/1 493/493/1
f 71/71/1 70/70/1 495/495/1 494/494/1
f 70/70/1 69/69/1 496/496/1 495/495/1
f 69/69/1 68/68/1 497/497/1 496/496/1
f 68/68/1 67/67/1 498/498/1 497/497/1
f 67/67/1 66/66/1 499/499/1 498/498/1
f 66/66/1 2/2/1 122/122/1 499/499/1
f 499/499/1 122/122/1 123/123/1 506/506/1
f 506/506/1 123/123/1 124/124/1 513/513/1
f 513/513/1 124/124/1 125/125/1 520/520/1
f 520/520/1 125/125/1 126/126/1 527/527/1
f 527/527/1 126/126/1 127/127/1 534/534/1
f 534/534/1 127/127/1 128/128/1 541/541/1
f 128/128/1 584/584/1 1547/1585/61 1486/1494/62
f 1576/1628/63 1578/1631/57 1705/1824/58 1703/1821/64
f 1572/1622/65 1574/1625/66 1701/1818/67 1699/1815/68
f 1570/1619/69 1572/1622/65 1699/1815/68 1697/1812/70
f 1568/1616/71 1570/1619/69 1697/1812/70 1695/1809/72
f 1566/1613/73 1568/1616/71 1695/1809/72 1693/1806/74
f 1564/1610/75 1566/1613/73 1693/1806/74 1691/1803/76
f 1588/1646/48 1487/1495/77 1616/1690/78 1715/1839/49
f 120/120/1 528/528/1 535/535/1 121/121/1
f 119/119/1 521/521/1 528/528/1 120/120/1
f 118/118/1 514/514/1 521/521/1 119/119/1
f 117/117/1 507/507/1 514/514/1 118/118/1
f 116/116/1 500/500/1 507/507/1 117/117/1
f 115/115/1 493/493/1 500/500/1 116/116/1
f 542/542/1 543/543/1 550/550/1 549/549/1
f 543/543/1 544/544/1 551/551/1 550/550/1
f 544/544/1 545/545/1 552/552/1 551/551/1
f 545/545/1 546/546/1 553/553/1 552/552/1
f 546/546/1 547/547/1 554/554/1 553/553/1
f 547/547/1 548/548/1 555/555/1 554/554/1
f 549/549/1 550/550/1 557/557/1 556/556/1
f 550/550/1 551/551/1 558/558/1 557/557/1
f 551/551/1 552/552/1 559/559/1 558/558/1
f 552/552/1 553/553/1 560/560/1 559/559/1
f 553/553/1 554/554/1 561/561/1 560/560/1
f 554/554/1 555/555/1 562/562/1 561/561/1
f 556/556/1 557/557/1 564/564/1 563/563/1
f 557/557/1 558/558/1 565/565/1 564/564/1
f 558/558/1 559/559/1 566/566/1 565/565/1
f 559/559/1 560/560/1 567/567/1 566/566/1
f 560/560/1 561/561/1 568/568/1 567/567/1
f 561/561/1 562/562/1 569/569/1 568/568/1
f 563/563/1 564/564/1 571/571/1 570/570/1
f 564/564/1 565/565/1 572/572/1 571/571/1
f 565/565/1 566/566/1 573/573/1 572/572/1
f 566/566/1 567/567/1 574/574/1 573/573/1
f 567/567/1 568/568/1 575/575/1 574/574/1
f 568/568/1 569/569/1 576/576/1 575/575/1
f 570/570/1 571/571/1 578/578/1 577/577/1
f 571/571/1 572/572/1 579/579/1 578/578/1
f 572/572/1 573/573/1 580/580/1 579/579/1
f 573/573/1 574/574/1 581/581/1 580/580/1
f 574/574/1 575/575/1 582/582/1 581/581/1
f 575/575/1 576/576/1 583/583/1 582/582/1
f 577/577/1 578/578/1 585/585/1 584/584/1
f 578/578/1 579/579/1 586/586/1 585/585/1
f 579/579/1 580/580/1 587/587/1 586/586/1
f 580/580/1 581/581/1 588/588/1 587/587/1
f 581/581/1 582/582/1 589/589/1 588/588/1
f 582/582/1 583/583/1 590/590/1 589/589/1
f 2/2/1 23/23/1 542/542/1 122/122/1
f 23/23/1 22/22/1 543/543/1 542/542/1
f 22/22/1 21/21/1 544/544/1 543/543/1
f 21/21/1 20/20/1 545/545/1 544/544/1
f 20/20/1 19/19/1 546/546/1 545/545/1
f 19/19/1 18/18/1 547/547/1 546/546/1
f 18/18/1 17/17/1 548/548/1 547/547/1
f 17/17/1 5/5/1 129/129/1 548/548/1
f 548/548/1 129/129/1 130/130/1 555/555/1
f 555/555/1 130/130/1 131/131/1 562/562/1
f 562/562/1 131/131/1 132/132/1 569/569/1
f 569/569/1 132/132/1 133/133/1 576/576/1
f 576/576/1 133/133/1 134/134/1 583/583/1
f 583/583/1 134/134/1 135/135/1 590/590/1
f 135/135/1 633/633/1 1533/1564/79 1484/1491/80
f 1562/1607/81 1564/1610/75 1691/1803/76 1689/1800/82
f 1558/1601/83 1560/1604/84 1687/1797/85 1685/1794/86
f 1556/1598/87 1558/1601/83 1685/1794/86 1683/1791/88
f 1554/1595/89 1556/1598/87 1683/1791/88 1681/1788/90
f 1552/1592/91 1554/1595/89 1681/1788/90 1679/1785/92
f 1550/1589/93 1552/1592/91 1679/1785/92 1677/1782/94
f 1574/1625/66 1485/1492/95 1614/1687/96 1701/1818/67
f 127/127/1 577/577/1 584/584/1 128/128/1
f 126/126/1 570/570/1 577/577/1 127/127/1
f 125/125/1 563/563/1 570/570/1 126/126/1
f 124/124/1 556/556/1 563/563/1 125/125/1
f 123/123/1 549/549/1 556/556/1 124/124/1
f 122/122/1 542/542/1 549/549/1 123/123/1
f 591/591/1 592/592/1 599/599/1 598/598/1
f 592/592/1 593/593/1 600/600/1 599/599/1
f 593/593/1 594/594/1 601/601/1 600/600/1
f 594/594/1 595/595/1 602/602/1 601/601/1
f 595/595/1 596/596/1 603/603/1 602/602/1
f 596/596/1 597/597/1 604/604/1 603/603/1
f 598/598/1 599/599/1 606/606/1 605/605/1
f 599/599/1 600/600/1 607/607/1 606/606/1
f 600/600/1 601/601/1 608/608/1 607/607/1
f 601/601/1 602/602/1 609/609/1 608/608/1
f 602/602/1 603/603/1 610/610/1 609/609/1
f 603/603/1 604/604/1 611/611/1 610/610/1
f 605/605/1 606/606/1 613/613/1 612/612/1
f 606/606/1 607/607/1 614/614/1 613/613/1
f 607/607/1 608/608/1 615/615/1 614/614/1
f 608/608/1 609/609/1 616/616/1 615/615/1
f 609/609/1 610/610/1 617/617/1 616/616/1
f 610/610/1 611/611/1 618/618/1 617/617/1
f 612/612/1 613/613/1 620/620/1 619/619/1
f 613/613/1 614/614/1 621/621/1 620/620/1
f 614/614/1 615/615/1 622/622/1 621/621/1
f 615/615/1 616/616/1 623/623/1 622/622/1
f 616/616/1 617/617/1 624/624/1 623/623/1
f 617/617/1 618/618/1 625/625/1 624/624/1
f 619/619/1 620/620/1 627/627/1 626/626/1
f 620/620/1 621/621/1 628/628/1 627/627/1
f 621/621/1 622/622/1 629/629/1 628/628/1
f 622/622/1 623/623/1 630/630/1 629/629/1
f 623/623/1 624/624/1 631/631/1 630/630/1
f 624/624/1 625/625/1 632/632/1 631/631/1
f 626/626/1 627/627/1 634/634/1 633/633/1
f 627/627/1 628/628/1 635/635/1 634/634/1
f 628/628/1 629/629/1 636/636/1 635/635/1
f 629/629/1 630/630/1 637/637/1 636/636/1
f 630/630/1 631/631/1 638/638/1 637/637/1
f 631/631/1 632/632/1 639/639/1 638/638/1
f 5/5/1 44/44/1 591/591/1 129/129/1
f 44/44/1 43/43/1 592/592/1 591/591/1
f 43/43/1 42/42/1 593/593/1 592/592/1
f 42/42/1 41/41/1 594/594/1 593/593/1
f 41/41/1 40/40/1 595/595/1 594/594/1
f 40/40/1 39/39/1 596/596/1 595/595/1
f 39/39/1 38/38/1 597/597/1 596/596/1
f 38/38/1 1/1/1 136/136/1 597/597/1
f 597/597/1 136/136/1 137/137/1 604/604/1
f 604/604/1 137/137/1 138/138/1 611/611/1
f 611/611/1 138/138/1 139/139/1 618/618/1
f 618/618/1 139/139/1 140/140/1 625/625/1
f 625/625/1 140/140/1 141/141/1 632/632/1
f 632/632/1 141/141/1 142/142/1 639/639/1
f 142/142/1 682/682/1 1519/1543/97 1482/1487/98
f 1548/1586/99 1550/1589/93 1677/1782/94 1675/1779/100
f 1544/1580/101 1546/1583/102 1673/1776/103 1671/1773/104
f 1542/1577/105 1544/1580/101 1671/1773/104 1669/1770/106
f 1540/1574/107 1542/1577/105 1669/1770/106 1667/1767/108
f 1538/1571/109 1540/1574/107 1667/1767/108 1665/1764/110
f 1536/1568/111 1538/1571/109 1665/1764/110 1663/1761/112
f 1560/1604/84 1483/1488/113 1612/1683/114 1687/1797/85
f 134/134/1 626/626/1 633/633/1 135/135/1
f 133/133/1 619/619/1 626/626/1 134/134/1
f 132/132/1 612/612/1 619/619/1 133/133/1
f 131/131/1 605/605/1 612/612/1 132/132/1
f 130/130/1 598/598/1 605/605/1 131/131/1
f 129/129/1 591/591/1 598/598/1 130/130/1
f 640/640/1 641/641/1 648/648/1 647/647/1
f 641/641/1 642/642/1 649/649/1 648/648/1
f 642/642/1 643/643/1 650/650/1 649/649/1
f 643/643/1 644/644/1 651/651/1 650/650/1
f 644/644/1 645/645/1 652/652/1 651/651/1
f 645/645/1 646/646/1 653/653/1 652/652/1
f 647/647/1 648/648/1 655/655/1 654/654/1
f 648/648/1 649/649/1 656/656/1 655/655/1
f 649/649/1 650/650/1 657/657/1 656/656/1
f 650/650/1 651/651/1 658/658/1 657/657/1
f 651/651/1 652/652/1 659/659/1 658/658/1
f 652/652/1 653/653/1 660/660/1 659/659/1
f 654/654/1 655/655/1 662/662/1 661/661/1
f 655/655/1 656/656/1 663/663/1 662/662/1
f 656/656/1 657/657/1 664/664/1 663/663/1
f 657/657/1 658/658/1 665/665/1 664/664/1
f 658/658/1 659/659/1 666/666/1 665/665/1
f 659/659/1 660/660/1 667/667/1 666/666/1
f 661/661/1 662/662/1 669/669/1 668/668/1
f 662/662/1 663/663/1 670/670/1 669/669/1
f 663/663/1 664/664/1 671/671/1 670/670/1
f 664/664/1 665/665/1 672/672/1 671/671/1
f 665/665/1 666/666/1 673/673/1 672/672/1
f 666/666/1 667/667/1 674/674/1 673/673/1
f 668/668/1 669/669/1 676/676/1 675/675/1
f 669/669/1 670/670/1 677/677/1 676/676/1
f 670/670/1 671/671/1 678/678/1 677/677/1
f 671/671/1 672/672/1 679/679/1 678/678/1
f 672/672/1 673/673/1 680/680/1 679/679/1
f 673/673/1 674/674/1 681/681/1 680/680/1
f 675/675/1 676/676/1 683/683/1 682/682/1
f 676/676/1 677/677/1 684/684/1 683/683/1
f 677/677/1 678/678/1 685/685/1 684/684/1
f 678/678/1 679/679/1 686/686/1 685/685/1
f 679/679/1 680/680/1 687/687/1 686/686/1
f 680/680/1 681/681/1 688/688/1 687/687/1
f 1/1/1 16/16/1 640/640/1 136/136/1
f 16/16/1 15/15/1 641/641/1 640/640/1
f 15/15/1 14/14/1 642/642/1 641/641/1
f 14/14/1 13/13/1 643/643/1 642/642/1
f 13/13/1 12/12/1 644/644/1 643/643/1
f 12/12/1 11/11/1 645/645/1 644/644/1
f 11/11/1 10/10/1 646/646/1 645/645/1
f 10/10/1 7/7/1 143/143/1 646/646/1
f 646/646/1 143/143/1 144/144/1 653/653/1
f 653/653/1 144/144/1 145/145/1 660/660/1
f 660/660/1 145/145/1 146/146/1 667/667/1
f 667/667/1 146/146/1 147/147/1 674/674/1
f 674/674/1 147/147/1 148/148/1 681/681/1
f 681/681/1 148/148/1 149/149/1 688/688/1
f 149/149/1 731/731/1 1505/1522/115 1480/1484/116
f 1534/1565/117 1536/1568/111 1663/1761/112 1661/1758/118
f 1530/1559/119 1532/1562/120 1659/1755/121 1657/1752/122
f 1528/1556/123 1530/1559/119 1657/1752/122 1655/1749/124
f 1526/1553/125 1528/1556/123 1655/1749/124 1653/1746/126
f 1524/1550/127 1526/1553/125 1653/1746/126 1651/1743/128
f 1522/1547/129 1524/1550/127 1651/1743/128 1649/1740/130
f 1546/1583/102 1481/1485/131 1610/1680/132 1673/1776/103
f 141/141/1 675/675/1 682/682/1 142/142/1
f 140/140/1 668/668/1 675/675/1 141/141/1
f 139/139/1 661/661/1 668/668/1 140/140/1
f 138/138/1 654/654/1 661/661/1 139/139/1
f 137/137/1 647/647/1 654/654/1 138/138/1
f 136/136/1 640/640/1 647/647/1 137/137/1
f 689/689/1 690/690/1 697/697/1 696/696/1
f 690/690/1 691/691/1 698/698/1 697/697/1
f 691/691/1 692/692/1 699/699/1 698/698/1
f 692/692/1 693/693/1 700/700/1 699/699/1
f 693/693/1 694/694/1 701/701/1 700/700/1
f 694/694/1 695/695/1 702/702/1 701/701/1
f 696/696/1 697/697/1 704/704/1 703/703/1
f 697/697/1 698/698/1 705/705/1 704/704/1
f 698/698/1 699/699/1 706/706/1 705/705/1
f 699/699/1 700/700/1 707/707/1 706/706/1
f 700/700/1 701/701/1 708/708/1 707/707/1
f 701/701/1 702/702/1 709/709/1 708/708/1
f 703/703/1 704/704/1 711/711/1 710/710/1
f 704/704/1 705/705/1 712/712/1 711/711/1
f 705/705/1 706/706/1 713/713/1 712/712/1
f 706/706/1 707/707/1 714/714/1 713/713/1
f 707/707/1 708/708/1 715/715/1 714/714/1
f 708/708/1 709/709/1 716/716/1 715/715/1
f 710/710/1 711/711/1 718/718/1 717/717/1
f 711/711/1 712/712/1 719/719/1 718/718/1
f 712/712/1 713/713/1 720/720/1 719/719/1
f 713/713/1 714/714/1 721/721/1 720/720/1
f 714/714/1 715/715/1 722/722/1 721/721/1
f 715/715/1 716/716/1 723/723/1 722/722/1
f 717/717/1 718/718/1 725/725/1 724/724/1
f 718/718/1 719/719/1 726/726/1 725/725/1
f 719/719/1 720/720/1 727/727/1 726/726/1
f 720/720/1 721/721/1 728/728/1 727/727/1
f 721/721/1 722/722/1 729/729/1 728/728/1
f 722/722/1 723/723/1 730/730/1 729/729/1
f 724/724/1 725/725/1 732/732/1 731/731/1
f 725/725/1 726/726/1 733/733/1 732/732/1
f 726/726/1 727/727/1 734/734/1 733/733/1
f 727/727/1 728/728/1 735/735/1 734/734/1
f 728/728/1 729/729/1 736/736/1 735/735/1
f 729/729/1 730/730/1 737/737/1 736/736/1
f 7/7/1 65/65/1 689/689/1 143/143/1
f 65/65/1 64/64/1 690/690/1 689/689/1
f 64/64/1 63/63/1 691/691/1 690/690/1
f 63/63/1 62/62/1 692/692/1 691/691/1
f 62/62/1 61/61/1 693/693/1 692/692/1
f 61/61/1 60/60/1 694/694/1 693/693/1
f 60/60/1 59/59/1 695/695/1 694/694/1
f 59/59/1 3/3/1 100/100/1 695/695/1
f 695/695/1 100/100/1 99/99/1 702/702/1
f 702/702/1 99/99/1 98/98/1 709/709/1
f 709/709/1 98/98/1 97/97/1 716/716/1
f 716/716/1 97/97/1 96/96/1 723/723/1
f 723/723/1 96/96/1 95/95/1 730/730/1
f 730/730/1 95/95/1 94/94/1 737/737/1
f 94/94/1 388/388/1 1491/1501/133 1478/1481/134
f 1520/1544/135 1522/1547/129 1649/1740/130 1647/1737/136
f 1516/1538/137 1518/1541/22 1645/1734/25 1643/1731/138
f 1514/1535/139 1516/1538/137 1643/1731/138 1641/1728/140
f 1512/1532/141 1514/1535/139 1641/1728/140 1639/1725/142
f 1510/1529/143 1512/1532/141 1639/1725/142 1637/1722/144
f 1508/1526/7 1510/1529/143 1637/1722/144 1635/1719/8
f 1532/1562/120 1479/1482/145 1608/1677/146 1659/1755/121
f 148/148/1 724/724/1 731/731/1 149/149/1
f 147/147/1 717/717/1 724/724/1 148/148/1
f 146/146/1 710/710/1 717/717/1 147/147/1
f 145/145/1 703/703/1 710/710/1 146/146/1
f 144/144/1 696/696/1 703/703/1 145/145/1
f 143/143/1 689/689/1 696/696/1 144/144/1
f 887/887/28 894/894/28 895/895/28 888/888/28
f 888/888/28 895/895/28 896/896/28 889/889/28
f 889/889/28 896/896/28 897/897/28 890/890/28
f 890/890/28 897/897/28 898/898/28 891/891/28
f 891/891/28 898/898/28 899/899/28 892/892/28
f 892/892/28 899/899/28 900/900/28 893/893/28
f 894/894/28 901/901/28 902/902/28 895/895/28
f 895/895/28 902/902/28 903/903/28 896/896/28
f 896/896/28 903/903/28 904/904/28 897/897/28
f 897/897/28 904/904/28 905/905/28 898/898/28
f 898/898/28 905/905/28 906/906/28 899/899/28
f 899/899/28 906/906/28 907/907/28 900/900/28
f 901/901/28 908/908/28 909/909/28 902/902/28
f 902/902/28 909/909/28 910/910/28 903/903/28
f 903/903/28 910/910/28 911/911/28 904/904/28
f 904/904/28 911/911/28 912/912/28 905/905/28
f 905/905/28 912/912/28 913/913/28 906/906/28
f 906/906/28 913/913/28 914/914/28 907/907/28
f 908/908/28 915/915/28 916/916/28 909/909/28
f 909/909/28 916/916/28 917/917/28 910/910/28
f 910/910/28 917/917/28 918/918/28 911/911/28
f 911/911/28 918/918/28 919/919/28 912/912/28
f 912/912/28 919/919/28 920/920/28 913/913/28
f 913/913/28 920/920/28 921/921/28 914/914/28
f 915/915/28 922/922/28 923/923/28 916/916/28
f 916/916/28 923/923/28 924/924/28 917/917/28
f 917/917/28 924/924/28 925/925/28 918/918/28
f 918/918/28 925/925/28 926/926/28 919/919/28
f 919/919/28 926/926/28 927/927/28 920/920/28
f 920/920/28 927/927/28 928/928/28 921/921/28
f 922/922/28 929/929/28 930/930/28 923/923/28
f 923/923/28 930/930/28 931/931/28 924/924/28
f 924/924/28 931/931/28 932/932/28 925/925/28
f 925/925/28 932/932/28 933/933/28 926/926/28
f 926/926/28 933/933/28 934/934/28 927/927/28
f 927/927/28 934/934/28 935/935/28 928/928/28
f 746/746/28 789/789/28 887/887/28 830/830/28
f 830/830/28 887/887/28 888/888/28 829/829/28
f 829/829/28 888/888/28 889/889/28 828/828/28
f 828/828/28 889/889/28 890/890/28 827/827/28
f 827/827/28 890/890/28 891/891/28 826/826/28
f 826/826/28 891/891/28 892/892/28 825/825/28
f 825/825/28 892/892/28 893/893/28 824/824/28
f 824/824/28 893/893/28 761/761/28 745/745/28
f 893/893/28 900/900/28 762/762/28 761/761/28
f 900/900/28 907/907/28 763/763/28 762/762/28
f 907/907/28 914/914/28 764/764/28 763/763/28
f 914/914/28 921/921/28 765/765/28 764/764/28
f 921/921/28 928/928/28 766/766/28 765/765/28
f 928/928/28 935/935/28 767/767/28 766/766/28
f 935/935/28 782/782/28 741/741/28 767/767/28
f 934/934/28 783/783/28 782/782/28 935/935/28
f 933/933/28 784/784/28 783/783/28 934/934/28
f 932/932/28 785/785/28 784/784/28 933/933/28
f 931/931/28 786/786/28 785/785/28 932/932/28
f 930/930/28 787/787/28 786/786/28 931/931/28
f 929/929/28 788/788/28 787/787/28 930/930/28
f 795/795/28 743/743/28 788/788/28 929/929/28
f 794/794/28 795/795/28 929/929/28 922/922/28
f 793/793/28 794/794/28 922/922/28 915/915/28
f 792/792/28 793/793/28 915/915/28 908/908/28
f 791/791/28 792/792/28 908/908/28 901/901/28
f 790/790/28 791/791/28 901/901/28 894/894/28
f 789/789/28 790/790/28 894/894/28 887/887/28
f 936/936/28 943/943/28 944/944/28 937/937/28
f 937/937/28 944/944/28 945/945/28 938/938/28
f 938/938/28 945/945/28 946/946/28 939/939/28
f 939/939/28 946/946/28 947/947/28 940/940/28
f 940/940/28 947/947/28 948/948/28 941/941/28
f 941/941/28 948/948/28 949/949/28 942/942/28
f 943/943/28 950/950/28 951/951/28 944/944/28
f 944/944/28 951/951/28 952/952/28 945/945/28
f 945/945/28 952/952/28 953/953/28 946/946/28
f 946/946/28 953/953/28 954/954/28 947/947/28
f 947/947/28 954/954/28 955/955/28 948/948/28
f 948/948/28 955/955/28 956/956/28 949/949/28
f 950/950/28 957/957/28 958/958/28 951/951/28
f 951/951/28 958/958/28 959/959/28 952/952/28
f 952/952/28 959/959/28 960/960/28 953/953/28
f 953/953/28 960/960/28 961/961/28 954/954/28
f 954/954/28 961/961/28 962/962/28 955/955/28
f 955/955/28 962/962/28 963/963/28 956/956/28
f 957/957/28 964/964/28 965/965/28 958/958/28
f 958/958/28 965/965/28 966/966/28 959/959/28
f 959/959/28 966/966/28 967/967/28 960/960/28
f 960/960/28 967/967/28 968/968/28 961/961/28
f 961/961/28 968/968/28 969/969/28 962/962/28
f 962/962/28 969/969/28 970/970/28 963/963/28
f 964/964/28 971/971/28 972/972/28 965/965/28
f 965/965/28 972/972/28 973/973/28 966/966/28
f 966/966/28 973/973/28 974/974/28 967/967/28
f 967/967/28 974/974/28 975/975/28 968/968/28
f 968/968/28 975/975/28 976/976/28 969/969/28
f 969/969/28 976/976/28 977/977/28 970/970/28
f 971/971/28 978/978/28 979/979/28 972/972/28
f 972/972/28 979/979/28 980/980/28 973/973/28
f 973/973/28 980/980/28 981/981/28 974/974/28
f 974/974/28 981/981/28 982/982/28 975/975/28
f 975/975/28 982/982/28 983/983/28 976/976/28
f 976/976/28 983/983/28 984/984/28 977/977/28
f 744/744/28 802/802/28 936/936/28 823/823/28
f 823/823/28 936/936/28 937/937/28 822/822/28
f 822/822/28 937/937/28 938/938/28 821/821/28
f 821/821/28 938/938/28 939/939/28 820/820/28
f 820/820/28 939/939/28 940/940/28 819/819/28
f 819/819/28 940/940/28 941/941/28 818/818/28
f 818/818/28 941/941/28 942/942/28 817/817/28
f 817/817/28 942/942/28 789/789/28 746/746/28
f 942/942/28 949/949/28 790/790/28 789/789/28
f 949/949/28 956/956/28 791/791/28 790/790/28
f 956/956/28 963/963/28 792/792/28 791/791/28
f 963/963/28 970/970/28 793/793/28 792/792/28
f 970/970/28 977/977/28 794/794/28 793/793/28
f 977/977/28 984/984/28 795/795/28 794/794/28
f 984/984/28 768/768/28 743/743/28 795/795/28
f 983/983/28 769/769/28 768/768/28 984/984/28
f 982/982/28 770/770/28 769/769/28 983/983/28
f 981/981/28 771/771/28 770/770/28 982/982/28
f 980/980/28 772/772/28 771/771/28 981/981/28
f 979/979/28 773/773/28 772/772/28 980/980/28
f 978/978/28 774/774/28 773/773/28 979/979/28
f 796/796/28 740/740/28 774/774/28 978/978/28
f 797/797/28 796/796/28 978/978/28 971/971/28
f 798/798/28 797/797/28 971/971/28 964/964/28
f 799/799/28 798/798/28 964/964/28 957/957/28
f 800/800/28 799/799/28 957/957/28 950/950/28
f 801/801/28 800/800/28 950/950/28 943/943/28
f 802/802/28 801/801/28 943/943/28 936/936/28
f 985/985/28 992/992/28 993/993/28 986/986/28
f 986/986/28 993/993/28 994/994/28 987/987/28
f 987/987/28 994/994/28 995/995/28 988/988/28
f 988/988/28 995/995/28 996/996/28 989/989/28
f 989/989/28 996/996/28 997/997/28 990/990/28
f 990/990/28 997/997/28 998/998/28 991/991/28
f 992/992/28 999/999/28 1000/1000/28 993/993/28
f 993/993/28 1000/1000/28 1001/1001/28 994/994/28
f 994/994/28 1001/1001/28 1002/1002/28 995/995/28
f 995/995/28 1002/1002/28 1003/1003/28 996/996/28
f 996/996/28 1003/1003/28 1004/1004/28 997/997/28
f 997/997/28 1004/1004/28 1005/1005/28 998/998/28
f 999/999/28 1006/1006/28 1007/1007/28 1000/1000/28
f 1000/1000/28 1007/1007/28 1008/1008/28 1001/1001/28
f 1001/1001/28 1008/1008/28 1009/1009/28 1002/1002/28
f 1002/1002/28 1009/1009/28 1010/1010/28 1003/1003/28
f 1003/1003/28 1010/1010/28 1011/1011/28 1004/1004/28
f 1004/1004/28 1011/1011/28 1012/1012/28 1005/1005/28
f 1006/1006/28 1013/1013/28 1014/1014/28 1007/1007/28
f 1007/1007/28 1014/1014/28 1015/1015/28 1008/1008/28
f 1008/1008/28 1015/1015/28 1016/1016/28 1009/1009/28
f 1009/1009/28 1016/1016/28 1017/1017/28 1010/1010/28
f 1010/1010/28 1017/1017/28 1018/1018/28 1011/1011/28
f 1011/1011/28 1018/1018/28 1019/1019/28 1012/1012/28
f 1013/1013/28 1020/1020/28 1021/1021/28 1014/1014/28
f 1014/1014/28 1021/1021/28 1022/1022/28 1015/1015/28
f 1015/1015/28 1022/1022/28 1023/1023/28 1016/1016/28
f 1016/1016/28 1023/1023/28 1024/1024/28 1017/1017/28
f 1017/1017/28 1024/1024/28 1025/1025/28 1018/1018/28
f 1018/1018/28 1025/1025/28 1026/1026/28 1019/1019/28
f 1020/1020/28 1027/1027/28 1028/1028/28 1021/1021/28
f 1021/1021/28 1028/1028/28 1029/1029/28 1022/1022/28
f 1022/1022/28 1029/1029/28 1030/1030/28 1023/1023/28
f 1023/1023/28 1030/1030/28 1031/1031/28 1024/1024/28
f 1024/1024/28 1031/1031/28 1032/1032/28 1025/1025/28
f 1025/1025/28 1032/1032/28 1033/1033/28 1026/1026/28
f 738/738/28 753/753/28 985/985/28 775/775/28
f 775/775/28 985/985/28 986/986/28 776/776/28
f 776/776/28 986/986/28 987/987/28 777/777/28
f 777/777/28 987/987/28 988/988/28 778/778/28
f 778/778/28 988/988/28 989/989/28 779/779/28
f 779/779/28 989/989/28 990/990/28 780/780/28
f 780/780/28 990/990/28 991/991/28 781/781/28
f 781/781/28 991/991/28 810/810/28 742/742/28
f 991/991/28 998/998/28 811/811/28 810/810/28
f 998/998/28 1005/1005/28 812/812/28 811/811/28
f 1005/1005/28 1012/1012/28 813/813/28 812/812/28
f 1012/1012/28 1019/1019/28 814/814/28 813/813/28
f 1019/1019/28 1026/1026/28 815/815/28 814/814/28
f 1026/1026/28 1033/1033/28 816/816/28 815/815/28
f 1033/1033/28 817/817/28 746/746/28 816/816/28
f 1032/1032/28 818/818/28 817/817/28 1033/1033/28
f 1031/1031/28 819/819/28 818/818/28 1032/1032/28
f 1030/1030/28 820/820/28 819/819/28 1031/1031/28
f 1029/1029/28 821/821/28 820/820/28 1030/1030/28
f 1028/1028/28 822/822/28 821/821/28 1029/1029/28
f 1027/1027/28 823/823/28 822/822/28 1028/1028/28
f 747/747/28 744/744/28 823/823/28 1027/1027/28
f 748/748/28 747/747/28 1027/1027/28 1020/1020/28
f 749/749/28 748/748/28 1020/1020/28 1013/1013/28
f 750/750/28 749/749/28 1013/1013/28 1006/1006/28
f 751/751/28 750/750/28 1006/1006/28 999/999/28
f 752/752/28 751/751/28 999/999/28 992/992/28
f 753/753/28 752/752/28 992/992/28 985/985/28
f 1034/1034/28 1041/1041/28 1042/1042/28 1035/1035/28
f 1035/1035/28 1042/1042/28 1043/1043/28 1036/1036/28
f 1036/1036/28 1043/1043/28 1044/1044/28 1037/1037/28
f 1037/1037/28 1044/1044/28 1045/1045/28 1038/1038/28
f 1038/1038/28 1045/1045/28 1046/1046/28 1039/1039/28
f 1039/1039/28 1046/1046/28 1047/1047/28 1040/1040/28
f 1041/1041/28 1048/1048/28 1049/1049/28 1042/1042/28
f 1042/1042/28 1049/1049/28 1050/1050/28 1043/1043/28
f 1043/1043/28 1050/1050/28 1051/1051/28 1044/1044/28
f 1044/1044/28 1051/1051/28 1052/1052/28 1045/1045/28
f 1045/1045/28 1052/1052/28 1053/1053/28 1046/1046/28
f 1046/1046/28 1053/1053/28 1054/1054/28 1047/1047/28
f 1048/1048/28 1055/1055/28 1056/1056/28 1049/1049/28
f 1049/1049/28 1056/1056/28 1057/1057/28 1050/1050/28
f 1050/1050/28 1057/1057/28 1058/1058/28 1051/1051/28
f 1051/1051/28 1058/1058/28 1059/1059/28 1052/1052/28
f 1052/1052/28 1059/1059/28 1060/1060/28 1053/1053/28
f 1053/1053/28 1060/1060/28 1061/1061/28 1054/1054/28
f 1055/1055/28 1062/1062/28 1063/1063/28 1056/1056/28
f 1056/1056/28 1063/1063/28 1064/1064/28 1057/1057/28
f 1057/1057/28 1064/1064/28 1065/1065/28 1058/1058/28
f 1058/1058/28 1065/1065/28 1066/1066/28 1059/1059/28
f 1059/1059/28 1066/1066/28 1067/1067/28 1060/1060/28
f 1060/1060/28 1067/1067/28 1068/1068/28 1061/1061/28
f 1062/1062/28 1069/1069/28 1070/1070/28 1063/1063/28
f 1063/1063/28 1070/1070/28 1071/1071/28 1064/1064/28
f 1064/1064/28 1071/1071/28 1072/1072/28 1065/1065/28
f 1065/1065/28 1072/1072/28 1073/1073/28 1066/1066/28
f 1066/1066/28 1073/1073/28 1074/1074/28 1067/1067/28
f 1067/1067/28 1074/1074/28 1075/1075/28 1068/1068/28
f 1069/1069/28 1076/1076/28 1077/1077/28 1070/1070/28
f 1070/1070/28 1077/1077/28 1078/1078/28 1071/1071/28
f 1071/1071/28 1078/1078/28 1079/1079/28 1072/1072/28
f 1072/1072/28 1079/1079/28 1080/1080/28 1073/1073/28
f 1073/1073/28 1080/1080/28 1081/1081/28 1074/1074/28
f 1074/1074/28 1081/1081/28 1082/1082/28 1075/1075/28
f 742/742/28 810/810/28 1034/1034/28 754/754/28
f 754/754/28 1034/1034/28 1035/1035/28 755/755/28
f 755/755/28 1035/1035/28 1036/1036/28 756/756/28
f 756/756/28 1036/1036/28 1037/1037/28 757/757/28
f 757/757/28 1037/1037/28 1038/1038/28 758/758/28
f 758/758/28 1038/1038/28 1039/1039/28 759/759/28
f 759/759/28 1039/1039/28 1040/1040/28 760/760/28
f 760/760/28 1040/1040/28 803/803/28 739/739/28
f 1040/1040/28 1047/1047/28 804/804/28 803/803/28
f 1047/1047/28 1054/1054/28 805/805/28 804/804/28
f 1054/1054/28 1061/1061/28 806/806/28 805/805/28
f 1061/1061/28 1068/1068/28 807/807/28 806/806/28
f 1068/1068/28 1075/1075/28 808/808/28 807/807/28
f 1075/1075/28 1082/1082/28 809/809/28 808/808/28
f 1082/1082/28 824/824/28 745/745/28 809/809/28
f 1081/1081/28 825/825/28 824/824/28 1082/1082/28
f 1080/1080/28 826/826/28 825/825/28 1081/1081/28
f 1079/1079/28 827/827/28 826/826/28 1080/1080/28
f 1078/1078/28 828/828/28 827/827/28 1079/1079/28
f 1077/1077/28 829/829/28 828/828/28 1078/1078/28
f 1076/1076/28 830/830/28 829/829/28 1077/1077/28
f 816/816/28 746/746/28 830/830/28 1076/1076/28
f 815/815/28 816/816/28 1076/1076/28 1069/1069/28
f 814/814/28 815/815/28 1069/1069/28 1062/1062/28
f 813/813/28 814/814/28 1062/1062/28 1055/1055/28
f 812/812/28 813/813/28 1055/1055/28 1048/1048/28
f 811/811/28 812/812/28 1048/1048/28 1041/1041/28
f 810/810/28 811/811/28 1041/1041/28 1034/1034/28
f 1083/1083/28 1090/1090/28 1091/1091/28 1084/1084/28
f 1084/1084/28 1091/1091/28 1092/1092/28 1085/1085/28
f 1085/1085/28 1092/1092/28 1093/1093/28 1086/1086/28
f 1086/1086/28 1093/1093/28 1094/1094/28 1087/1087/28
f 1087/1087/28 1094/1094/28 1095/1095/28 1088/1088/28
f 1088/1088/28 1095/1095/28 1096/1096/28 1089/1089/28
f 1090/1090/28 1097/1097/28 1098/1098/28 1091/1091/28
f 1091/1091/28 1098/1098/28 1099/1099/28 1092/1092/28
f 1092/1092/28 1099/1099/28 1100/1100/28 1093/1093/28
f 1093/1093/28 1100/1100/28 1101/1101/28 1094/1094/28
f 1094/1094/28 1101/1101/28 1102/1102/28 1095/1095/28
f 1095/1095/28 1102/1102/28 1103/1103/28 1096/1096/28
f 1097/1097/28 1104/1104/28 1105/1105/28 1098/1098/28
f 1098/1098/28 1105/1105/28 1106/1106/28 1099/1099/28
f 1099/1099/28 1106/1106/28 1107/1107/28 1100/1100/28
f 1100/1100/28 1107/1107/28 1108/1108/28 1101/1101/28
f 1101/1101/28 1108/1108/28 1109/1109/28 1102/1102/28
f 1102/1102/28 1109/1109/28 1110/1110/28 1103/1103/28
f 1104/1104/28 1111/1111/28 1112/1112/28 1105/1105/28
f 1105/1105/28 1112/1112/28 1113/1113/28 1106/1106/28
f 1106/1106/28 1113/1113/28 1114/1114/28 1107/1107/28
f 1107/1107/28 1114/1114/28 1115/1115/28 1108/1108/28
f 1108/1108/28 1115/1115/28 1116/1116/28 1109/1109/28
f 1109/1109/28 1116/1116/28 1117/1117/28 1110/1110/28
f 1111/1111/28 1118/1118/28 1119/1119/28 1112/1112/28
f 1112/1112/28 1119/1119/28 1120/1120/28 1113/1113/28
f 1113/1113/28 1120/1120/28 1121/1121/28 1114/1114/28
f 1114/1114/28 1121/1121/28 1122/1122/28 1115/1115/28
f 1115/1115/28 1122/1122/28 1123/1123/28 1116/1116/28
f 1116/1116/28 1123/1123/28 1124/1124/28 1117/1117/28
f 1118/1118/28 1125/1125/28 1126/1126/28 1119/1119/28
f 1119/1119/28 1126/1126/28 1127/1127/28 1120/1120/28
f 1120/1120/28 1127/1127/28 1128/1128/28 1121/1121/28
f 1121/1121/28 1128/1128/28 1129/1129/28 1122/1122/28
f 1122/1122/28 1129/1129/28 1130/1130/28 1123/1123/28
f 1123/1123/28 1130/1130/28 1131/1131/28 1124/1124/28
f 740/740/28 837/837/28 1083/1083/28 774/774/28
f 774/774/28 1083/1083/28 1084/1084/28 773/773/28
f 773/773/28 1084/1084/28 1085/1085/28 772/772/28
f 772/772/28 1085/1085/28 1086/1086/28 771/771/28
f 771/771/28 1086/1086/28 1087/1087/28 770/770/28
f 770/770/28 1087/1087/28 1088/1088/28 769/769/28
f 769/769/28 1088/1088/28 1089/1089/28 768/768/28
f 768/768/28 1089/1089/28 838/838/28 743/743/28
f 1089/1089/28 1096/1096/28 839/839/28 838/838/28
f 1096/1096/28 1103/1103/28 840/840/28 839/839/28
f 1103/1103/28 1110/1110/28 841/841/28 840/840/28
f 1110/1110/28 1117/1117/28 842/842/28 841/841/28
f 1117/1117/28 1124/1124/28 843/843/28 842/842/28
f 1124/1124/28 1131/1131/28 844/844/28 843/843/28
f 844/844/28 1604/1672/30 1718/1844/147 1174/1174/28
f 1468/1468/28 1634/1718/148 1636/1721/149 1469/1469/28
f 1130/1130/28 1630/1712/150 1632/1715/29 1131/1131/28
f 1129/1129/28 1628/1709/151 1630/1712/150 1130/1130/28
f 1128/1128/28 1626/1706/152 1628/1709/151 1129/1129/28
f 1127/1127/28 1624/1703/153 1626/1706/152 1128/1128/28
f 1126/1126/28 1622/1700/154 1624/1703/153 1127/1127/28
f 1474/1474/28 1646/1736/155 1605/1673/156 831/831/28
f 832/832/28 831/831/28 1125/1125/28 1118/1118/28
f 833/833/28 832/832/28 1118/1118/28 1111/1111/28
f 834/834/28 833/833/28 1111/1111/28 1104/1104/28
f 835/835/28 834/834/28 1104/1104/28 1097/1097/28
f 836/836/28 835/835/28 1097/1097/28 1090/1090/28
f 837/837/28 836/836/28 1090/1090/28 1083/1083/28
f 1132/1132/28 1139/1139/28 1140/1140/28 1133/1133/28
f 1133/1133/28 1140/1140/28 1141/1141/28 1134/1134/28
f 1134/1134/28 1141/1141/28 1142/1142/28 1135/1135/28
f 1135/1135/28 1142/1142/28 1143/1143/28 1136/1136/28
f 1136/1136/28 1143/1143/28 1144/1144/28 1137/1137/28
f 1137/1137/28 1144/1144/28 1145/1145/28 1138/1138/28
f 1139/1139/28 1146/1146/28 1147/1147/28 1140/1140/28
f 1140/1140/28 1147/1147/28 1148/1148/28 1141/1141/28
f 1141/1141/28 1148/1148/28 1149/1149/28 1142/1142/28
f 1142/1142/28 1149/1149/28 1150/1150/28 1143/1143/28
f 1143/1143/28 1150/1150/28 1151/1151/28 1144/1144/28
f 1144/1144/28 1151/1151/28 1152/1152/28 1145/1145/28
f 1146/1146/28 1153/1153/28 1154/1154/28 1147/1147/28
f 1147/1147/28 1154/1154/28 1155/1155/28 1148/1148/28
f 1148/1148/28 1155/1155/28 1156/1156/28 1149/1149/28
f 1149/1149/28 1156/1156/28 1157/1157/28 1150/1150/28
f 1150/1150/28 1157/1157/28 1158/1158/28 1151/1151/28
f 1151/1151/28 1158/1158/28 1159/1159/28 1152/1152/28
f 1153/1153/28 1160/1160/28 1161/1161/28 1154/1154/28
f 1154/1154/28 1161/1161/28 1162/1162/28 1155/1155/28
f 1155/1155/28 1162/1162/28 1163/1163/28 1156/1156/28
f 1156/1156/28 1163/1163/28 1164/1164/28 1157/1157/28
f 1157/1157/28 1164/1164/28 1165/1165/28 1158/1158/28
f 1158/1158/28 1165/1165/28 1166/1166/28 1159/1159/28
f 1160/1160/28 1167/1167/28 1168/1168/28 1161/1161/28
f 1161/1161/28 1168/1168/28 1169/1169/28 1162/1162/28
f 1162/1162/28 1169/1169/28 1170/1170/28 1163/1163/28
f 1163/1163/28 1170/1170/28 1171/1171/28 1164/1164/28
f 1164/1164/28 1171/1171/28 1172/1172/28 1165/1165/28
f 1165/1165/28 1172/1172/28 1173/1173/28 1166/1166/28
f 1167/1167/28 1174/1174/28 1175/1175/28 1168/1168/28
f 1168/1168/28 1175/1175/28 1176/1176/28 1169/1169/28
f 1169/1169/28 1176/1176/28 1177/1177/28 1170/1170/28
f 1170/1170/28 1177/1177/28 1178/1178/28 1171/1171/28
f 1171/1171/28 1178/1178/28 1179/1179/28 1172/1172/28
f 1172/1172/28 1179/1179/28 1180/1180/28 1173/1173/28
f 743/743/28 838/838/28 1132/1132/28 788/788/28
f 788/788/28 1132/1132/28 1133/1133/28 787/787/28
f 787/787/28 1133/1133/28 1134/1134/28 786/786/28
f 786/786/28 1134/1134/28 1135/1135/28 785/785/28
f 785/785/28 1135/1135/28 1136/1136/28 784/784/28
f 784/784/28 1136/1136/28 1137/1137/28 783/783/28
f 783/783/28 1137/1137/28 1138/1138/28 782/782/28
f 782/782/28 1138/1138/28 845/845/28 741/741/28
f 1138/1138/28 1145/1145/28 846/846/28 845/845/28
f 1145/1145/28 1152/1152/28 847/847/28 846/846/28
f 1152/1152/28 1159/1159/28 848/848/28 847/847/28
f 1159/1159/28 1166/1166/28 849/849/28 848/848/28
f 1166/1166/28 1173/1173/28 850/850/28 849/849/28
f 1173/1173/28 1180/1180/28 851/851/28 850/850/28
f 1125/1125/28 1620/1697/157 1622/1700/154 1126/1126/28
f 1179/1179/28 1728/1859/158 1730/1862/159 1180/1180/28
f 1178/1178/28 1726/1856/160 1728/1859/158 1179/1179/28
f 1177/1177/28 1724/1853/161 1726/1856/160 1178/1178/28
f 1176/1176/28 1722/1850/162 1724/1853/161 1177/1177/28
f 1175/1175/28 1720/1847/163 1722/1850/162 1176/1176/28
f 831/831/28 1605/1673/156 1620/1697/157 1125/1125/28
f 843/843/28 844/844/28 1174/1174/28 1167/1167/28
f 842/842/28 843/843/28 1167/1167/28 1160/1160/28
f 841/841/28 842/842/28 1160/1160/28 1153/1153/28
f 840/840/28 841/841/28 1153/1153/28 1146/1146/28
f 839/839/28 840/840/28 1146/1146/28 1139/1139/28
f 838/838/28 839/839/28 1139/1139/28 1132/1132/28
f 1181/1181/28 1188/1188/28 1189/1189/28 1182/1182/28
f 1182/1182/28 1189/1189/28 1190/1190/28 1183/1183/28
f 1183/1183/28 1190/1190/28 1191/1191/28 1184/1184/28
f 1184/1184/28 1191/1191/28 1192/1192/28 1185/1185/28
f 1185/1185/28 1192/1192/28 1193/1193/28 1186/1186/28
f 1186/1186/28 1193/1193/28 1194/1194/28 1187/1187/28
f 1188/1188/28 1195/1195/28 1196/1196/28 1189/1189/28
f 1189/1189/28 1196/1196/28 1197/1197/28 1190/1190/28
f 1190/1190/28 1197/1197/28 1198/1198/28 1191/1191/28
f 1191/1191/28 1198/1198/28 1199/1199/28 1192/1192/28
f 1192/1192/28 1199/1199/28 1200/1200/28 1193/1193/28
f 1193/1193/28 1200/1200/28 1201/1201/28 1194/1194/28
f 1195/1195/28 1202/1202/28 1203/1203/28 1196/1196/28
f 1196/1196/28 1203/1203/28 1204/1204/28 1197/1197/28
f 1197/1197/28 1204/1204/28 1205/1205/28 1198/1198/28
f 1198/1198/28 1205/1205/28 1206/1206/28 1199/1199/28
f 1199/1199/28 1206/1206/28 1207/1207/28 1200/1200/28
f 1200/1200/28 1207/1207/28 1208/1208/28 1201/1201/28
f 1202/1202/28 1209/1209/28 1210/1210/28 1203/1203/28
f 1203/1203/28 1210/1210/28 1211/1211/28 1204/1204/28
f 1204/1204/28 1211/1211/28 1212/1212/28 1205/1205/28
f 1205/1205/28 1212/1212/28 1213/1213/28 1206/1206/28
f 1206/1206/28 1213/1213/28 1214/1214/28 1207/1207/28
f 1207/1207/28 1214/1214/28 1215/1215/28 1208/1208/28
f 1209/1209/28 1216/1216/28 1217/1217/28 1210/1210/28
f 1210/1210/28 1217/1217/28 1218/1218/28 1211/1211/28
f 1211/1211/28 1218/1218/28 1219/1219/28 1212/1212/28
f 1212/1212/28 1219/1219/28 1220/1220/28 1213/1213/28
f 1213/1213/28 1220/1220/28 1221/1221/28 1214/1214/28
f 1214/1214/28 1221/1221/28 1222/1222/28 1215/1215/28
f 1216/1216/28 1223/1223/28 1224/1224/28 1217/1217/28
f 1217/1217/28 1224/1224/28 1225/1225/28 1218/1218/28
f 1218/1218/28 1225/1225/28 1226/1226/28 1219/1219/28
f 1219/1219/28 1226/1226/28 1227/1227/28 1220/1220/28
f 1220/1220/28 1227/1227/28 1228/1228/28 1221/1221/28
f 1221/1221/28 1228/1228/28 1229/1229/28 1222/1222/28
f 741/741/28 845/845/28 1181/1181/28 767/767/28
f 767/767/28 1181/1181/28 1182/1182/28 766/766/28
f 766/766/28 1182/1182/28 1183/1183/28 765/765/28
f 765/765/28 1183/1183/28 1184/1184/28 764/764/28
f 764/764/28 1184/1184/28 1185/1185/28 763/763/28
f 763/763/28 1185/1185/28 1186/1186/28 762/762/28
f 762/762/28 1186/1186/28 1187/1187/28 761/761/28
f 761/761/28 1187/1187/28 852/852/28 745/745/28
f 1187/1187/28 1194/1194/28 853/853/28 852/852/28
f 1194/1194/28 1201/1201/28 854/854/28 853/853/28
f 1201/1201/28 1208/1208/28 855/855/28 854/854/28
f 1208/1208/28 1215/1215/28 856/856/28 855/855/28
f 1215/1215/28 1222/1222/28 857/857/28 856/856/28
f 1222/1222/28 1229/1229/28 858/858/28 857/857/28
f 851/851/28 1617/1692/164 1704/1823/165 1223/1223/28
f 1174/1174/28 1718/1844/147 1720/1847/163 1175/1175/28
f 1228/1228/28 1714/1838/166 1716/1841/167 1229/1229/28
f 1227/1227/28 1712/1835/168 1714/1838/166 1228/1228/28
f 1226/1226/28 1710/1832/169 1712/1835/168 1227/1227/28
f 1225/1225/28 1708/1829/170 1710/1832/169 1226/1226/28
f 1224/1224/28 1706/1826/171 1708/1829/170 1225/1225/28
f 1180/1180/28 1730/1862/159 1617/1692/164 851/851/28
f 850/850/28 851/851/28 1223/1223/28 1216/1216/28
f 849/849/28 850/850/28 1216/1216/28 1209/1209/28
f 848/848/28 849/849/28 1209/1209/28 1202/1202/28
f 847/847/28 848/848/28 1202/1202/28 1195/1195/28
f 846/846/28 847/847/28 1195/1195/28 1188/1188/28
f 845/845/28 846/846/28 1188/1188/28 1181/1181/28
f 1230/1230/28 1237/1237/28 1238/1238/28 1231/1231/28
f 1231/1231/28 1238/1238/28 1239/1239/28 1232/1232/28
f 1232/1232/28 1239/1239/28 1240/1240/28 1233/1233/28
f 1233/1233/28 1240/1240/28 1241/1241/28 1234/1234/28
f 1234/1234/28 1241/1241/28 1242/1242/28 1235/1235/28
f 1235/1235/28 1242/1242/28 1243/1243/28 1236/1236/28
f 1237/1237/28 1244/1244/28 1245/1245/28 1238/1238/28
f 1238/1238/28 1245/1245/28 1246/1246/28 1239/1239/28
f 1239/1239/28 1246/1246/28 1247/1247/28 1240/1240/28
f 1240/1240/28 1247/1247/28 1248/1248/28 1241/1241/28
f 1241/1241/28 1248/1248/28 1249/1249/28 1242/1242/28
f 1242/1242/28 1249/1249/28 1250/1250/28 1243/1243/28
f 1244/1244/28 1251/1251/28 1252/1252/28 1245/1245/28
f 1245/1245/28 1252/1252/28 1253/1253/28 1246/1246/28
f 1246/1246/28 1253/1253/28 1254/1254/28 1247/1247/28
f 1247/1247/28 1254/1254/28 1255/1255/28 1248/1248/28
f 1248/1248/28 1255/1255/28 1256/1256/28 1249/1249/28
f 1249/1249/28 1256/1256/28 1257/1257/28 1250/1250/28
f 1251/1251/28 1258/1258/28 1259/1259/28 1252/1252/28
f 1252/1252/28 1259/1259/28 1260/1260/28 1253/1253/28
f 1253/1253/28 1260/1260/28 1261/1261/28 1254/1254/28
f 1254/1254/28 1261/1261/28 1262/1262/28 1255/1255/28
f 1255/1255/28 1262/1262/28 1263/1263/28 1256/1256/28
f 1256/1256/28 1263/1263/28 1264/1264/28 1257/1257/28
f 1258/1258/28 1265/1265/28 1266/1266/28 1259/1259/28
f 1259/1259/28 1266/1266/28 1267/1267/28 1260/1260/28
f 1260/1260/28 1267/1267/28 1268/1268/28 1261/1261/28
f 1261/1261/28 1268/1268/28 1269/1269/28 1262/1262/28
f 1262/1262/28 1269/1269/28 1270/1270/28 1263/1263/28
f 1263/1263/28 1270/1270/28 1271/1271/28 1264/1264/28
f 1265/1265/28 1272/1272/28 1273/1273/28 1266/1266/28
f 1266/1266/28 1273/1273/28 1274/1274/28 1267/1267/28
f 1267/1267/28 1274/1274/28 1275/1275/28 1268/1268/28
f 1268/1268/28 1275/1275/28 1276/1276/28 1269/1269/28
f 1269/1269/28 1276/1276/28 1277/1277/28 1270/1270/28
f 1270/1270/28 1277/1277/28 1278/1278/28 1271/1271/28
f 745/745/28 852/852/28 1230/1230/28 809/809/28
f 809/809/28 1230/1230/28 1231/1231/28 808/808/28
f 808/808/28 1231/1231/28 1232/1232/28 807/807/28
f 807/807/28 1232/1232/28 1233/1233/28 806/806/28
f 806/806/28 1233/1233/28 1234/1234/28 805/805/28
f 805/805/28 1234/1234/28 1235/1235/28 804/804/28
f 804/804/28 1235/1235/28 1236/1236/28 803/803/28
f 803/803/28 1236/1236/28 859/859/28 739/739/28
f 1236/1236/28 1243/1243/28 860/860/28 859/859/28
f 1243/1243/28 1250/1250/28 861/861/28 860/860/28
f 1250/1250/28 1257/1257/28 862/862/28 861/861/28
f 1257/1257/28 1264/1264/28 863/863/28 862/862/28
f 1264/1264/28 1271/1271/28 864/864/28 863/863/28
f 1271/1271/28 1278/1278/28 865/865/28 864/864/28
f 858/858/28 1615/1689/172 1690/1802/173 1272/1272/28
f 1223/1223/28 1704/1823/165 1706/1826/171 1224/1224/28
f 1277/1277/28 1700/1817/174 1702/1820/175 1278/1278/28
f 1276/1276/28 1698/1814/176 1700/1817/174 1277/1277/28
f 1275/1275/28 1696/1811/177 1698/1814/176 1276/1276/28
f 1274/1274/28 1694/1808/178 1696/1811/177 1275/1275/28
f 1273/1273/28 1692/1805/179 1694/1808/178 1274/1274/28
f 1229/1229/28 1716/1841/167 1615/1689/172 858/858/28
f 857/857/28 858/858/28 1272/1272/28 1265/1265/28
f 856/856/28 857/857/28 1265/1265/28 1258/1258/28
f 855/855/28 856/856/28 1258/1258/28 1251/1251/28
f 854/854/28 855/855/28 1251/1251/28 1244/1244/28
f 853/853/28 854/854/28 1244/1244/28 1237/1237/28
f 852/852/28 853/853/28 1237/1237/28 1230/1230/28
f 1279/1279/28 1286/1286/28 1287/1287/28 1280/1280/28
f 1280/1280/28 1287/1287/28 1288/1288/28 1281/1281/28
f 1281/1281/28 1288/1288/28 1289/1289/28 1282/1282/28
f 1282/1282/28 1289/1289/28 1290/1290/28 1283/1283/28
f 1283/1283/28 1290/1290/28 1291/1291/28 1284/1284/28
f 1284/1284/28 1291/1291/28 1292/1292/28 1285/1285/28
f 1286/1286/28 1293/1293/28 1294/1294/28 1287/1287/28
f 1287/1287/28 1294/1294/28 1295/1295/28 1288/1288/28
f 1288/1288/28 1295/1295/28 1296/1296/28 1289/1289/28
f 1289/1289/28 1296/1296/28 1297/1297/28 1290/1290/28
f 1290/1290/28 1297/1297/28 1298/1298/28 1291/1291/28
f 1291/1291/28 1298/1298/28 1299/1299/28 1292/1292/28
f 1293/1293/28 1300/1300/28 1301/1301/28 1294/1294/28
f 1294/1294/28 1301/1301/28 1302/1302/28 1295/1295/28
f 1295/1295/28 1302/1302/28 1303/1303/28 1296/1296/28
f 1296/1296/28 1303/1303/28 1304/1304/28 1297/1297/28
f 1297/1297/28 1304/1304/28 1305/1305/28 1298/1298/28
f 1298/1298/28 1305/1305/28 1306/1306/28 1299/1299/28
f 1300/1300/28 1307/1307/28 1308/1308/28 1301/1301/28
f 1301/1301/28 1308/1308/28 1309/1309/28 1302/1302/28
f 1302/1302/28 1309/1309/28 1310/1310/28 1303/1303/28
f 1303/1303/28 1310/1310/28 1311/1311/28 1304/1304/28
f 1304/1304/28 1311/1311/28 1312/1312/28 1305/1305/28
f 1305/1305/28 1312/1312/28 1313/1313/28 1306/1306/28
f 1307/1307/28 1314/1314/28 1315/1315/28 1308/1308/28
f 1308/1308/28 1315/1315/28 1316/1316/28 1309/1309/28
f 1309/1309/28 1316/1316/28 1317/1317/28 1310/1310/28
f 1310/1310/28 1317/1317/28 1318/1318/28 1311/1311/28
f 1311/1311/28 1318/1318/28 1319/1319/28 1312/1312/28
f 1312/1312/28 1319/1319/28 1320/1320/28 1313/1313/28
f 1314/1314/28 1321/1321/28 1322/1322/28 1315/1315/28
f 1315/1315/28 1322/1322/28 1323/1323/28 1316/1316/28
f 1316/1316/28 1323/1323/28 1324/1324/28 1317/1317/28
f 1317/1317/28 1324/1324/28 1325/1325/28 1318/1318/28
f 1318/1318/28 1325/1325/28 1326/1326/28 1319/1319/28
f 1319/1319/28 1326/1326/28 1327/1327/28 1320/1320/28
f 739/739/28 859/859/28 1279/1279/28 760/760/28
f 760/760/28 1279/1279/28 1280/1280/28 759/759/28
f 759/759/28 1280/1280/28 1281/1281/28 758/758/28
f 758/758/28 1281/1281/28 1282/1282/28 757/757/28
f 757/757/28 1282/1282/28 1283/1283/28 756/756/28
f 756/756/28 1283/1283/28 1284/1284/28 755/755/28
f 755/755/28 1284/1284/28 1285/1285/28 754/754/28
f 754/754/28 1285/1285/28 866/866/28 742/742/28
f 1285/1285/28 1292/1292/28 867/867/28 866/866/28
f 1292/1292/28 1299/1299/28 868/868/28 867/867/28
f 1299/1299/28 1306/1306/28 869/869/28 868/868/28
f 1306/1306/28 1313/1313/28 870/870/28 869/869/28
f 1313/1313/28 1320/1320/28 871/871/28 870/870/28
f 1320/1320/28 1327/1327/28 872/872/28 871/871/28
f 865/865/28 1613/1686/180 1676/1781/181 1321/1321/28
f 1272/1272/28 1690/1802/173 1692/1805/179 1273/1273/28
f 1326/1326/28 1686/1796/182 1688/1799/183 1327/1327/28
f 1325/1325/28 1684/1793/184 1686/1796/182 1326/1326/28
f 1324/1324/28 1682/1790/185 1684/1793/184 1325/1325/28
f 1323/1323/28 1680/1787/186 1682/1790/185 1324/1324/28
f 1322/1322/28 1678/1784/187 1680/1787/186 1323/1323/28
f 1278/1278/28 1702/1820/175 1613/1686/180 865/865/28
f 864/864/28 865/865/28 1321/1321/28 1314/1314/28
f 863/863/28 864/864/28 1314/1314/28 1307/1307/28
f 862/862/28 863/863/28 1307/1307/28 1300/1300/28
f 861/861/28 862/862/28 1300/1300/28 1293/1293/28
f 860/860/28 861/861/28 1293/1293/28 1286/1286/28
f 859/859/28 860/860/28 1286/1286/28 1279/1279/28
f 1328/1328/28 1335/1335/28 1336/1336/28 1329/1329/28
f 1329/1329/28 1336/1336/28 1337/1337/28 1330/1330/28
f 1330/1330/28 1337/1337/28 1338/1338/28 1331/1331/28
f 1331/1331/28 1338/1338/28 1339/1339/28 1332/1332/28
f 1332/1332/28 1339/1339/28 1340/1340/28 1333/1333/28
f 1333/1333/28 1340/1340/28 1341/1341/28 1334/1334/28
f 1335/1335/28 1342/1342/28 1343/1343/28 1336/1336/28
f 1336/1336/28 1343/1343/28 1344/1344/28 1337/1337/28
f 1337/1337/28 1344/1344/28 1345/1345/28 1338/1338/28
f 1338/1338/28 1345/1345/28 1346/1346/28 1339/1339/28
f 1339/1339/28 1346/1346/28 1347/1347/28 1340/1340/28
f 1340/1340/28 1347/1347/28 1348/1348/28 1341/1341/28
f 1342/1342/28 1349/1349/28 1350/1350/28 1343/1343/28
f 1343/1343/28 1350/1350/28 1351/1351/28 1344/1344/28
f 1344/1344/28 1351/1351/28 1352/1352/28 1345/1345/28
f 1345/1345/28 1352/1352/28 1353/1353/28 1346/1346/28
f 1346/1346/28 1353/1353/28 1354/1354/28 1347/1347/28
f 1347/1347/28 1354/1354/28 1355/1355/28 1348/1348/28
f 1349/1349/28 1356/1356/28 1357/1357/28 1350/1350/28
f 1350/1350/28 1357/1357/28 1358/1358/28 1351/1351/28
f 1351/1351/28 1358/1358/28 1359/1359/28 1352/1352/28
f 1352/1352/28 1359/1359/28 1360/1360/28 1353/1353/28
f 1353/1353/28 1360/1360/28 1361/1361/28 1354/1354/28
f 1354/1354/28 1361/1361/28 1362/1362/28 1355/1355/28
f 1356/1356/28 1363/1363/28 1364/1364/28 1357/1357/28
f 1357/1357/28 1364/1364/28 1365/1365/28 1358/1358/28
f 1358/1358/28 1365/1365/28 1366/1366/28 1359/1359/28
f 1359/1359/28 1366/1366/28 1367/1367/28 1360/1360/28
f 1360/1360/28 1367/1367/28 1368/1368/28 1361/1361/28
f 1361/1361/28 1368/1368/28 1369/1369/28 1362/1362/28
f 1363/1363/28 1370/1370/28 1371/1371/28 1364/1364/28
f 1364/1364/28 1371/1371/28 1372/1372/28 1365/1365/28
f 1365/1365/28 1372/1372/28 1373/1373/28 1366/1366/28
f 1366/1366/28 1373/1373/28 1374/1374/28 1367/1367/28
f 1367/1367/28 1374/1374/28 1375/1375/28 1368/1368/28
f 1368/1368/28 1375/1375/28 1376/1376/28 1369/1369/28
f 742/742/28 866/866/28 1328/1328/28 781/781/28
f 781/781/28 1328/1328/28 1329/1329/28 780/780/28
f 780/780/28 1329/1329/28 1330/1330/28 779/779/28
f 779/779/28 1330/1330/28 1331/1331/28 778/778/28
f 778/778/28 1331/1331/28 1332/1332/28 777/777/28
f 777/777/28 1332/1332/28 1333/1333/28 776/776/28
f 776/776/28 1333/1333/28 1334/1334/28 775/775/28
f 775/775/28 1334/1334/28 873/873/28 738/738/28
f 1334/1334/28 1341/1341/28 874/874/28 873/873/28
f 1341/1341/28 1348/1348/28 875/875/28 874/874/28
f 1348/1348/28 1355/1355/28 876/876/28 875/875/28
f 1355/1355/28 1362/1362/28 877/877/28 876/876/28
f 1362/1362/28 1369/1369/28 878/878/28 877/877/28
f 1369/1369/28 1376/1376/28 879/879/28 878/878/28
f 872/872/28 1611/1682/188 1662/1760/189 1370/1370/28
f 1321/1321/28 1676/1781/181 1678/1784/187 1322/1322/28
f 1375/1375/28 1672/1775/190 1674/1778/191 1376/1376/28
f 1374/1374/28 1670/1772/192 1672/1775/190 1375/1375/28
f 1373/1373/28 1668/1769/193 1670/1772/192 1374/1374/28
f 1372/1372/28 1666/1766/194 1668/1769/193 1373/1373/28
f 1371/1371/28 1664/1763/195 1666/1766/194 1372/1372/28
f 1327/1327/28 1688/1799/183 1611/1682/188 872/872/28
f 871/871/28 872/872/28 1370/1370/28 1363/1363/28
f 870/870/28 871/871/28 1363/1363/28 1356/1356/28
f 869/869/28 870/870/28 1356/1356/28 1349/1349/28
f 868/868/28 869/869/28 1349/1349/28 1342/1342/28
f 867/867/28 868/868/28 1342/1342/28 1335/1335/28
f 866/866/28 867/867/28 1335/1335/28 1328/1328/28
f 1377/1377/28 1384/1384/28 1385/1385/28 1378/1378/28
f 1378/1378/28 1385/1385/28 1386/1386/28 1379/1379/28
f 1379/1379/28 1386/1386/28 1387/1387/28 1380/1380/28
f 1380/1380/28 1387/1387/28 1388/1388/28 1381/1381/28
f 1381/1381/28 1388/1388/28 1389/1389/28 1382/1382/28
f 1382/1382/28 1389/1389/28 1390/1390/28 1383/1383/28
f 1384/1384/28 1391/1391/28 1392/1392/28 1385/1385/28
f 1385/1385/28 1392/1392/28 1393/1393/28 1386/1386/28
f 1386/1386/28 1393/1393/28 1394/1394/28 1387/1387/28
f 1387/1387/28 1394/1394/28 1395/1395/28 1388/1388/28
f 1388/1388/28 1395/1395/28 1396/1396/28 1389/1389/28
f 1389/1389/28 1396/1396/28 1397/1397/28 1390/1390/28
f 1391/1391/28 1398/1398/28 1399/1399/28 1392/1392/28
f 1392/1392/28 1399/1399/28 1400/1400/28 1393/1393/28
f 1393/1393/28 1400/1400/28 1401/1401/28 1394/1394/28
f 1394/1394/28 1401/1401/28 1402/1402/28 1395/1395/28
f 1395/1395/28 1402/1402/28 1403/1403/28 1396/1396/28
f 1396/1396/28 1403/1403/28 1404/1404/28 1397/1397/28
f 1398/1398/28 1405/1405/28 1406/1406/28 1399/1399/28
f 1399/1399/28 1406/1406/28 1407/1407/28 1400/1400/28
f 1400/1400/28 1407/1407/28 1408/1408/28 1401/1401/28
f 1401/1401/28 1408/1408/28 1409/1409/28 1402/1402/28
f 1402/1402/28 1409/1409/28 1410/1410/28 1403/1403/28
f 1403/1403/28 1410/1410/28 1411/1411/28 1404/1404/28
f 1405/1405/28 1412/1412/28 1413/1413/28 1406/1406/28
f 1406/1406/28 1413/1413/28 1414/1414/28 1407/1407/28
f 1407/1407/28 1414/1414/28 1415/1415/28 1408/1408/28
f 1408/1408/28 1415/1415/28 1416/1416/28 1409/1409/28
f 1409/1409/28 1416/1416/28 1417/1417/28 1410/1410/28
f 1410/1410/28 1417/1417/28 1418/1418/28 1411/1411/28
f 1412/1412/28 1419/1419/28 1420/1420/28 1413/1413/28
f 1413/1413/28 1420/1420/28 1421/1421/28 1414/1414/28
f 1414/1414/28 1421/1421/28 1422/1422/28 1415/1415/28
f 1415/1415/28 1422/1422/28 1423/1423/28 1416/1416/28
f 1416/1416/28 1423/1423/28 1424/1424/28 1417/1417/28
f 1417/1417/28 1424/1424/28 1425/1425/28 1418/1418/28
f 738/738/28 873/873/28 1377/1377/28 753/753/28
f 753/753/28 1377/1377/28 1378/1378/28 752/752/28
f 752/752/28 1378/1378/28 1379/1379/28 751/751/28
f 751/751/28 1379/1379/28 1380/1380/28 750/750/28
f 750/750/28 1380/1380/28 1381/1381/28 749/749/28
f 749/749/28 1381/1381/28 1382/1382/28 748/748/28
f 748/748/28 1382/1382/28 1383/1383/28 747/747/28
f 747/747/28 1383/1383/28 880/880/28 744/744/28
f 1383/1383/28 1390/1390/28 881/881/28 880/880/28
f 1390/1390/28 1397/1397/28 882/882/28 881/881/28
f 1397/1397/28 1404/1404/28 883/883/28 882/882/28
f 1404/1404/28 1411/1411/28 884/884/28 883/883/28
f 1411/1411/28 1418/1418/28 885/885/28 884/884/28
f 1418/1418/28 1425/1425/28 886/886/28 885/885/28
f 879/879/28 1609/1679/196 1648/1739/197 1419/1419/28
f 1370/1370/28 1662/1760/189 1664/1763/195 1371/1371/28
f 1424/1424/28 1658/1754/198 1660/1757/199 1425/1425/28
f 1423/1423/28 1656/1751/200 1658/1754/198 1424/1424/28
f 1422/1422/28 1654/1748/201 1656/1751/200 1423/1423/28
f 1421/1421/28 1652/1745/202 1654/1748/201 1422/1422/28
f 1420/1420/28 1650/1742/203 1652/1745/202 1421/1421/28
f 1376/1376/28 1674/1778/191 1609/1679/196 879/879/28
f 878/878/28 879/879/28 1419/1419/28 1412/1412/28
f 877/877/28 878/878/28 1412/1412/28 1405/1405/28
f 876/876/28 877/877/28 1405/1405/28 1398/1398/28
f 875/875/28 876/876/28 1398/1398/28 1391/1391/28
f 874/874/28 875/875/28 1391/1391/28 1384/1384/28
f 873/873/28 874/874/28 1384/1384/28 1377/1377/28
f 1426/1426/28 1433/1433/28 1434/1434/28 1427/1427/28
f 1427/1427/28 1434/1434/28 1435/1435/28 1428/1428/28
f 1428/1428/28 1435/1435/28 1436/1436/28 1429/1429/28
f 1429/1429/28 1436/1436/28 1437/1437/28 1430/1430/28
f 1430/1430/28 1437/1437/28 1438/1438/28 1431/1431/28
f 1431/1431/28 1438/1438/28 1439/1439/28 1432/1432/28
f 1433/1433/28 1440/1440/28 1441/1441/28 1434/1434/28
f 1434/1434/28 1441/1441/28 1442/1442/28 1435/1435/28
f 1435/1435/28 1442/1442/28 1443/1443/28 1436/1436/28
f 1436/1436/28 1443/1443/28 1444/1444/28 1437/1437/28
f 1437/1437/28 1444/1444/28 1445/1445/28 1438/1438/28
f 1438/1438/28 1445/1445/28 1446/1446/28 1439/1439/28
f 1440/1440/28 1447/1447/28 1448/1448/28 1441/1441/28
f 1441/1441/28 1448/1448/28 1449/1449/28 1442/1442/28
f 1442/1442/28 1449/1449/28 1450/1450/28 1443/1443/28
f 1443/1443/28 1450/1450/28 1451/1451/28 1444/1444/28
f 1444/1444/28 1451/1451/28 1452/1452/28 1445/1445/28
f 1445/1445/28 1452/1452/28 1453/1453/28 1446/1446/28
f 1447/1447/28 1454/1454/28 1455/1455/28 1448/1448/28
f 1448/1448/28 1455/1455/28 1456/1456/28 1449/1449/28
f 1449/1449/28 1456/1456/28 1457/1457/28 1450/1450/28
f 1450/1450/28 1457/1457/28 1458/1458/28 1451/1451/28
f 1451/1451/28 1458/1458/28 1459/1459/28 1452/1452/28
f 1452/1452/28 1459/1459/28 1460/1460/28 1453/1453/28
f 1454/1454/28 1461/1461/28 1462/1462/28 1455/1455/28
f 1455/1455/28 1462/1462/28 1463/1463/28 1456/1456/28
f 1456/1456/28 1463/1463/28 1464/1464/28 1457/1457/28
f 1457/1457/28 1464/1464/28 1465/1465/28 1458/1458/28
f 1458/1458/28 1465/1465/28 1466/1466/28 1459/1459/28
f 1459/1459/28 1466/1466/28 1467/1467/28 1460/1460/28
f 1461/1461/28 1468/1468/28 1469/1469/28 1462/1462/28
f 1462/1462/28 1469/1469/28 1470/1470/28 1463/1463/28
f 1463/1463/28 1470/1470/28 1471/1471/28 1464/1464/28
f 1464/1464/28 1471/1471/28 1472/1472/28 1465/1465/28
f 1465/1465/28 1472/1472/28 1473/1473/28 1466/1466/28
f 1466/1466/28 1473/1473/28 1474/1474/28 1467/1467/28
f 744/744/28 880/880/28 1426/1426/28 802/802/28
f 802/802/28 1426/1426/28 1427/1427/28 801/801/28
f 801/801/28 1427/1427/28 1428/1428/28 800/800/28
f 800/800/28 1428/1428/28 1429/1429/28 799/799/28
f 799/799/28 1429/1429/28 1430/1430/28 798/798/28
f 798/798/28 1430/1430/28 1431/1431/28 797/797/28
f 797/797/28 1431/1431/28 1432/1432/28 796/796/28
f 796/796/28 1432/1432/28 837/837/28 740/740/28
f 1432/1432/28 1439/1439/28 836/836/28 837/837/28
f 1439/1439/28 1446/1446/28 835/835/28 836/836/28
f 1446/1446/28 1453/1453/28 834/834/28 835/835/28
f 1453/1453/28 1460/1460/28 833/833/28 834/834/28
f 1460/1460/28 1467/1467/28 832/832/28 833/833/28
f 1467/1467/28 1474/1474/28 831/831/28 832/832/28
f 886/886/28 1607/1676/204 1634/1718/148 1468/1468/28
f 1419/1419/28 1648/1739/197 1650/1742/203 1420/1420/28
f 1473/1473/28 1644/1733/205 1646/1736/155 1474/1474/28
f 1472/1472/28 1642/1730/206 1644/1733/205 1473/1473/28
f 1471/1471/28 1640/1727/207 1642/1730/206 1472/1472/28
f 1470/1470/28 1638/1724/208 1640/1727/207 1471/1471/28
f 1469/1469/28 1636/1721/149 1638/1724/208 1470/1470/28
f 1425/1425/28 1660/1757/199 1607/1676/204 886/886/28
f 885/885/28 886/886/28 1468/1468/28 1461/1461/28
f 884/884/28 885/885/28 1461/1461/28 1454/1454/28
f 883/883/28 884/884/28 1454/1454/28 1447/1447/28
f 882/882/28 883/883/28 1447/1447/28 1440/1440/28
f 881/881/28 882/882/28 1440/1440/28 1433/1433/28
f 880/880/28 881/881/28 1433/1433/28 1426/1426/28
f 737/737/1 94/94/1 1478/1481/134 1517/1540/209
f 388/388/1 389/389/1 1493/1504/210 1491/1501/133
f 389/389/1 390/390/1 1495/1507/211 1493/1504/210
f 390/390/1 391/391/1 1497/1510/212 1495/1507/211
f 391/391/1 392/392/1 1499/1513/213 1497/1510/212
f 392/392/1 393/393/1 1501/1516/214 1499/1513/213
f 393/393/1 394/394/1 1503/1519/215 1501/1516/214
f 394/394/1 107/107/1 1475/1475/216 1503/1519/215
f 688/688/1 149/149/1 1480/1484/116 1531/1561/217
f 731/731/1 732/732/1 1507/1525/218 1505/1522/115
f 732/732/1 733/733/1 1509/1528/219 1507/1525/218
f 733/733/1 734/734/1 1511/1531/220 1509/1528/219
f 734/734/1 735/735/1 1513/1534/221 1511/1531/220
f 735/735/1 736/736/1 1515/1537/222 1513/1534/221
f 736/736/1 737/737/1 1517/1540/209 1515/1537/222
f 1479/1482/145 1506/1523/6 1633/1716/9 1608/1677/146
f 639/639/1 142/142/1 1482/1487/98 1545/1582/223
f 682/682/1 683/683/1 1521/1546/224 1519/1543/97
f 683/683/1 684/684/1 1523/1549/225 1521/1546/224
f 684/684/1 685/685/1 1525/1552/226 1523/1549/225
f 685/685/1 686/686/1 1527/1555/227 1525/1552/226
f 686/686/1 687/687/1 1529/1558/228 1527/1555/227
f 687/687/1 688/688/1 1531/1561/217 1529/1558/228
f 1481/1485/131 1520/1544/135 1647/1737/136 1610/1680/132
f 590/590/1 135/135/1 1484/1491/80 1559/1603/229
f 633/633/1 634/634/1 1535/1567/230 1533/1564/79
f 634/634/1 635/635/1 1537/1570/231 1535/1567/230
f 635/635/1 636/636/1 1539/1573/232 1537/1570/231
f 636/636/1 637/637/1 1541/1576/233 1539/1573/232
f 637/637/1 638/638/1 1543/1579/234 1541/1576/233
f 638/638/1 639/639/1 1545/1582/223 1543/1579/234
f 1483/1489/113 1534/1565/117 1661/1758/118 1612/1684/114
f 541/541/1 128/128/1 1486/1494/62 1573/1624/235
f 584/584/1 585/585/1 1549/1588/236 1547/1585/61
f 585/585/1 586/586/1 1551/1591/237 1549/1588/236
f 586/586/1 587/587/1 1553/1594/238 1551/1591/237
f 587/587/1 588/588/1 1555/1597/239 1553/1594/238
f 588/588/1 589/589/1 1557/1600/240 1555/1597/239
f 589/589/1 590/590/1 1559/1603/229 1557/1600/240
f 1485/1492/95 1548/1586/99 1675/1779/100 1614/1687/96
f 492/492/1 121/121/1 1488/1497/46 1587/1645/241
f 535/535/1 536/536/1 1563/1609/242 1561/1606/45
f 536/536/1 537/537/1 1565/1612/243 1563/1609/242
f 537/537/1 538/538/1 1567/1615/244 1565/1612/243
f 538/538/1 539/539/1 1569/1618/245 1567/1615/244
f 539/539/1 540/540/1 1571/1621/246 1569/1618/245
f 540/540/1 541/541/1 1573/1624/235 1571/1621/246
f 1487/1495/77 1562/1607/81 1689/1800/82 1616/1690/78
f 443/443/1 114/114/1 1490/1500/27 1601/1666/247
f 486/486/1 487/487/1 1577/1630/248 1575/1627/26
f 487/487/1 488/488/1 1579/1633/249 1577/1630/248
f 488/488/1 489/489/1 1581/1636/250 1579/1633/249
f 489/489/1 490/490/1 1583/1639/251 1581/1636/250
f 490/490/1 491/491/1 1585/1642/252 1583/1639/251
f 491/491/1 492/492/1 1587/1645/241 1585/1642/252
f 1489/1498/59 1576/1628/63 1703/1821/64 1618/1693/60
f 107/107/1 437/437/1 1589/1648/253 1475/1475/216
f 437/437/1 438/438/1 1591/1651/254 1589/1648/253
f 438/438/1 439/439/1 1593/1654/255 1591/1651/254
f 439/439/1 440/440/1 1595/1657/256 1593/1654/255
f 440/440/1 441/441/1 1597/1660/257 1595/1657/256
f 441/441/1 442/442/1 1599/1663/258 1597/1660/257
f 442/442/1 443/443/1 1601/1666/247 1599/1663/258
f 1492/1502/43 1494/1505/20 1621/1698/21 1619/1695/44
f 1478/1481/134 1491/1501/133 1492/1503/43 1477/1480/23
f 1491/1501/133 1493/1504/210 1494/1506/20 1492/1503/43
f 1493/1504/210 1495/1507/211 1496/1509/18 1494/1506/20
f 1495/1507/211 1497/1510/212 1498/1512/16 1496/1509/18
f 1497/1510/212 1499/1513/213 1500/1515/14 1498/1512/16
f 1499/1513/213 1501/1516/214 1502/1518/10 1500/1515/14
f 1501/1516/214 1503/1519/215 1504/1520/11 1502/1518/10
f 1503/1519/215 1475/1475/216 1476/1477/2 1504/1520/11
f 1480/1484/116 1505/1522/115 1506/1524/6 1479/1483/145
f 1505/1522/115 1507/1525/218 1508/1527/7 1506/1524/6
f 1507/1525/218 1509/1528/219 1510/1530/143 1508/1527/7
f 1509/1528/219 1511/1531/220 1512/1533/141 1510/1530/143
f 1511/1531/220 1513/1534/221 1514/1536/139 1512/1533/141
f 1513/1534/221 1515/1537/222 1516/1539/137 1514/1536/139
f 1515/1537/222 1517/1540/209 1518/1542/22 1516/1539/137
f 1517/1540/209 1478/1481/134 1477/1480/23 1518/1542/22
f 1482/1487/98 1519/1543/97 1520/1545/135 1481/1486/131
f 1519/1543/97 1521/1546/224 1522/1548/129 1520/1545/135
f 1521/1546/224 1523/1549/225 1524/1551/127 1522/1548/129
f 1523/1549/225 1525/1552/226 1526/1554/125 1524/1551/127
f 1525/1552/226 1527/1555/227 1528/1557/123 1526/1554/125
f 1527/1555/227 1529/1558/228 1530/1560/119 1528/1557/123
f 1529/1558/228 1531/1561/217 1532/1563/120 1530/1560/119
f 1531/1561/217 1480/1484/116 1479/1483/145 1532/1563/120
f 1484/1491/80 1533/1564/79 1534/1566/117 1483/1490/113
f 1533/1564/79 1535/1567/230 1536/1569/111 1534/1566/117
f 1535/1567/230 1537/1570/231 1538/1572/109 1536/1569/111
f 1537/1570/231 1539/1573/232 1540/1575/107 1538/1572/109
f 1539/1573/232 1541/1576/233 1542/1578/105 1540/1575/107
f 1541/1576/233 1543/1579/234 1544/1581/101 1542/1578/105
f 1543/1579/234 1545/1582/223 1546/1584/102 1544/1581/101
f 1545/1582/223 1482/1487/98 1481/1486/131 1546/1584/102
f 1486/1494/62 1547/1585/61 1548/1587/99 1485/1493/95
f 1547/1585/61 1549/1588/236 1550/1590/93 1548/1587/99
f 1549/1588/236 1551/1591/237 1552/1593/91 1550/1590/93
f 1551/1591/237 1553/1594/238 1554/1596/89 1552/1593/91
f 1553/1594/238 1555/1597/239 1556/1599/87 1554/1596/89
f 1555/1597/239 1557/1600/240 1558/1602/83 1556/1599/87
f 1557/1600/240 1559/1603/229 1560/1605/84 1558/1602/83
f 1559/1603/229 1484/1491/80 1483/1490/113 1560/1605/84
f 1488/1497/46 1561/1606/45 1562/1608/81 1487/1496/77
f 1561/1606/45 1563/1609/242 1564/1611/75 1562/1608/81
f 1563/1609/242 1565/1612/243 1566/1614/73 1564/1611/75
f 1565/1612/243 1567/1615/244 1568/1617/71 1566/1614/73
f 1567/1615/244 1569/1618/245 1570/1620/69 1568/1617/71
f 1569/1618/245 1571/1621/246 1572/1623/65 1570/1620/69
f 1571/1621/246 1573/1624/235 1574/1626/66 1572/1623/65
f 1573/1624/235 1486/1494/62 1485/1493/95 1574/1626/66
f 1490/1500/27 1575/1627/26 1576/1629/63 1489/1499/59
f 1575/1627/26 1577/1630/248 1578/1632/57 1576/1629/63
f 1577/1630/248 1579/1633/249 1580/1635/55 1578/1632/57
f 1579/1633/249 1581/1636/250 1582/1638/53 1580/1635/55
f 1581/1636/250 1583/1639/251 1584/1641/51 1582/1638/53
f 1583/1639/251 1585/1642/252 1586/1644/47 1584/1641/51
f 1585/1642/252 1587/1645/241 1588/1647/48 1586/1644/47
f 1587/1645/241 1488/1497/46 1487/1496/77 1588/1647/48
f 1475/1475/216 1589/1648/253 1590/1650/3 1476/1477/2
f 1589/1648/253 1591/1651/254 1592/1653/41 1590/1650/3
f 1591/1651/254 1593/1654/255 1594/1656/39 1592/1653/41
f 1593/1654/255 1595/1657/256 1596/1659/37 1594/1656/39
f 1595/1657/256 1597/1660/257 1598/1662/35 1596/1659/37
f 1597/1660/257 1599/1663/258 1600/1665/31 1598/1662/35
f 1599/1663/258 1601/1666/247 1602/1668/32 1600/1665/31
f 1601/1666/247 1490/1500/27 1489/1499/59 1602/1668/32
f 1606/1675/24 1619/1696/44 1620/1697/157 1605/1673/156
f 1619/1696/44 1621/1699/21 1622/1700/154 1620/1697/157
f 1621/1699/21 1623/1702/19 1624/1703/153 1622/1700/154
f 1623/1702/19 1625/1705/17 1626/1706/152 1624/1703/153
f 1625/1705/17 1627/1708/15 1628/1709/151 1626/1706/152
f 1627/1708/15 1629/1711/13 1630/1712/150 1628/1709/151
f 1629/1711/13 1631/1713/12 1632/1715/29 1630/1712/150
f 1631/1713/12 1603/1670/5 1604/1672/30 1632/1715/29
f 1608/1678/146 1633/1717/9 1634/1718/148 1607/1676/204
f 1633/1717/9 1635/1720/8 1636/1721/149 1634/1718/148
f 1635/1720/8 1637/1723/144 1638/1724/208 1636/1721/149
f 1637/1723/144 1639/1726/142 1640/1727/207 1638/1724/208
f 1639/1726/142 1641/1729/140 1642/1730/206 1640/1727/207
f 1641/1729/140 1643/1732/138 1644/1733/205 1642/1730/206
f 1643/1732/138 1645/1735/25 1646/1736/155 1644/1733/205
f 1645/1735/25 1606/1675/24 1605/1673/156 1646/1736/155
f 1610/1681/132 1647/1738/136 1648/1739/197 1609/1679/196
f 1647/1738/136 1649/1741/130 1650/1742/203 1648/1739/197
f 1649/1741/130 1651/1744/128 1652/1745/202 1650/1742/203
f 1651/1744/128 1653/1747/126 1654/1748/201 1652/1745/202
f 1653/1747/126 1655/1750/124 1656/1751/200 1654/1748/201
f 1655/1750/124 1657/1753/122 1658/1754/198 1656/1751/200
f 1657/1753/122 1659/1756/121 1660/1757/199 1658/1754/198
f 1659/1756/121 1608/1678/146 1607/1676/204 1660/1757/199
f 1612/1685/114 1661/1759/118 1662/1760/189 1611/1682/188
f 1661/1759/118 1663/1762/112 1664/1763/195 1662/1760/189
f 1663/1762/112 1665/1765/110 1666/1766/194 1664/1763/195
f 1665/1765/110 1667/1768/108 1668/1769/193 1666/1766/194
f 1667/1768/108 1669/1771/106 1670/1772/192 1668/1769/193
f 1669/1771/106 1671/1774/104 1672/1775/190 1670/1772/192
f 1671/1774/104 1673/1777/103 1674/1778/191 1672/1775/190
f 1673/1777/103 1610/1681/132 1609/1679/196 1674/1778/191
f 1614/1688/96 1675/1780/100 1676/1781/181 1613/1686/180
f 1675/1780/100 1677/1783/94 1678/1784/187 1676/1781/181
f 1677/1783/94 1679/1786/92 1680/1787/186 1678/1784/187
f 1679/1786/92 1681/1789/90 1682/1790/185 1680/1787/186
f 1681/1789/90 1683/1792/88 1684/1793/184 1682/1790/185
f 1683/1792/88 1685/1795/86 1686/1796/182 1684/1793/184
f 1685/1795/86 1687/1798/85 1688/1799/183 1686/1796/182
f 1687/1798/85 1612/1685/114 1611/1682/188 1688/1799/183
f 1616/1691/78 1689/1801/82 1690/1802/173 1615/1689/172
f 1689/1801/82 1691/1804/76 1692/1805/179 1690/1802/173
f 1691/1804/76 1693/1807/74 1694/1808/178 1692/1805/179
f 1693/1807/74 1695/1810/72 1696/1811/177 1694/1808/178
f 1695/1810/72 1697/1813/70 1698/1814/176 1696/1811/177
f 1697/1813/70 1699/1816/68 1700/1817/174 1698/1814/176
f 1699/1816/68 1701/1819/67 1702/1820/175 1700/1817/174
f 1701/1819/67 1614/1688/96 1613/1686/180 1702/1820/175
f 1618/1694/60 1703/1822/64 1704/1823/165 1617/1692/164
f 1703/1822/64 1705/1825/58 1706/1826/171 1704/1823/165
f 1705/1825/58 1707/1828/56 1708/1829/170 1706/1826/171
f 1707/1828/56 1709/1831/54 1710/1832/169 1708/1829/170
f 1709/1831/54 1711/1834/52 1712/1835/168 1710/1832/169
f 1711/1834/52 1713/1837/50 1714/1838/166 1712/1835/168
f 1713/1837/50 1715/1840/49 1716/1841/167 1714/1838/166
f 1715/1840/49 1616/1691/78 1615/1689/172 1716/1841/167
f 1603/1670/5 1717/1843/4 1718/1844/147 1604/1672/30
f 1717/1843/4 1719/1846/42 1720/1847/163 1718/1844/147
f 1719/1846/42 1721/1849/40 1722/1850/162 1720/1847/163
f 1721/1849/40 1723/1852/38 1724/1853/161 1722/1850/162
f 1723/1852/38 1725/1855/36 1726/1856/160 1724/1853/161
f 1725/1855/36 1727/1858/34 1728/1859/158 1726/1856/160
f 1727/1858/34 1729/1861/33 1730/1862/159 1728/1859/158
f 1729/1861/33 1618/1694/60 1617/1692/164 1730/1862/159
f 1504/1521/11 1476/1478/2 1603/1671/5 1631/1714/12
