# Blender 3.5.0 Alpha
# www.blender.org
mtllib 5_Santim.mtl
o 5_Santim
v -0.000750 0.004702 -0.004702
v -0.000750 -0.004702 -0.004702
v -0.000750 0.004702 0.004702
v -0.000750 -0.004702 0.004702
v -0.000750 0.005213 -0.000000
v -0.000750 -0.005213 -0.000000
v -0.000750 0.000000 -0.005213
v -0.000750 0.000000 0.005213
v -0.000750 0.000000 -0.000000
v -0.000750 0.005204 -0.000703
v -0.000750 0.005175 -0.001398
v -0.000750 0.005128 -0.002074
v -0.000750 0.005062 -0.002722
v -0.000750 0.004979 -0.003332
v -0.000750 0.004883 -0.003889
v -0.000750 0.004783 -0.004369
v -0.000750 -0.000703 -0.005204
v -0.000750 -0.001398 -0.005175
v -0.000750 -0.002074 -0.005128
v -0.000750 -0.002722 -0.005062
v -0.000750 -0.003332 -0.004979
v -0.000750 -0.003889 -0.004883
v -0.000750 -0.004369 -0.004783
v -0.000750 -0.005204 0.000703
v -0.000750 -0.005175 0.001398
v -0.000750 -0.005128 0.002074
v -0.000750 -0.005062 0.002722
v -0.000750 -0.004979 0.003332
v -0.000750 -0.004883 0.003889
v -0.000750 -0.004783 0.004369
v -0.000750 0.000703 0.005204
v -0.000750 0.001398 0.005175
v -0.000750 0.002074 0.005128
v -0.000750 0.002722 0.005062
v -0.000750 0.003332 0.004979
v -0.000750 0.003889 0.004883
v -0.000750 0.004369 0.004783
v -0.000750 0.004783 0.004369
v -0.000750 0.004883 0.003889
v -0.000750 0.004979 0.003332
v -0.000750 0.005062 0.002722
v -0.000750 0.005128 0.002074
v -0.000750 0.005175 0.001398
v -0.000750 0.005204 0.000703
v -0.000750 -0.004783 -0.004369
v -0.000750 -0.004883 -0.003889
v -0.000750 -0.004979 -0.003332
v -0.000750 -0.005062 -0.002722
v -0.000750 -0.005128 -0.002074
v -0.000750 -0.005175 -0.001398
v -0.000750 -0.005204 -0.000703
v -0.000750 0.000625 -0.000000
v -0.000750 0.001253 -0.000000
v -0.000750 0.001886 -0.000000
v -0.000750 0.002527 -0.000000
v -0.000750 0.003177 -0.000000
v -0.000750 0.003840 -0.000000
v -0.000750 0.004518 -0.000000
v -0.000750 0.004369 -0.004783
v -0.000750 0.003889 -0.004883
v -0.000750 0.003332 -0.004979
v -0.000750 0.002722 -0.005062
v -0.000750 0.002074 -0.005128
v -0.000750 0.001398 -0.005175
v -0.000750 0.000703 -0.005204
v -0.000750 -0.004369 0.004783
v -0.000750 -0.003889 0.004883
v -0.000750 -0.003332 0.004979
v -0.000750 -0.002722 0.005062
v -0.000750 -0.002074 0.005128
v -0.000750 -0.001398 0.005175
v -0.000750 -0.000703 0.005204
v -0.000750 -0.004518 -0.000000
v -0.000750 -0.003840 -0.000000
v -0.000750 -0.003177 -0.000000
v -0.000750 -0.002527 -0.000000
v -0.000750 -0.001886 -0.000000
v -0.000750 -0.001253 -0.000000
v -0.000750 -0.000625 -0.000000
v -0.000750 0.000000 -0.004518
v -0.000750 0.000000 -0.003840
v -0.000750 0.000000 -0.003177
v -0.000750 0.000000 -0.002527
v -0.000750 0.000000 -0.001886
v -0.000750 0.000000 -0.001253
v -0.000750 0.000000 -0.000625
v -0.000750 -0.000000 0.000625
v -0.000750 -0.000000 0.001253
v -0.000750 -0.000000 0.001886
v -0.000750 0.000000 0.002527
v -0.000750 0.000000 0.003177
v -0.000750 0.000000 0.003840
v -0.000750 -0.000000 0.004518
v -0.000750 -0.004948 0.004948
v -0.000750 -0.005296 0.005296
v -0.000750 -0.005693 0.005693
v -0.000750 -0.006120 0.006120
v -0.000750 -0.006568 0.006568
v -0.000750 -0.007030 0.007030
v -0.000750 -0.007501 0.007501
v -0.000750 -0.000000 0.010495
v -0.000750 -0.000000 0.009713
v -0.000750 -0.000000 0.008936
v -0.000750 -0.000000 0.008166
v -0.000750 0.000000 0.007407
v -0.000750 0.000000 0.006660
v -0.000750 0.000000 0.005928
v -0.000750 0.007501 0.007501
v -0.000750 0.007030 0.007030
v -0.000750 0.006568 0.006568
v -0.000750 0.006120 0.006120
v -0.000750 0.005693 0.005693
v -0.000750 0.005296 0.005296
v -0.000750 0.004948 0.004948
v -0.000750 0.010495 -0.000000
v -0.000750 0.009713 -0.000000
v -0.000750 0.008936 -0.000000
v -0.000750 0.008166 -0.000000
v -0.000750 0.007407 -0.000000
v -0.000750 0.006660 -0.000000
v -0.000750 0.005928 -0.000000
v -0.000750 0.007501 -0.007501
v -0.000750 0.007030 -0.007030
v -0.000750 0.006568 -0.006568
v -0.000750 0.006120 -0.006120
v -0.000750 0.005693 -0.005693
v -0.000750 0.005296 -0.005296
v -0.000750 0.004948 -0.004948
v -0.000750 0.000000 -0.010495
v -0.000750 0.000000 -0.009713
v -0.000750 0.000000 -0.008936
v -0.000750 0.000000 -0.008166
v -0.000750 0.000000 -0.007407
v -0.000750 0.000000 -0.006660
v -0.000750 0.000000 -0.005928
v -0.000750 -0.007501 -0.007501
v -0.000750 -0.007030 -0.007030
v -0.000750 -0.006568 -0.006568
v -0.000750 -0.006120 -0.006120
v -0.000750 -0.005693 -0.005693
v -0.000750 -0.005296 -0.005296
v -0.000750 -0.004948 -0.004948
v -0.000750 -0.010495 -0.000000
v -0.000750 -0.009713 -0.000000
v -0.000750 -0.008936 -0.000000
v -0.000750 -0.008166 -0.000000
v -0.000750 -0.007407 -0.000000
v -0.000750 -0.006660 -0.000000
v -0.000750 -0.005928 -0.000000
v -0.000750 -0.000626 0.000626
v -0.000750 -0.001253 0.000627
v -0.000750 -0.001886 0.000629
v -0.000750 -0.002526 0.000635
v -0.000750 -0.003175 0.000644
v -0.000750 -0.003836 0.000658
v -0.000750 -0.004512 0.000677
v -0.000750 -0.000627 0.001253
v -0.000750 -0.001255 0.001255
v -0.000750 -0.001887 0.001260
v -0.000750 -0.002525 0.001269
v -0.000750 -0.003171 0.001285
v -0.000750 -0.003826 0.001311
v -0.000750 -0.004494 0.001347
v -0.000750 -0.000629 0.001886
v -0.000750 -0.001260 0.001887
v -0.000750 -0.001892 0.001892
v -0.000750 -0.002527 0.001903
v -0.000750 -0.003166 0.001922
v -0.000750 -0.003811 0.001953
v -0.000750 -0.004465 0.002003
v -0.000750 -0.000635 0.002526
v -0.000750 -0.001269 0.002525
v -0.000750 -0.001903 0.002527
v -0.000750 -0.002534 0.002534
v -0.000750 -0.003164 0.002550
v -0.000750 -0.003794 0.002581
v -0.000750 -0.004426 0.002636
v -0.000750 -0.000644 0.003175
v -0.000750 -0.001285 0.003171
v -0.000750 -0.001922 0.003166
v -0.000750 -0.002550 0.003164
v -0.000750 -0.003168 0.003168
v -0.000750 -0.003777 0.003188
v -0.000750 -0.004380 0.003239
v -0.000750 -0.000658 0.003836
v -0.000750 -0.001311 0.003826
v -0.000750 -0.001953 0.003811
v -0.000750 -0.002581 0.003794
v -0.000750 -0.003188 0.003777
v -0.000750 -0.003774 0.003774
v -0.000750 -0.004338 0.003802
v -0.000750 -0.000677 0.004512
v -0.000750 -0.001347 0.004494
v -0.000750 -0.002003 0.004465
v -0.000750 -0.002636 0.004426
v -0.000750 -0.003239 0.004380
v -0.000750 -0.003802 0.004338
v -0.000750 -0.004317 0.004317
v -0.000750 -0.000677 -0.004512
v -0.000750 -0.001347 -0.004494
v -0.000750 -0.002003 -0.004465
v -0.000750 -0.002636 -0.004426
v -0.000750 -0.003239 -0.004380
v -0.000750 -0.003802 -0.004338
v -0.000750 -0.004317 -0.004317
v -0.000750 -0.000658 -0.003836
v -0.000750 -0.001311 -0.003826
v -0.000750 -0.001953 -0.003811
v -0.000750 -0.002581 -0.003794
v -0.000750 -0.003188 -0.003777
v -0.000750 -0.003774 -0.003774
v -0.000750 -0.004338 -0.003802
v -0.000750 -0.000644 -0.003175
v -0.000750 -0.001285 -0.003171
v -0.000750 -0.001922 -0.003166
v -0.000750 -0.002550 -0.003164
v -0.000750 -0.003168 -0.003168
v -0.000750 -0.003777 -0.003188
v -0.000750 -0.004380 -0.003239
v -0.000750 -0.000635 -0.002526
v -0.000750 -0.001269 -0.002525
v -0.000750 -0.001903 -0.002527
v -0.000750 -0.002534 -0.002534
v -0.000750 -0.003164 -0.002550
v -0.000750 -0.003794 -0.002581
v -0.000750 -0.004426 -0.002636
v -0.000750 -0.000629 -0.001886
v -0.000750 -0.001260 -0.001887
v -0.000750 -0.001892 -0.001892
v -0.000750 -0.002527 -0.001903
v -0.000750 -0.003166 -0.001922
v -0.000750 -0.003811 -0.001953
v -0.000750 -0.004465 -0.002003
v -0.000750 -0.000627 -0.001253
v -0.000750 -0.001255 -0.001255
v -0.000750 -0.001887 -0.001260
v -0.000750 -0.002525 -0.001269
v -0.000750 -0.003171 -0.001285
v -0.000750 -0.003826 -0.001311
v -0.000750 -0.004494 -0.001347
v -0.000750 -0.000626 -0.000626
v -0.000750 -0.001253 -0.000627
v -0.000750 -0.001886 -0.000629
v -0.000750 -0.002526 -0.000635
v -0.000750 -0.003175 -0.000644
v -0.000750 -0.003836 -0.000658
v -0.000750 -0.004512 -0.000677
v -0.000750 0.004317 -0.004317
v -0.000750 0.003802 -0.004338
v -0.000750 0.003239 -0.004380
v -0.000750 0.002636 -0.004426
v -0.000750 0.002003 -0.004465
v -0.000750 0.001347 -0.004494
v -0.000750 0.000677 -0.004512
v -0.000750 0.004338 -0.003802
v -0.000750 0.003774 -0.003774
v -0.000750 0.003188 -0.003777
v -0.000750 0.002581 -0.003794
v -0.000750 0.001953 -0.003811
v -0.000750 0.001311 -0.003826
v -0.000750 0.000658 -0.003836
v -0.000750 0.004380 -0.003239
v -0.000750 0.003777 -0.003188
v -0.000750 0.003168 -0.003168
v -0.000750 0.002550 -0.003164
v -0.000750 0.001922 -0.003166
v -0.000750 0.001285 -0.003171
v -0.000750 0.000644 -0.003175
v -0.000750 0.004426 -0.002636
v -0.000750 0.003794 -0.002581
v -0.000750 0.003164 -0.002550
v -0.000750 0.002534 -0.002534
v -0.000750 0.001903 -0.002527
v -0.000750 0.001269 -0.002525
v -0.000750 0.000635 -0.002526
v -0.000750 0.004465 -0.002003
v -0.000750 0.003811 -0.001953
v -0.000750 0.003166 -0.001922
v -0.000750 0.002527 -0.001903
v -0.000750 0.001892 -0.001892
v -0.000750 0.001260 -0.001887
v -0.000750 0.000629 -0.001886
v -0.000750 0.004494 -0.001347
v -0.000750 0.003826 -0.001311
v -0.000750 0.003171 -0.001285
v -0.000750 0.002525 -0.001269
v -0.000750 0.001887 -0.001260
v -0.000750 0.001255 -0.001255
v -0.000750 0.000627 -0.001253
v -0.000750 0.004512 -0.000677
v -0.000750 0.003836 -0.000658
v -0.000750 0.003175 -0.000644
v -0.000750 0.002526 -0.000635
v -0.000750 0.001886 -0.000629
v -0.000750 0.001253 -0.000627
v -0.000750 0.000626 -0.000626
v -0.000750 0.004512 0.000677
v -0.000750 0.003836 0.000658
v -0.000750 0.003175 0.000644
v -0.000750 0.002526 0.000635
v -0.000750 0.001886 0.000629
v -0.000750 0.001253 0.000627
v -0.000750 0.000626 0.000626
v -0.000750 0.004494 0.001347
v -0.000750 0.003826 0.001311
v -0.000750 0.003171 0.001285
v -0.000750 0.002525 0.001269
v -0.000750 0.001887 0.001260
v -0.000750 0.001255 0.001255
v -0.000750 0.000627 0.001253
v -0.000750 0.004465 0.002003
v -0.000750 0.003811 0.001953
v -0.000750 0.003166 0.001922
v -0.000750 0.002527 0.001903
v -0.000750 0.001892 0.001892
v -0.000750 0.001260 0.001887
v -0.000750 0.000629 0.001886
v -0.000750 0.004426 0.002636
v -0.000750 0.003794 0.002581
v -0.000750 0.003164 0.002550
v -0.000750 0.002534 0.002534
v -0.000750 0.001903 0.002527
v -0.000750 0.001269 0.002525
v -0.000750 0.000635 0.002526
v -0.000750 0.004380 0.003239
v -0.000750 0.003777 0.003188
v -0.000750 0.003168 0.003168
v -0.000750 0.002550 0.003164
v -0.000750 0.001922 0.003166
v -0.000750 0.001285 0.003171
v -0.000750 0.000644 0.003175
v -0.000750 0.004338 0.003802
v -0.000750 0.003774 0.003774
v -0.000750 0.003188 0.003777
v -0.000750 0.002581 0.003794
v -0.000750 0.001953 0.003811
v -0.000750 0.001311 0.003826
v -0.000750 0.000658 0.003836
v -0.000750 0.004317 0.004317
v -0.000750 0.003802 0.004338
v -0.000750 0.003239 0.004380
v -0.000750 0.002636 0.004426
v -0.000750 0.002003 0.004465
v -0.000750 0.001347 0.004494
v -0.000750 0.000677 0.004512
v -0.000750 -0.006739 0.008182
v -0.000750 -0.005907 0.008781
v -0.000750 -0.005015 0.009295
v -0.000750 -0.004073 0.009720
v -0.000750 -0.003090 0.010056
v -0.000750 -0.002077 0.010298
v -0.000750 -0.001043 0.010445
v -0.000750 -0.006327 0.007653
v -0.000750 -0.005554 0.008195
v -0.000750 -0.004721 0.008655
v -0.000750 -0.003837 0.009034
v -0.000750 -0.002913 0.009330
v -0.000750 -0.001959 0.009542
v -0.000750 -0.000984 0.009670
v -0.000750 -0.005925 0.007132
v -0.000750 -0.005210 0.007616
v -0.000750 -0.004435 0.008022
v -0.000750 -0.003609 0.008352
v -0.000750 -0.002742 0.008608
v -0.000750 -0.001845 0.008790
v -0.000750 -0.000927 0.008900
v -0.000750 -0.005537 0.006623
v -0.000750 -0.004880 0.007047
v -0.000750 -0.004161 0.007397
v -0.000750 -0.003390 0.007677
v -0.000750 -0.002579 0.007893
v -0.000750 -0.001736 0.008046
v -0.000750 -0.000873 0.008136
v -0.000750 -0.005169 0.006131
v -0.000750 -0.004569 0.006491
v -0.000750 -0.003905 0.006782
v -0.000750 -0.003186 0.007011
v -0.000750 -0.002426 0.007187
v -0.000750 -0.001635 0.007310
v -0.000750 -0.000823 0.007383
v -0.000750 -0.004836 0.005662
v -0.000750 -0.004290 0.005948
v -0.000750 -0.003674 0.006176
v -0.000750 -0.003003 0.006354
v -0.000750 -0.002289 0.006490
v -0.000750 -0.001543 0.006585
v -0.000750 -0.000777 0.006641
v -0.000750 -0.004555 0.005218
v -0.000750 -0.004056 0.005416
v -0.000750 -0.003480 0.005576
v -0.000750 -0.002846 0.005704
v -0.000750 -0.002170 0.005803
v -0.000750 -0.001464 0.005873
v -0.000750 -0.000737 0.005914
v -0.000750 0.001043 0.010445
v -0.000750 0.002077 0.010298
v -0.000750 0.003090 0.010056
v -0.000750 0.004073 0.009720
v -0.000750 0.005015 0.009295
v -0.000750 0.005907 0.008781
v -0.000750 0.006739 0.008182
v -0.000750 0.000984 0.009670
v -0.000750 0.001959 0.009542
v -0.000750 0.002913 0.009330
v -0.000750 0.003837 0.009034
v -0.000750 0.004721 0.008655
v -0.000750 0.005554 0.008195
v -0.000750 0.006327 0.007653
v -0.000750 0.000927 0.008900
v -0.000750 0.001845 0.008790
v -0.000750 0.002742 0.008608
v -0.000750 0.003609 0.008352
v -0.000750 0.004435 0.008022
v -0.000750 0.005210 0.007616
v -0.000750 0.005925 0.007132
v -0.000750 0.000873 0.008136
v -0.000750 0.001736 0.008046
v -0.000750 0.002579 0.007893
v -0.000750 0.003390 0.007677
v -0.000750 0.004161 0.007397
v -0.000750 0.004880 0.007047
v -0.000750 0.005537 0.006623
v -0.000750 0.000823 0.007383
v -0.000750 0.001635 0.007310
v -0.000750 0.002426 0.007187
v -0.000750 0.003186 0.007011
v -0.000750 0.003905 0.006782
v -0.000750 0.004569 0.006491
v -0.000750 0.005169 0.006131
v -0.000750 0.000777 0.006641
v -0.000750 0.001543 0.006585
v -0.000750 0.002289 0.006490
v -0.000750 0.003003 0.006354
v -0.000750 0.003674 0.006176
v -0.000750 0.004290 0.005948
v -0.000750 0.004836 0.005662
v -0.000750 0.000737 0.005914
v -0.000750 0.001464 0.005873
v -0.000750 0.002170 0.005803
v -0.000750 0.002846 0.005704
v -0.000750 0.003480 0.005576
v -0.000750 0.004056 0.005416
v -0.000750 0.004555 0.005218
v -0.000750 0.008182 0.006739
v -0.000750 0.008781 0.005907
v -0.000750 0.009295 0.005015
v -0.000750 0.009720 0.004073
v -0.000750 0.010056 0.003090
v -0.000750 0.010298 0.002077
v -0.000750 0.010445 0.001043
v -0.000750 0.007653 0.006327
v -0.000750 0.008195 0.005554
v -0.000750 0.008655 0.004721
v -0.000750 0.009034 0.003837
v -0.000750 0.009330 0.002913
v -0.000750 0.009542 0.001959
v -0.000750 0.009670 0.000984
v -0.000750 0.007132 0.005925
v -0.000750 0.007616 0.005210
v -0.000750 0.008022 0.004435
v -0.000750 0.008352 0.003609
v -0.000750 0.008608 0.002742
v -0.000750 0.008790 0.001845
v -0.000750 0.008900 0.000927
v -0.000750 0.006623 0.005537
v -0.000750 0.007047 0.004880
v -0.000750 0.007397 0.004161
v -0.000750 0.007677 0.003390
v -0.000750 0.007893 0.002579
v -0.000750 0.008046 0.001736
v -0.000750 0.008136 0.000873
v -0.000750 0.006131 0.005169
v -0.000750 0.006491 0.004569
v -0.000750 0.006782 0.003905
v -0.000750 0.007011 0.003186
v -0.000750 0.007187 0.002426
v -0.000750 0.007310 0.001635
v -0.000750 0.007383 0.000823
v -0.000750 0.005662 0.004836
v -0.000750 0.005948 0.004290
v -0.000750 0.006176 0.003674
v -0.000750 0.006354 0.003003
v -0.000750 0.006490 0.002289
v -0.000750 0.006585 0.001543
v -0.000750 0.006641 0.000777
v -0.000750 0.005218 0.004555
v -0.000750 0.005416 0.004056
v -0.000750 0.005576 0.003480
v -0.000750 0.005704 0.002846
v -0.000750 0.005803 0.002170
v -0.000750 0.005873 0.001464
v -0.000750 0.005914 0.000737
v -0.000750 0.010445 -0.001043
v -0.000750 0.010298 -0.002077
v -0.000750 0.010056 -0.003090
v -0.000750 0.009720 -0.004073
v -0.000750 0.009295 -0.005015
v -0.000750 0.008781 -0.005907
v -0.000750 0.008182 -0.006739
v -0.000750 0.009670 -0.000984
v -0.000750 0.009542 -0.001959
v -0.000750 0.009330 -0.002913
v -0.000750 0.009034 -0.003837
v -0.000750 0.008655 -0.004721
v -0.000750 0.008195 -0.005554
v -0.000750 0.007653 -0.006327
v -0.000750 0.008900 -0.000927
v -0.000750 0.008790 -0.001845
v -0.000750 0.008608 -0.002742
v -0.000750 0.008352 -0.003609
v -0.000750 0.008022 -0.004435
v -0.000750 0.007616 -0.005210
v -0.000750 0.007132 -0.005925
v -0.000750 0.008136 -0.000873
v -0.000750 0.008046 -0.001736
v -0.000750 0.007893 -0.002579
v -0.000750 0.007677 -0.003390
v -0.000750 0.007397 -0.004161
v -0.000750 0.007047 -0.004880
v -0.000750 0.006623 -0.005537
v -0.000750 0.007383 -0.000823
v -0.000750 0.007310 -0.001635
v -0.000750 0.007187 -0.002426
v -0.000750 0.007011 -0.003186
v -0.000750 0.006782 -0.003905
v -0.000750 0.006491 -0.004569
v -0.000750 0.006131 -0.005169
v -0.000750 0.006641 -0.000777
v -0.000750 0.006585 -0.001543
v -0.000750 0.006490 -0.002289
v -0.000750 0.006354 -0.003003
v -0.000750 0.006176 -0.003674
v -0.000750 0.005948 -0.004290
v -0.000750 0.005662 -0.004836
v -0.000750 0.005914 -0.000737
v -0.000750 0.005873 -0.001464
v -0.000750 0.005803 -0.002170
v -0.000750 0.005704 -0.002846
v -0.000750 0.005576 -0.003480
v -0.000750 0.005416 -0.004056
v -0.000750 0.005218 -0.004555
v -0.000750 0.006739 -0.008182
v -0.000750 0.005907 -0.008781
v -0.000750 0.005015 -0.009295
v -0.000750 0.004073 -0.009720
v -0.000750 0.003090 -0.010056
v -0.000750 0.002077 -0.010298
v -0.000750 0.001043 -0.010445
v -0.000750 0.006327 -0.007653
v -0.000750 0.005554 -0.008195
v -0.000750 0.004721 -0.008655
v -0.000750 0.003837 -0.009034
v -0.000750 0.002913 -0.009330
v -0.000750 0.001959 -0.009542
v -0.000750 0.000984 -0.009670
v -0.000750 0.005925 -0.007132
v -0.000750 0.005210 -0.007616
v -0.000750 0.004435 -0.008022
v -0.000750 0.003609 -0.008352
v -0.000750 0.002742 -0.008608
v -0.000750 0.001845 -0.008790
v -0.000750 0.000927 -0.008900
v -0.000750 0.005537 -0.006623
v -0.000750 0.004880 -0.007047
v -0.000750 0.004161 -0.007397
v -0.000750 0.003390 -0.007677
v -0.000750 0.002579 -0.007893
v -0.000750 0.001736 -0.008046
v -0.000750 0.000873 -0.008136
v -0.000750 0.005169 -0.006131
v -0.000750 0.004569 -0.006491
v -0.000750 0.003905 -0.006782
v -0.000750 0.003186 -0.007011
v -0.000750 0.002426 -0.007187
v -0.000750 0.001635 -0.007310
v -0.000750 0.000823 -0.007383
v -0.000750 0.004836 -0.005662
v -0.000750 0.004290 -0.005948
v -0.000750 0.003674 -0.006176
v -0.000750 0.003003 -0.006354
v -0.000750 0.002289 -0.006490
v -0.000750 0.001543 -0.006585
v -0.000750 0.000777 -0.006641
v -0.000750 0.004555 -0.005218
v -0.000750 0.004056 -0.005416
v -0.000750 0.003480 -0.005576
v -0.000750 0.002846 -0.005704
v -0.000750 0.002170 -0.005803
v -0.000750 0.001464 -0.005873
v -0.000750 0.000737 -0.005914
v -0.000750 -0.001043 -0.010445
v -0.000750 -0.002077 -0.010298
v -0.000750 -0.003090 -0.010056
v -0.000750 -0.004073 -0.009720
v -0.000750 -0.005015 -0.009295
v -0.000750 -0.005907 -0.008781
v -0.000750 -0.006739 -0.008182
v -0.000750 -0.000984 -0.009670
v -0.000750 -0.001959 -0.009542
v -0.000750 -0.002913 -0.009330
v -0.000750 -0.003837 -0.009034
v -0.000750 -0.004721 -0.008655
v -0.000750 -0.005554 -0.008195
v -0.000750 -0.006327 -0.007653
v -0.000750 -0.000927 -0.008900
v -0.000750 -0.001845 -0.008790
v -0.000750 -0.002742 -0.008608
v -0.000750 -0.003609 -0.008352
v -0.000750 -0.004435 -0.008022
v -0.000750 -0.005210 -0.007616
v -0.000750 -0.005925 -0.007132
v -0.000750 -0.000873 -0.008136
v -0.000750 -0.001736 -0.008046
v -0.000750 -0.002579 -0.007893
v -0.000750 -0.003390 -0.007677
v -0.000750 -0.004161 -0.007397
v -0.000750 -0.004880 -0.007047
v -0.000750 -0.005537 -0.006623
v -0.000750 -0.000823 -0.007383
v -0.000750 -0.001635 -0.007310
v -0.000750 -0.002426 -0.007187
v -0.000750 -0.003186 -0.007011
v -0.000750 -0.003905 -0.006782
v -0.000750 -0.004569 -0.006491
v -0.000750 -0.005169 -0.006131
v -0.000750 -0.000777 -0.006641
v -0.000750 -0.001543 -0.006585
v -0.000750 -0.002289 -0.006490
v -0.000750 -0.003003 -0.006354
v -0.000750 -0.003674 -0.006176
v -0.000750 -0.004290 -0.005948
v -0.000750 -0.004836 -0.005662
v -0.000750 -0.000737 -0.005914
v -0.000750 -0.001464 -0.005873
v -0.000750 -0.002170 -0.005803
v -0.000750 -0.002846 -0.005704
v -0.000750 -0.003480 -0.005576
v -0.000750 -0.004056 -0.005416
v -0.000750 -0.004555 -0.005218
v -0.000750 -0.008182 -0.006739
v -0.000750 -0.008781 -0.005907
v -0.000750 -0.009295 -0.005015
v -0.000750 -0.009720 -0.004073
v -0.000750 -0.010056 -0.003090
v -0.000750 -0.010298 -0.002077
v -0.000750 -0.010445 -0.001043
v -0.000750 -0.007653 -0.006327
v -0.000750 -0.008195 -0.005554
v -0.000750 -0.008655 -0.004721
v -0.000750 -0.009034 -0.003837
v -0.000750 -0.009330 -0.002913
v -0.000750 -0.009542 -0.001959
v -0.000750 -0.009670 -0.000984
v -0.000750 -0.007132 -0.005925
v -0.000750 -0.007616 -0.005210
v -0.000750 -0.008022 -0.004435
v -0.000750 -0.008352 -0.003609
v -0.000750 -0.008608 -0.002742
v -0.000750 -0.008790 -0.001845
v -0.000750 -0.008900 -0.000927
v -0.000750 -0.006623 -0.005537
v -0.000750 -0.007047 -0.004880
v -0.000750 -0.007397 -0.004161
v -0.000750 -0.007677 -0.003390
v -0.000750 -0.007893 -0.002579
v -0.000750 -0.008046 -0.001736
v -0.000750 -0.008136 -0.000873
v -0.000750 -0.006131 -0.005169
v -0.000750 -0.006491 -0.004569
v -0.000750 -0.006782 -0.003905
v -0.000750 -0.007011 -0.003186
v -0.000750 -0.007187 -0.002426
v -0.000750 -0.007310 -0.001635
v -0.000750 -0.007383 -0.000823
v -0.000750 -0.005662 -0.004836
v -0.000750 -0.005948 -0.004290
v -0.000750 -0.006176 -0.003674
v -0.000750 -0.006354 -0.003003
v -0.000750 -0.006490 -0.002289
v -0.000750 -0.006585 -0.001543
v -0.000750 -0.006641 -0.000777
v -0.000750 -0.005218 -0.004555
v -0.000750 -0.005416 -0.004056
v -0.000750 -0.005576 -0.003480
v -0.000750 -0.005704 -0.002846
v -0.000750 -0.005803 -0.002170
v -0.000750 -0.005873 -0.001464
v -0.000750 -0.005914 -0.000737
v -0.000750 -0.010445 0.001043
v -0.000750 -0.010298 0.002077
v -0.000750 -0.010056 0.003090
v -0.000750 -0.009720 0.004073
v -0.000750 -0.009295 0.005015
v -0.000750 -0.008781 0.005907
v -0.000750 -0.008182 0.006739
v -0.000750 -0.009670 0.000984
v -0.000750 -0.009542 0.001959
v -0.000750 -0.009330 0.002913
v -0.000750 -0.009034 0.003837
v -0.000750 -0.008655 0.004721
v -0.000750 -0.008195 0.005554
v -0.000750 -0.007653 0.006327
v -0.000750 -0.008900 0.000927
v -0.000750 -0.008790 0.001845
v -0.000750 -0.008608 0.002742
v -0.000750 -0.008352 0.003609
v -0.000750 -0.008022 0.004435
v -0.000750 -0.007616 0.005210
v -0.000750 -0.007132 0.005925
v -0.000750 -0.008136 0.000873
v -0.000750 -0.008046 0.001736
v -0.000750 -0.007893 0.002579
v -0.000750 -0.007677 0.003390
v -0.000750 -0.007397 0.004161
v -0.000750 -0.007047 0.004880
v -0.000750 -0.006623 0.005537
v -0.000750 -0.007383 0.000823
v -0.000750 -0.007310 0.001635
v -0.000750 -0.007187 0.002426
v -0.000750 -0.007011 0.003186
v -0.000750 -0.006782 0.003905
v -0.000750 -0.006491 0.004569
v -0.000750 -0.006131 0.005169
v -0.000750 -0.006641 0.000777
v -0.000750 -0.006585 0.001543
v -0.000750 -0.006490 0.002289
v -0.000750 -0.006354 0.003003
v -0.000750 -0.006176 0.003674
v -0.000750 -0.005948 0.004290
v -0.000750 -0.005662 0.004836
v -0.000750 -0.005914 0.000737
v -0.000750 -0.005873 0.001464
v -0.000750 -0.005803 0.002170
v -0.000750 -0.005704 0.002846
v -0.000750 -0.005576 0.003480
v -0.000750 -0.005416 0.004056
v -0.000750 -0.005218 0.004555
v 0.000750 0.004702 -0.004702
v 0.000750 -0.004702 -0.004702
v 0.000750 0.004702 0.004702
v 0.000750 -0.004702 0.004702
v 0.000750 0.005213 0.000000
v 0.000750 -0.005213 0.000000
v 0.000750 0.000000 -0.005213
v 0.000750 0.000000 0.005213
v 0.000750 0.000000 0.000000
v 0.000750 0.005204 -0.000703
v 0.000750 0.005175 -0.001398
v 0.000750 0.005128 -0.002074
v 0.000750 0.005062 -0.002722
v 0.000750 0.004979 -0.003332
v 0.000750 0.004883 -0.003889
v 0.000750 0.004783 -0.004369
v 0.000750 -0.000703 -0.005204
v 0.000750 -0.001398 -0.005175
v 0.000750 -0.002074 -0.005128
v 0.000750 -0.002722 -0.005062
v 0.000750 -0.003332 -0.004979
v 0.000750 -0.003889 -0.004883
v 0.000750 -0.004369 -0.004783
v 0.000750 -0.005204 0.000703
v 0.000750 -0.005175 0.001398
v 0.000750 -0.005128 0.002074
v 0.000750 -0.005062 0.002722
v 0.000750 -0.004979 0.003332
v 0.000750 -0.004883 0.003889
v 0.000750 -0.004783 0.004369
v 0.000750 0.000703 0.005204
v 0.000750 0.001398 0.005175
v 0.000750 0.002074 0.005128
v 0.000750 0.002722 0.005062
v 0.000750 0.003332 0.004979
v 0.000750 0.003889 0.004883
v 0.000750 0.004369 0.004783
v 0.000750 0.004783 0.004369
v 0.000750 0.004883 0.003889
v 0.000750 0.004979 0.003332
v 0.000750 0.005062 0.002722
v 0.000750 0.005128 0.002074
v 0.000750 0.005175 0.001398
v 0.000750 0.005204 0.000703
v 0.000750 -0.004783 -0.004369
v 0.000750 -0.004883 -0.003889
v 0.000750 -0.004979 -0.003332
v 0.000750 -0.005062 -0.002722
v 0.000750 -0.005128 -0.002074
v 0.000750 -0.005175 -0.001398
v 0.000750 -0.005204 -0.000703
v 0.000750 0.000625 0.000000
v 0.000750 0.001253 0.000000
v 0.000750 0.001886 0.000000
v 0.000750 0.002527 0.000000
v 0.000750 0.003177 0.000000
v 0.000750 0.003840 -0.000000
v 0.000750 0.004518 0.000000
v 0.000750 0.004369 -0.004783
v 0.000750 0.003889 -0.004883
v 0.000750 0.003332 -0.004979
v 0.000750 0.002722 -0.005062
v 0.000750 0.002074 -0.005128
v 0.000750 0.001398 -0.005175
v 0.000750 0.000703 -0.005204
v 0.000750 -0.004369 0.004783
v 0.000750 -0.003889 0.004883
v 0.000750 -0.003332 0.004979
v 0.000750 -0.002722 0.005062
v 0.000750 -0.002074 0.005128
v 0.000750 -0.001398 0.005175
v 0.000750 -0.000703 0.005204
v 0.000750 -0.004518 0.000000
v 0.000750 -0.003840 0.000000
v 0.000750 -0.003177 0.000000
v 0.000750 -0.002527 0.000000
v 0.000750 -0.001886 0.000000
v 0.000750 -0.001253 0.000000
v 0.000750 -0.000625 0.000000
v 0.000750 0.000000 -0.004518
v 0.000750 0.000000 -0.003840
v 0.000750 0.000000 -0.003177
v 0.000750 0.000000 -0.002527
v 0.000750 0.000000 -0.001886
v 0.000750 0.000000 -0.001253
v 0.000750 0.000000 -0.000625
v 0.000750 -0.000000 0.000625
v 0.000750 -0.000000 0.001253
v 0.000750 -0.000000 0.001886
v 0.000750 0.000000 0.002527
v 0.000750 0.000000 0.003177
v 0.000750 0.000000 0.003840
v 0.000750 -0.000000 0.004518
v 0.000750 -0.004948 0.004948
v 0.000750 -0.005296 0.005296
v 0.000750 -0.005693 0.005693
v 0.000750 -0.006120 0.006120
v 0.000750 -0.006568 0.006568
v 0.000750 -0.007030 0.007030
v 0.000750 -0.007501 0.007501
v 0.000750 -0.000000 0.010495
v 0.000750 -0.000000 0.009713
v 0.000750 -0.000000 0.008936
v 0.000750 -0.000000 0.008166
v 0.000750 0.000000 0.007407
v 0.000750 0.000000 0.006660
v 0.000750 0.000000 0.005928
v 0.000750 0.007501 0.007501
v 0.000750 0.007030 0.007030
v 0.000750 0.006568 0.006568
v 0.000750 0.006120 0.006120
v 0.000750 0.005693 0.005693
v 0.000750 0.005296 0.005296
v 0.000750 0.004948 0.004948
v 0.000750 0.010495 0.000000
v 0.000750 0.009713 0.000000
v 0.000750 0.008936 0.000000
v 0.000750 0.008166 0.000000
v 0.000750 0.007407 0.000000
v 0.000750 0.006660 0.000000
v 0.000750 0.005928 0.000000
v 0.000750 0.007501 -0.007501
v 0.000750 0.007030 -0.007030
v 0.000750 0.006568 -0.006568
v 0.000750 0.006120 -0.006120
v 0.000750 0.005693 -0.005693
v 0.000750 0.005296 -0.005296
v 0.000750 0.004948 -0.004948
v 0.000750 0.000000 -0.010495
v 0.000750 0.000000 -0.009713
v 0.000750 0.000000 -0.008936
v 0.000750 0.000000 -0.008166
v 0.000750 0.000000 -0.007407
v 0.000750 0.000000 -0.006660
v 0.000750 0.000000 -0.005928
v 0.000750 -0.007501 -0.007501
v 0.000750 -0.007030 -0.007030
v 0.000750 -0.006568 -0.006568
v 0.000750 -0.006120 -0.006120
v 0.000750 -0.005693 -0.005693
v 0.000750 -0.005296 -0.005296
v 0.000750 -0.004948 -0.004948
v 0.000750 -0.010495 0.000000
v 0.000750 -0.009713 0.000000
v 0.000750 -0.008936 0.000000
v 0.000750 -0.008166 0.000000
v 0.000750 -0.007407 0.000000
v 0.000750 -0.006660 0.000000
v 0.000750 -0.005928 0.000000
v 0.000750 -0.000626 0.000626
v 0.000750 -0.001253 0.000627
v 0.000750 -0.001886 0.000629
v 0.000750 -0.002526 0.000635
v 0.000750 -0.003175 0.000644
v 0.000750 -0.003836 0.000658
v 0.000750 -0.004512 0.000677
v 0.000750 -0.000627 0.001253
v 0.000750 -0.001255 0.001255
v 0.000750 -0.001887 0.001260
v 0.000750 -0.002525 0.001269
v 0.000750 -0.003171 0.001285
v 0.000750 -0.003826 0.001311
v 0.000750 -0.004494 0.001347
v 0.000750 -0.000629 0.001886
v 0.000750 -0.001260 0.001887
v 0.000750 -0.001892 0.001892
v 0.000750 -0.002527 0.001903
v 0.000750 -0.003166 0.001922
v 0.000750 -0.003811 0.001953
v 0.000750 -0.004465 0.002003
v 0.000750 -0.000635 0.002526
v 0.000750 -0.001269 0.002525
v 0.000750 -0.001903 0.002527
v 0.000750 -0.002534 0.002534
v 0.000750 -0.003164 0.002550
v 0.000750 -0.003794 0.002581
v 0.000750 -0.004426 0.002636
v 0.000750 -0.000644 0.003175
v 0.000750 -0.001285 0.003171
v 0.000750 -0.001922 0.003166
v 0.000750 -0.002550 0.003164
v 0.000750 -0.003168 0.003168
v 0.000750 -0.003777 0.003188
v 0.000750 -0.004380 0.003239
v 0.000750 -0.000658 0.003836
v 0.000750 -0.001311 0.003826
v 0.000750 -0.001953 0.003811
v 0.000750 -0.002581 0.003794
v 0.000750 -0.003188 0.003777
v 0.000750 -0.003774 0.003774
v 0.000750 -0.004338 0.003802
v 0.000750 -0.000677 0.004512
v 0.000750 -0.001347 0.004494
v 0.000750 -0.002003 0.004465
v 0.000750 -0.002636 0.004426
v 0.000750 -0.003239 0.004380
v 0.000750 -0.003802 0.004338
v 0.000750 -0.004317 0.004317
v 0.000750 -0.000677 -0.004512
v 0.000750 -0.001347 -0.004494
v 0.000750 -0.002003 -0.004465
v 0.000750 -0.002636 -0.004426
v 0.000750 -0.003239 -0.004380
v 0.000750 -0.003802 -0.004338
v 0.000750 -0.004317 -0.004317
v 0.000750 -0.000658 -0.003836
v 0.000750 -0.001311 -0.003826
v 0.000750 -0.001953 -0.003811
v 0.000750 -0.002581 -0.003794
v 0.000750 -0.003188 -0.003777
v 0.000750 -0.003774 -0.003774
v 0.000750 -0.004338 -0.003802
v 0.000750 -0.000644 -0.003175
v 0.000750 -0.001285 -0.003171
v 0.000750 -0.001922 -0.003166
v 0.000750 -0.002550 -0.003164
v 0.000750 -0.003168 -0.003168
v 0.000750 -0.003777 -0.003188
v 0.000750 -0.004380 -0.003239
v 0.000750 -0.000635 -0.002526
v 0.000750 -0.001269 -0.002525
v 0.000750 -0.001903 -0.002527
v 0.000750 -0.002534 -0.002534
v 0.000750 -0.003164 -0.002550
v 0.000750 -0.003794 -0.002581
v 0.000750 -0.004426 -0.002636
v 0.000750 -0.000629 -0.001886
v 0.000750 -0.001260 -0.001887
v 0.000750 -0.001892 -0.001892
v 0.000750 -0.002527 -0.001903
v 0.000750 -0.003166 -0.001922
v 0.000750 -0.003811 -0.001953
v 0.000750 -0.004465 -0.002003
v 0.000750 -0.000627 -0.001253
v 0.000750 -0.001255 -0.001255
v 0.000750 -0.001887 -0.001260
v 0.000750 -0.002525 -0.001269
v 0.000750 -0.003171 -0.001285
v 0.000750 -0.003826 -0.001311
v 0.000750 -0.004494 -0.001347
v 0.000750 -0.000626 -0.000626
v 0.000750 -0.001253 -0.000627
v 0.000750 -0.001886 -0.000629
v 0.000750 -0.002526 -0.000635
v 0.000750 -0.003175 -0.000644
v 0.000750 -0.003836 -0.000658
v 0.000750 -0.004512 -0.000677
v 0.000750 0.004317 -0.004317
v 0.000750 0.003802 -0.004338
v 0.000750 0.003239 -0.004380
v 0.000750 0.002636 -0.004426
v 0.000750 0.002003 -0.004465
v 0.000750 0.001347 -0.004494
v 0.000750 0.000677 -0.004512
v 0.000750 0.004338 -0.003802
v 0.000750 0.003774 -0.003774
v 0.000750 0.003188 -0.003777
v 0.000750 0.002581 -0.003794
v 0.000750 0.001953 -0.003811
v 0.000750 0.001311 -0.003826
v 0.000750 0.000658 -0.003836
v 0.000750 0.004380 -0.003239
v 0.000750 0.003777 -0.003188
v 0.000750 0.003168 -0.003168
v 0.000750 0.002550 -0.003164
v 0.000750 0.001922 -0.003166
v 0.000750 0.001285 -0.003171
v 0.000750 0.000644 -0.003175
v 0.000750 0.004426 -0.002636
v 0.000750 0.003794 -0.002581
v 0.000750 0.003164 -0.002550
v 0.000750 0.002534 -0.002534
v 0.000750 0.001903 -0.002527
v 0.000750 0.001269 -0.002525
v 0.000750 0.000635 -0.002526
v 0.000750 0.004465 -0.002003
v 0.000750 0.003811 -0.001953
v 0.000750 0.003166 -0.001922
v 0.000750 0.002527 -0.001903
v 0.000750 0.001892 -0.001892
v 0.000750 0.001260 -0.001887
v 0.000750 0.000629 -0.001886
v 0.000750 0.004494 -0.001347
v 0.000750 0.003826 -0.001311
v 0.000750 0.003171 -0.001285
v 0.000750 0.002525 -0.001269
v 0.000750 0.001887 -0.001260
v 0.000750 0.001255 -0.001255
v 0.000750 0.000627 -0.001253
v 0.000750 0.004512 -0.000677
v 0.000750 0.003836 -0.000658
v 0.000750 0.003175 -0.000644
v 0.000750 0.002526 -0.000635
v 0.000750 0.001886 -0.000629
v 0.000750 0.001253 -0.000627
v 0.000750 0.000626 -0.000626
v 0.000750 0.004512 0.000677
v 0.000750 0.003836 0.000658
v 0.000750 0.003175 0.000644
v 0.000750 0.002526 0.000635
v 0.000750 0.001886 0.000629
v 0.000750 0.001253 0.000627
v 0.000750 0.000626 0.000626
v 0.000750 0.004494 0.001347
v 0.000750 0.003826 0.001311
v 0.000750 0.003171 0.001285
v 0.000750 0.002525 0.001269
v 0.000750 0.001887 0.001260
v 0.000750 0.001255 0.001255
v 0.000750 0.000627 0.001253
v 0.000750 0.004465 0.002003
v 0.000750 0.003811 0.001953
v 0.000750 0.003166 0.001922
v 0.000750 0.002527 0.001903
v 0.000750 0.001892 0.001892
v 0.000750 0.001260 0.001887
v 0.000750 0.000629 0.001886
v 0.000750 0.004426 0.002636
v 0.000750 0.003794 0.002581
v 0.000750 0.003164 0.002550
v 0.000750 0.002534 0.002534
v 0.000750 0.001903 0.002527
v 0.000750 0.001269 0.002525
v 0.000750 0.000635 0.002526
v 0.000750 0.004380 0.003239
v 0.000750 0.003777 0.003188
v 0.000750 0.003168 0.003168
v 0.000750 0.002550 0.003164
v 0.000750 0.001922 0.003166
v 0.000750 0.001285 0.003171
v 0.000750 0.000644 0.003175
v 0.000750 0.004338 0.003802
v 0.000750 0.003774 0.003774
v 0.000750 0.003188 0.003777
v 0.000750 0.002581 0.003794
v 0.000750 0.001953 0.003811
v 0.000750 0.001311 0.003826
v 0.000750 0.000658 0.003836
v 0.000750 0.004317 0.004317
v 0.000750 0.003802 0.004338
v 0.000750 0.003239 0.004380
v 0.000750 0.002636 0.004426
v 0.000750 0.002003 0.004465
v 0.000750 0.001347 0.004494
v 0.000750 0.000677 0.004512
v 0.000750 -0.006739 0.008182
v 0.000750 -0.005907 0.008781
v 0.000750 -0.005015 0.009295
v 0.000750 -0.004073 0.009720
v 0.000750 -0.003090 0.010056
v 0.000750 -0.002077 0.010298
v 0.000750 -0.001043 0.010445
v 0.000750 -0.006327 0.007653
v 0.000750 -0.005554 0.008195
v 0.000750 -0.004721 0.008655
v 0.000750 -0.003837 0.009034
v 0.000750 -0.002913 0.009330
v 0.000750 -0.001959 0.009542
v 0.000750 -0.000984 0.009670
v 0.000750 -0.005925 0.007132
v 0.000750 -0.005210 0.007616
v 0.000750 -0.004435 0.008022
v 0.000750 -0.003609 0.008352
v 0.000750 -0.002742 0.008608
v 0.000750 -0.001845 0.008790
v 0.000750 -0.000927 0.008900
v 0.000750 -0.005537 0.006623
v 0.000750 -0.004880 0.007047
v 0.000750 -0.004161 0.007397
v 0.000750 -0.003390 0.007677
v 0.000750 -0.002579 0.007893
v 0.000750 -0.001736 0.008046
v 0.000750 -0.000873 0.008136
v 0.000750 -0.005169 0.006131
v 0.000750 -0.004569 0.006491
v 0.000750 -0.003905 0.006782
v 0.000750 -0.003186 0.007011
v 0.000750 -0.002426 0.007187
v 0.000750 -0.001635 0.007310
v 0.000750 -0.000823 0.007383
v 0.000750 -0.004836 0.005662
v 0.000750 -0.004290 0.005948
v 0.000750 -0.003674 0.006176
v 0.000750 -0.003003 0.006354
v 0.000750 -0.002289 0.006490
v 0.000750 -0.001543 0.006585
v 0.000750 -0.000777 0.006641
v 0.000750 -0.004555 0.005218
v 0.000750 -0.004056 0.005416
v 0.000750 -0.003480 0.005576
v 0.000750 -0.002846 0.005704
v 0.000750 -0.002170 0.005803
v 0.000750 -0.001464 0.005873
v 0.000750 -0.000737 0.005914
v 0.000750 0.001043 0.010445
v 0.000750 0.002077 0.010298
v 0.000750 0.003090 0.010056
v 0.000750 0.004073 0.009720
v 0.000750 0.005015 0.009295
v 0.000750 0.005907 0.008781
v 0.000750 0.006739 0.008182
v 0.000750 0.000984 0.009670
v 0.000750 0.001959 0.009542
v 0.000750 0.002913 0.009330
v 0.000750 0.003837 0.009034
v 0.000750 0.004721 0.008655
v 0.000750 0.005554 0.008195
v 0.000750 0.006327 0.007653
v 0.000750 0.000927 0.008900
v 0.000750 0.001845 0.008790
v 0.000750 0.002742 0.008608
v 0.000750 0.003609 0.008352
v 0.000750 0.004435 0.008022
v 0.000750 0.005210 0.007616
v 0.000750 0.005925 0.007132
v 0.000750 0.000873 0.008136
v 0.000750 0.001736 0.008046
v 0.000750 0.002579 0.007893
v 0.000750 0.003390 0.007677
v 0.000750 0.004161 0.007397
v 0.000750 0.004880 0.007047
v 0.000750 0.005537 0.006623
v 0.000750 0.000823 0.007383
v 0.000750 0.001635 0.007310
v 0.000750 0.002426 0.007187
v 0.000750 0.003186 0.007011
v 0.000750 0.003905 0.006782
v 0.000750 0.004569 0.006491
v 0.000750 0.005169 0.006131
v 0.000750 0.000777 0.006641
v 0.000750 0.001543 0.006585
v 0.000750 0.002289 0.006490
v 0.000750 0.003003 0.006354
v 0.000750 0.003674 0.006176
v 0.000750 0.004290 0.005948
v 0.000750 0.004836 0.005662
v 0.000750 0.000737 0.005914
v 0.000750 0.001464 0.005873
v 0.000750 0.002170 0.005803
v 0.000750 0.002846 0.005704
v 0.000750 0.003480 0.005576
v 0.000750 0.004056 0.005416
v 0.000750 0.004555 0.005218
v 0.000750 0.008182 0.006739
v 0.000750 0.008781 0.005907
v 0.000750 0.009295 0.005015
v 0.000750 0.009720 0.004073
v 0.000750 0.010056 0.003090
v 0.000750 0.010298 0.002077
v 0.000750 0.010445 0.001043
v 0.000750 0.007653 0.006327
v 0.000750 0.008195 0.005554
v 0.000750 0.008655 0.004721
v 0.000750 0.009034 0.003837
v 0.000750 0.009330 0.002913
v 0.000750 0.009542 0.001959
v 0.000750 0.009670 0.000984
v 0.000750 0.007132 0.005925
v 0.000750 0.007616 0.005210
v 0.000750 0.008022 0.004435
v 0.000750 0.008352 0.003609
v 0.000750 0.008608 0.002742
v 0.000750 0.008790 0.001845
v 0.000750 0.008900 0.000927
v 0.000750 0.006623 0.005537
v 0.000750 0.007047 0.004880
v 0.000750 0.007397 0.004161
v 0.000750 0.007677 0.003390
v 0.000750 0.007893 0.002579
v 0.000750 0.008046 0.001736
v 0.000750 0.008136 0.000873
v 0.000750 0.006131 0.005169
v 0.000750 0.006491 0.004569
v 0.000750 0.006782 0.003905
v 0.000750 0.007011 0.003186
v 0.000750 0.007187 0.002426
v 0.000750 0.007310 0.001635
v 0.000750 0.007383 0.000823
v 0.000750 0.005662 0.004836
v 0.000750 0.005948 0.004290
v 0.000750 0.006176 0.003674
v 0.000750 0.006354 0.003003
v 0.000750 0.006490 0.002289
v 0.000750 0.006585 0.001543
v 0.000750 0.006641 0.000777
v 0.000750 0.005218 0.004555
v 0.000750 0.005416 0.004056
v 0.000750 0.005576 0.003480
v 0.000750 0.005704 0.002846
v 0.000750 0.005803 0.002170
v 0.000750 0.005873 0.001464
v 0.000750 0.005914 0.000737
v 0.000750 0.010445 -0.001043
v 0.000750 0.010298 -0.002077
v 0.000750 0.010056 -0.003090
v 0.000750 0.009720 -0.004073
v 0.000750 0.009295 -0.005015
v 0.000750 0.008781 -0.005907
v 0.000750 0.008182 -0.006739
v 0.000750 0.009670 -0.000984
v 0.000750 0.009542 -0.001959
v 0.000750 0.009330 -0.002913
v 0.000750 0.009034 -0.003837
v 0.000750 0.008655 -0.004721
v 0.000750 0.008195 -0.005554
v 0.000750 0.007653 -0.006327
v 0.000750 0.008900 -0.000927
v 0.000750 0.008790 -0.001845
v 0.000750 0.008608 -0.002742
v 0.000750 0.008352 -0.003609
v 0.000750 0.008022 -0.004435
v 0.000750 0.007616 -0.005210
v 0.000750 0.007132 -0.005925
v 0.000750 0.008136 -0.000873
v 0.000750 0.008046 -0.001736
v 0.000750 0.007893 -0.002579
v 0.000750 0.007677 -0.003390
v 0.000750 0.007397 -0.004161
v 0.000750 0.007047 -0.004880
v 0.000750 0.006623 -0.005537
v 0.000750 0.007383 -0.000823
v 0.000750 0.007310 -0.001635
v 0.000750 0.007187 -0.002426
v 0.000750 0.007011 -0.003186
v 0.000750 0.006782 -0.003905
v 0.000750 0.006491 -0.004569
v 0.000750 0.006131 -0.005169
v 0.000750 0.006641 -0.000777
v 0.000750 0.006585 -0.001543
v 0.000750 0.006490 -0.002289
v 0.000750 0.006354 -0.003003
v 0.000750 0.006176 -0.003674
v 0.000750 0.005948 -0.004290
v 0.000750 0.005662 -0.004836
v 0.000750 0.005914 -0.000737
v 0.000750 0.005873 -0.001464
v 0.000750 0.005803 -0.002170
v 0.000750 0.005704 -0.002846
v 0.000750 0.005576 -0.003480
v 0.000750 0.005416 -0.004056
v 0.000750 0.005218 -0.004555
v 0.000750 0.006739 -0.008182
v 0.000750 0.005907 -0.008781
v 0.000750 0.005015 -0.009295
v 0.000750 0.004073 -0.009720
v 0.000750 0.003090 -0.010056
v 0.000750 0.002077 -0.010298
v 0.000750 0.001043 -0.010445
v 0.000750 0.006327 -0.007653
v 0.000750 0.005554 -0.008195
v 0.000750 0.004721 -0.008655
v 0.000750 0.003837 -0.009034
v 0.000750 0.002913 -0.009330
v 0.000750 0.001959 -0.009542
v 0.000750 0.000984 -0.009670
v 0.000750 0.005925 -0.007132
v 0.000750 0.005210 -0.007616
v 0.000750 0.004435 -0.008022
v 0.000750 0.003609 -0.008352
v 0.000750 0.002742 -0.008608
v 0.000750 0.001845 -0.008790
v 0.000750 0.000927 -0.008900
v 0.000750 0.005537 -0.006623
v 0.000750 0.004880 -0.007047
v 0.000750 0.004161 -0.007397
v 0.000750 0.003390 -0.007677
v 0.000750 0.002579 -0.007893
v 0.000750 0.001736 -0.008046
v 0.000750 0.000873 -0.008136
v 0.000750 0.005169 -0.006131
v 0.000750 0.004569 -0.006491
v 0.000750 0.003905 -0.006782
v 0.000750 0.003186 -0.007011
v 0.000750 0.002426 -0.007187
v 0.000750 0.001635 -0.007310
v 0.000750 0.000823 -0.007383
v 0.000750 0.004836 -0.005662
v 0.000750 0.004290 -0.005948
v 0.000750 0.003674 -0.006176
v 0.000750 0.003003 -0.006354
v 0.000750 0.002289 -0.006490
v 0.000750 0.001543 -0.006585
v 0.000750 0.000777 -0.006641
v 0.000750 0.004555 -0.005218
v 0.000750 0.004056 -0.005416
v 0.000750 0.003480 -0.005576
v 0.000750 0.002846 -0.005704
v 0.000750 0.002170 -0.005803
v 0.000750 0.001464 -0.005873
v 0.000750 0.000737 -0.005914
v 0.000750 -0.001043 -0.010445
v 0.000750 -0.002077 -0.010298
v 0.000750 -0.003090 -0.010056
v 0.000750 -0.004073 -0.009720
v 0.000750 -0.005015 -0.009295
v 0.000750 -0.005907 -0.008781
v 0.000750 -0.006739 -0.008182
v 0.000750 -0.000984 -0.009670
v 0.000750 -0.001959 -0.009542
v 0.000750 -0.002913 -0.009330
v 0.000750 -0.003837 -0.009034
v 0.000750 -0.004721 -0.008655
v 0.000750 -0.005554 -0.008195
v 0.000750 -0.006327 -0.007653
v 0.000750 -0.000927 -0.008900
v 0.000750 -0.001845 -0.008790
v 0.000750 -0.002742 -0.008608
v 0.000750 -0.003609 -0.008352
v 0.000750 -0.004435 -0.008022
v 0.000750 -0.005210 -0.007616
v 0.000750 -0.005925 -0.007132
v 0.000750 -0.000873 -0.008136
v 0.000750 -0.001736 -0.008046
v 0.000750 -0.002579 -0.007893
v 0.000750 -0.003390 -0.007677
v 0.000750 -0.004161 -0.007397
v 0.000750 -0.004880 -0.007047
v 0.000750 -0.005537 -0.006623
v 0.000750 -0.000823 -0.007383
v 0.000750 -0.001635 -0.007310
v 0.000750 -0.002426 -0.007187
v 0.000750 -0.003186 -0.007011
v 0.000750 -0.003905 -0.006782
v 0.000750 -0.004569 -0.006491
v 0.000750 -0.005169 -0.006131
v 0.000750 -0.000777 -0.006641
v 0.000750 -0.001543 -0.006585
v 0.000750 -0.002289 -0.006490
v 0.000750 -0.003003 -0.006354
v 0.000750 -0.003674 -0.006176
v 0.000750 -0.004290 -0.005948
v 0.000750 -0.004836 -0.005662
v 0.000750 -0.000737 -0.005914
v 0.000750 -0.001464 -0.005873
v 0.000750 -0.002170 -0.005803
v 0.000750 -0.002846 -0.005704
v 0.000750 -0.003480 -0.005576
v 0.000750 -0.004056 -0.005416
v 0.000750 -0.004555 -0.005218
v 0.000750 -0.008182 -0.006739
v 0.000750 -0.008781 -0.005907
v 0.000750 -0.009295 -0.005015
v 0.000750 -0.009720 -0.004073
v 0.000750 -0.010056 -0.003090
v 0.000750 -0.010298 -0.002077
v 0.000750 -0.010445 -0.001043
v 0.000750 -0.007653 -0.006327
v 0.000750 -0.008195 -0.005554
v 0.000750 -0.008655 -0.004721
v 0.000750 -0.009034 -0.003837
v 0.000750 -0.009330 -0.002913
v 0.000750 -0.009542 -0.001959
v 0.000750 -0.009670 -0.000984
v 0.000750 -0.007132 -0.005925
v 0.000750 -0.007616 -0.005210
v 0.000750 -0.008022 -0.004435
v 0.000750 -0.008352 -0.003609
v 0.000750 -0.008608 -0.002742
v 0.000750 -0.008790 -0.001845
v 0.000750 -0.008900 -0.000927
v 0.000750 -0.006623 -0.005537
v 0.000750 -0.007047 -0.004880
v 0.000750 -0.007397 -0.004161
v 0.000750 -0.007677 -0.003390
v 0.000750 -0.007893 -0.002579
v 0.000750 -0.008046 -0.001736
v 0.000750 -0.008136 -0.000873
v 0.000750 -0.006131 -0.005169
v 0.000750 -0.006491 -0.004569
v 0.000750 -0.006782 -0.003905
v 0.000750 -0.007011 -0.003186
v 0.000750 -0.007187 -0.002426
v 0.000750 -0.007310 -0.001635
v 0.000750 -0.007383 -0.000823
v 0.000750 -0.005662 -0.004836
v 0.000750 -0.005948 -0.004290
v 0.000750 -0.006176 -0.003674
v 0.000750 -0.006354 -0.003003
v 0.000750 -0.006490 -0.002289
v 0.000750 -0.006585 -0.001543
v 0.000750 -0.006641 -0.000777
v 0.000750 -0.005218 -0.004555
v 0.000750 -0.005416 -0.004056
v 0.000750 -0.005576 -0.003480
v 0.000750 -0.005704 -0.002846
v 0.000750 -0.005803 -0.002170
v 0.000750 -0.005873 -0.001464
v 0.000750 -0.005914 -0.000737
v 0.000750 -0.010445 0.001043
v 0.000750 -0.010298 0.002077
v 0.000750 -0.010056 0.003090
v 0.000750 -0.009720 0.004073
v 0.000750 -0.009295 0.005015
v 0.000750 -0.008781 0.005907
v 0.000750 -0.008182 0.006739
v 0.000750 -0.009670 0.000984
v 0.000750 -0.009542 0.001959
v 0.000750 -0.009330 0.002913
v 0.000750 -0.009034 0.003837
v 0.000750 -0.008655 0.004721
v 0.000750 -0.008195 0.005554
v 0.000750 -0.007653 0.006327
v 0.000750 -0.008900 0.000927
v 0.000750 -0.008790 0.001845
v 0.000750 -0.008608 0.002742
v 0.000750 -0.008352 0.003609
v 0.000750 -0.008022 0.004435
v 0.000750 -0.007616 0.005210
v 0.000750 -0.007132 0.005925
v 0.000750 -0.008136 0.000873
v 0.000750 -0.008046 0.001736
v 0.000750 -0.007893 0.002579
v 0.000750 -0.007677 0.003390
v 0.000750 -0.007397 0.004161
v 0.000750 -0.007047 0.004880
v 0.000750 -0.006623 0.005537
v 0.000750 -0.007383 0.000823
v 0.000750 -0.007310 0.001635
v 0.000750 -0.007187 0.002426
v 0.000750 -0.007011 0.003186
v 0.000750 -0.006782 0.003905
v 0.000750 -0.006491 0.004569
v 0.000750 -0.006131 0.005169
v 0.000750 -0.006641 0.000777
v 0.000750 -0.006585 0.001543
v 0.000750 -0.006490 0.002289
v 0.000750 -0.006354 0.003003
v 0.000750 -0.006176 0.003674
v 0.000750 -0.005948 0.004290
v 0.000750 -0.005662 0.004836
v 0.000750 -0.005914 0.000737
v 0.000750 -0.005873 0.001464
v 0.000750 -0.005803 0.002170
v 0.000750 -0.005704 0.002846
v 0.000750 -0.005576 0.003480
v 0.000750 -0.005416 0.004056
v 0.000750 -0.005218 0.004555
v -0.000750 -0.000000 0.011027
v -0.000563 0.000000 0.011280
v -0.000563 0.007976 0.007976
v -0.000750 0.007801 0.007801
v -0.000562 0.011280 -0.000000
v -0.000750 0.011027 -0.000000
v -0.000562 0.007976 -0.007976
v -0.000750 0.007801 -0.007801
v -0.000562 0.000000 -0.011280
v -0.000750 0.000000 -0.011027
v -0.000562 -0.007976 -0.007976
v -0.000750 -0.007801 -0.007801
v -0.000562 -0.011280 -0.000000
v -0.000750 -0.011027 -0.000000
v -0.000563 -0.007976 0.007976
v -0.000750 -0.007801 0.007801
v -0.000750 0.007003 0.008520
v -0.000563 0.007156 0.008716
v -0.000750 0.006136 0.009158
v -0.000563 0.006265 0.009371
v -0.000750 0.005208 0.009710
v -0.000563 0.005314 0.009937
v -0.000750 0.004229 0.010172
v -0.000563 0.004312 0.010409
v -0.000750 0.003209 0.010539
v -0.000563 0.003269 0.010784
v -0.000750 0.002157 0.010807
v -0.000563 0.002196 0.011056
v -0.000750 0.001084 0.010971
v -0.000563 0.001103 0.011223
v -0.000750 0.010971 0.001084
v -0.000563 0.011223 0.001103
v -0.000750 0.010807 0.002157
v -0.000563 0.011056 0.002196
v -0.000750 0.010539 0.003209
v -0.000563 0.010784 0.003269
v -0.000750 0.010172 0.004229
v -0.000563 0.010409 0.004312
v -0.000750 0.009710 0.005208
v -0.000563 0.009937 0.005314
v -0.000750 0.009158 0.006136
v -0.000563 0.009371 0.006265
v -0.000750 0.008520 0.007003
v -0.000563 0.008716 0.007156
v -0.000750 0.008520 -0.007003
v -0.000562 0.008716 -0.007156
v -0.000750 0.009158 -0.006136
v -0.000562 0.009371 -0.006265
v -0.000750 0.009710 -0.005208
v -0.000562 0.009937 -0.005314
v -0.000750 0.010172 -0.004229
v -0.000562 0.010409 -0.004312
v -0.000750 0.010539 -0.003209
v -0.000562 0.010784 -0.003269
v -0.000750 0.010807 -0.002157
v -0.000562 0.011056 -0.002196
v -0.000750 0.010971 -0.001084
v -0.000562 0.011223 -0.001103
v -0.000750 0.001084 -0.010971
v -0.000562 0.001103 -0.011223
v -0.000750 0.002157 -0.010807
v -0.000562 0.002196 -0.011056
v -0.000750 0.003209 -0.010539
v -0.000562 0.003269 -0.010784
v -0.000750 0.004229 -0.010172
v -0.000562 0.004312 -0.010409
v -0.000750 0.005208 -0.009710
v -0.000562 0.005314 -0.009937
v -0.000750 0.006136 -0.009158
v -0.000562 0.006265 -0.009371
v -0.000750 0.007003 -0.008520
v -0.000562 0.007156 -0.008716
v -0.000750 -0.007003 -0.008520
v -0.000562 -0.007156 -0.008716
v -0.000750 -0.006136 -0.009158
v -0.000562 -0.006265 -0.009371
v -0.000750 -0.005208 -0.009710
v -0.000562 -0.005314 -0.009937
v -0.000750 -0.004229 -0.010172
v -0.000562 -0.004312 -0.010409
v -0.000750 -0.003209 -0.010539
v -0.000562 -0.003269 -0.010784
v -0.000750 -0.002157 -0.010807
v -0.000562 -0.002196 -0.011056
v -0.000750 -0.001084 -0.010971
v -0.000562 -0.001103 -0.011223
v -0.000750 -0.010971 -0.001084
v -0.000562 -0.011223 -0.001103
v -0.000750 -0.010807 -0.002157
v -0.000562 -0.011056 -0.002196
v -0.000750 -0.010539 -0.003209
v -0.000562 -0.010784 -0.003269
v -0.000750 -0.010172 -0.004229
v -0.000562 -0.010409 -0.004312
v -0.000750 -0.009710 -0.005208
v -0.000562 -0.009937 -0.005314
v -0.000750 -0.009158 -0.006136
v -0.000562 -0.009371 -0.006265
v -0.000750 -0.008520 -0.007003
v -0.000562 -0.008716 -0.007156
v -0.000750 -0.008520 0.007003
v -0.000563 -0.008716 0.007156
v -0.000750 -0.009158 0.006136
v -0.000563 -0.009371 0.006265
v -0.000750 -0.009710 0.005208
v -0.000563 -0.009937 0.005314
v -0.000750 -0.010172 0.004229
v -0.000563 -0.010409 0.004312
v -0.000750 -0.010539 0.003209
v -0.000563 -0.010784 0.003269
v -0.000750 -0.010807 0.002157
v -0.000563 -0.011056 0.002196
v -0.000750 -0.010971 0.001084
v -0.000563 -0.011223 0.001103
v -0.000750 -0.001084 0.010971
v -0.000563 -0.001103 0.011223
v -0.000750 -0.002157 0.010807
v -0.000563 -0.002196 0.011056
v -0.000750 -0.003209 0.010539
v -0.000563 -0.003269 0.010784
v -0.000750 -0.004229 0.010172
v -0.000563 -0.004312 0.010409
v -0.000750 -0.005208 0.009710
v -0.000563 -0.005314 0.009937
v -0.000750 -0.006136 0.009158
v -0.000563 -0.006265 0.009371
v -0.000750 -0.007003 0.008520
v -0.000563 -0.007156 0.008716
v 0.000562 0.000000 0.011280
v 0.000750 -0.000000 0.011027
v 0.000750 0.007801 0.007801
v 0.000562 0.007976 0.007976
v 0.000750 0.011027 0.000000
v 0.000562 0.011280 0.000000
v 0.000750 0.007801 -0.007801
v 0.000563 0.007976 -0.007976
v 0.000750 0.000000 -0.011027
v 0.000563 0.000000 -0.011280
v 0.000750 -0.007801 -0.007801
v 0.000563 -0.007976 -0.007976
v 0.000750 -0.011027 0.000000
v 0.000562 -0.011280 0.000000
v 0.000750 -0.007801 0.007801
v 0.000562 -0.007976 0.007976
v 0.000562 0.007156 0.008716
v 0.000750 0.007003 0.008520
v 0.000562 0.006265 0.009371
v 0.000750 0.006136 0.009158
v 0.000562 0.005314 0.009937
v 0.000750 0.005208 0.009710
v 0.000562 0.004312 0.010409
v 0.000750 0.004229 0.010172
v 0.000562 0.003269 0.010784
v 0.000750 0.003209 0.010539
v 0.000562 0.002196 0.011056
v 0.000750 0.002157 0.010807
v 0.000562 0.001103 0.011223
v 0.000750 0.001084 0.010971
v 0.000562 0.011223 0.001103
v 0.000750 0.010971 0.001084
v 0.000562 0.011056 0.002196
v 0.000750 0.010807 0.002157
v 0.000562 0.010784 0.003269
v 0.000750 0.010539 0.003209
v 0.000562 0.010409 0.004312
v 0.000750 0.010172 0.004229
v 0.000562 0.009937 0.005314
v 0.000750 0.009710 0.005208
v 0.000562 0.009371 0.006265
v 0.000750 0.009158 0.006136
v 0.000562 0.008716 0.007156
v 0.000750 0.008520 0.007003
v 0.000563 0.008716 -0.007156
v 0.000750 0.008520 -0.007003
v 0.000563 0.009371 -0.006265
v 0.000750 0.009158 -0.006136
v 0.000563 0.009937 -0.005314
v 0.000750 0.009710 -0.005208
v 0.000563 0.010409 -0.004312
v 0.000750 0.010172 -0.004229
v 0.000563 0.010784 -0.003269
v 0.000750 0.010539 -0.003209
v 0.000563 0.011056 -0.002196
v 0.000750 0.010807 -0.002157
v 0.000563 0.011223 -0.001103
v 0.000750 0.010971 -0.001084
v 0.000563 0.001103 -0.011223
v 0.000750 0.001084 -0.010971
v 0.000563 0.002196 -0.011056
v 0.000750 0.002157 -0.010807
v 0.000563 0.003269 -0.010784
v 0.000750 0.003209 -0.010539
v 0.000563 0.004312 -0.010409
v 0.000750 0.004229 -0.010172
v 0.000563 0.005314 -0.009937
v 0.000750 0.005208 -0.009710
v 0.000563 0.006265 -0.009371
v 0.000750 0.006136 -0.009158
v 0.000563 0.007156 -0.008716
v 0.000750 0.007003 -0.008520
v 0.000563 -0.007156 -0.008716
v 0.000750 -0.007003 -0.008520
v 0.000563 -0.006265 -0.009371
v 0.000750 -0.006136 -0.009158
v 0.000563 -0.005314 -0.009937
v 0.000750 -0.005208 -0.009710
v 0.000563 -0.004312 -0.010409
v 0.000750 -0.004229 -0.010172
v 0.000563 -0.003269 -0.010784
v 0.000750 -0.003209 -0.010539
v 0.000563 -0.002196 -0.011056
v 0.000750 -0.002157 -0.010807
v 0.000563 -0.001103 -0.011223
v 0.000750 -0.001084 -0.010971
v 0.000563 -0.011223 -0.001103
v 0.000750 -0.010971 -0.001084
v 0.000563 -0.011056 -0.002196
v 0.000750 -0.010807 -0.002157
v 0.000563 -0.010784 -0.003269
v 0.000750 -0.010539 -0.003209
v 0.000563 -0.010409 -0.004312
v 0.000750 -0.010172 -0.004229
v 0.000563 -0.009937 -0.005314
v 0.000750 -0.009710 -0.005208
v 0.000563 -0.009371 -0.006265
v 0.000750 -0.009158 -0.006136
v 0.000563 -0.008716 -0.007156
v 0.000750 -0.008520 -0.007003
v 0.000562 -0.008716 0.007156
v 0.000750 -0.008520 0.007003
v 0.000562 -0.009371 0.006265
v 0.000750 -0.009158 0.006136
v 0.000562 -0.009937 0.005314
v 0.000750 -0.009710 0.005208
v 0.000562 -0.010409 0.004312
v 0.000750 -0.010172 0.004229
v 0.000562 -0.010784 0.003269
v 0.000750 -0.010539 0.003209
v 0.000562 -0.011056 0.002196
v 0.000750 -0.010807 0.002157
v 0.000562 -0.011223 0.001103
v 0.000750 -0.010971 0.001084
v 0.000562 -0.001103 0.011223
v 0.000750 -0.001084 0.010971
v 0.000562 -0.002196 0.011056
v 0.000750 -0.002157 0.010807
v 0.000562 -0.003269 0.010784
v 0.000750 -0.003209 0.010539
v 0.000562 -0.004312 0.010409
v 0.000750 -0.004229 0.010172
v 0.000562 -0.005314 0.009937
v 0.000750 -0.005208 0.009710
v 0.000562 -0.006265 0.009371
v 0.000750 -0.006136 0.009158
v 0.000562 -0.007156 0.008716
v 0.000750 -0.007003 0.008520
vn -1.0000 -0.0000 -0.0000
vn -0.9450 -0.2533 0.2068
vn -0.9449 -0.2315 0.2315
vn 0.9464 -0.0000 0.3229
vn 1.0000 -0.0000 -0.0000
vn 0.9464 0.0329 0.3212
vn -0.4406 -0.4957 0.7485
vn -0.4400 -0.5674 0.6960
vn 0.4400 -0.5674 0.6960
vn 0.4406 -0.4957 0.7485
vn -0.4413 -0.4208 0.7926
vn 0.4413 -0.4208 0.7926
vn -0.4421 -0.3429 0.8289
vn 0.4421 -0.3429 0.8289
vn -0.4428 -0.2620 0.8575
vn 0.4428 -0.2620 0.8575
vn -0.4434 -0.1779 0.8785
vn 0.4434 -0.1779 0.8785
vn -0.4398 0.6351 0.6351
vn -0.4400 0.5674 0.6960
vn 0.4400 0.5674 0.6960
vn 0.4398 0.6351 0.6351
vn -0.4438 -0.0000 0.8961
vn -0.4437 -0.0904 0.8916
vn 0.4437 -0.0904 0.8916
vn 0.4438 -0.0000 0.8961
vn -0.4437 0.8916 0.0904
vn -0.4434 0.8785 0.1779
vn 0.4434 0.8785 0.1779
vn 0.4437 0.8916 0.0904
vn -0.4434 0.1779 0.8785
vn -0.4437 0.0904 0.8916
vn 0.4437 0.0904 0.8916
vn 0.4434 0.1779 0.8785
vn -0.4428 0.2620 0.8575
vn 0.4428 0.2620 0.8575
vn -0.4421 0.3429 0.8289
vn 0.4421 0.3429 0.8289
vn -0.4413 0.4208 0.7926
vn 0.4413 0.4208 0.7926
vn -0.4406 0.4957 0.7485
vn 0.4406 0.4957 0.7485
vn -0.4400 0.6960 0.5674
vn 0.4400 0.6960 0.5674
vn -0.9450 0.2068 0.2533
vn -0.9449 0.2315 0.2315
vn -0.4400 0.6960 -0.5674
vn -0.4406 0.7485 -0.4957
vn 0.4406 0.7485 -0.4957
vn 0.4400 0.6960 -0.5674
vn -0.4406 0.7485 0.4957
vn 0.4406 0.7485 0.4957
vn -0.4413 0.7926 0.4208
vn 0.4413 0.7926 0.4208
vn -0.4421 0.8289 0.3429
vn 0.4421 0.8289 0.3429
vn -0.4428 0.8575 0.2620
vn 0.4428 0.8575 0.2620
vn -0.4437 0.8916 -0.0904
vn -0.4438 0.8961 -0.0000
vn 0.4438 0.8961 -0.0000
vn 0.4437 0.8916 -0.0904
vn -0.9464 0.3212 0.0329
vn -0.9464 0.3229 -0.0000
vn -0.4437 0.0904 -0.8916
vn -0.4434 0.1779 -0.8785
vn 0.4434 0.1779 -0.8785
vn 0.4437 0.0904 -0.8916
vn -0.4434 0.8785 -0.1779
vn 0.4434 0.8785 -0.1779
vn -0.4428 0.8575 -0.2620
vn 0.4428 0.8575 -0.2620
vn -0.4421 0.8289 -0.3429
vn 0.4421 0.8289 -0.3429
vn -0.4413 0.7926 -0.4208
vn 0.4413 0.7926 -0.4208
vn -0.4400 0.5674 -0.6960
vn -0.4398 0.6351 -0.6351
vn 0.4398 0.6351 -0.6351
vn 0.4400 0.5674 -0.6960
vn -0.9450 0.2533 -0.2068
vn -0.9449 0.2315 -0.2315
vn -0.4400 -0.5674 -0.6960
vn -0.4406 -0.4957 -0.7485
vn 0.4406 -0.4957 -0.7485
vn 0.4400 -0.5674 -0.6960
vn -0.4406 0.4957 -0.7485
vn 0.4406 0.4957 -0.7485
vn -0.4413 0.4208 -0.7926
vn 0.4413 0.4208 -0.7926
vn -0.4421 0.3429 -0.8289
vn 0.4421 0.3429 -0.8289
vn -0.4428 0.2620 -0.8575
vn 0.4428 0.2620 -0.8575
vn -0.4437 -0.0904 -0.8916
vn -0.4438 -0.0000 -0.8961
vn 0.4438 -0.0000 -0.8961
vn 0.4437 -0.0904 -0.8916
vn -0.9464 0.0329 -0.3212
vn -0.9464 -0.0000 -0.3229
vn -0.4437 -0.8916 -0.0904
vn -0.4434 -0.8785 -0.1779
vn 0.4434 -0.8785 -0.1779
vn 0.4437 -0.8916 -0.0904
vn -0.4434 -0.1779 -0.8785
vn 0.4434 -0.1779 -0.8785
vn -0.4428 -0.2620 -0.8575
vn 0.4428 -0.2620 -0.8575
vn -0.4421 -0.3429 -0.8289
vn 0.4421 -0.3429 -0.8289
vn -0.4413 -0.4208 -0.7926
vn 0.4413 -0.4208 -0.7926
vn -0.4400 -0.6960 -0.5674
vn -0.4398 -0.6351 -0.6351
vn 0.4398 -0.6351 -0.6351
vn 0.4400 -0.6960 -0.5674
vn -0.9450 -0.2068 -0.2533
vn -0.9449 -0.2315 -0.2315
vn -0.4400 -0.6960 0.5674
vn -0.4406 -0.7485 0.4957
vn 0.4406 -0.7485 0.4957
vn 0.4400 -0.6960 0.5674
vn -0.4406 -0.7485 -0.4957
vn 0.4406 -0.7485 -0.4957
vn -0.4413 -0.7926 -0.4208
vn 0.4413 -0.7926 -0.4208
vn -0.4421 -0.8289 -0.3429
vn 0.4421 -0.8289 -0.3429
vn -0.4428 -0.8575 -0.2620
vn 0.4428 -0.8575 -0.2620
vn -0.4437 -0.8916 0.0904
vn -0.4438 -0.8961 -0.0000
vn 0.4438 -0.8961 -0.0000
vn 0.4437 -0.8916 0.0904
vn -0.9464 -0.3212 -0.0329
vn -0.9464 -0.3229 -0.0000
vn -0.4434 -0.8785 0.1779
vn 0.4434 -0.8785 0.1779
vn -0.4428 -0.8575 0.2620
vn 0.4428 -0.8575 0.2620
vn -0.4421 -0.8289 0.3429
vn 0.4421 -0.8289 0.3429
vn -0.4413 -0.7926 0.4208
vn 0.4413 -0.7926 0.4208
vn -0.4398 -0.6351 0.6351
vn 0.4398 -0.6351 0.6351
vn 0.9453 0.1806 0.2718
vn 0.9450 0.2068 0.2533
vn 0.9450 -0.2068 0.2533
vn 0.9453 -0.1806 0.2718
vn 0.9455 -0.1532 0.2872
vn 0.9458 -0.1247 0.2997
vn 0.9461 -0.0953 0.3095
vn 0.9463 -0.0647 0.3167
vn 0.9449 0.2315 0.2315
vn 0.9464 -0.0329 0.3212
vn 0.9463 0.3167 0.0647
vn 0.9464 0.3212 0.0329
vn 0.9463 0.0647 0.3167
vn 0.9461 0.0953 0.3095
vn 0.9458 0.1247 0.2997
vn 0.9455 0.1532 0.2872
vn 0.9450 0.2533 0.2068
vn 0.9464 0.3229 -0.0000
vn 0.9453 0.2718 -0.1806
vn 0.9450 0.2533 -0.2068
vn 0.9453 0.2718 0.1806
vn 0.9455 0.2872 0.1532
vn 0.9458 0.2997 0.1247
vn 0.9461 0.3095 0.0953
vn 0.9464 0.3212 -0.0329
vn 0.9449 0.2315 -0.2315
vn 0.9463 0.0647 -0.3167
vn 0.9464 0.0329 -0.3212
vn 0.9463 0.3167 -0.0647
vn 0.9461 0.3095 -0.0953
vn 0.9458 0.2997 -0.1247
vn 0.9455 0.2872 -0.1532
vn 0.9450 0.2068 -0.2533
vn 0.9464 -0.0000 -0.3229
vn 0.9453 -0.1806 -0.2718
vn 0.9450 -0.2068 -0.2533
vn 0.9453 0.1806 -0.2718
vn 0.9455 0.1532 -0.2872
vn 0.9458 0.1247 -0.2997
vn 0.9461 0.0953 -0.3095
vn 0.9464 -0.0329 -0.3212
vn 0.9449 -0.2315 -0.2315
vn 0.9463 -0.3167 -0.0647
vn 0.9464 -0.3212 -0.0329
vn 0.9463 -0.0647 -0.3167
vn 0.9461 -0.0953 -0.3095
vn 0.9458 -0.1247 -0.2997
vn 0.9455 -0.1532 -0.2872
vn 0.9450 -0.2533 -0.2068
vn 0.9464 -0.3229 -0.0000
vn 0.9453 -0.2718 0.1806
vn 0.9450 -0.2533 0.2068
vn 0.9453 -0.2718 -0.1806
vn 0.9455 -0.2872 -0.1532
vn 0.9458 -0.2997 -0.1247
vn 0.9461 -0.3095 -0.0953
vn 0.9464 -0.3212 0.0329
vn 0.9449 -0.2315 0.2315
vn 0.9463 -0.3167 0.0647
vn 0.9461 -0.3095 0.0953
vn 0.9458 -0.2997 0.1247
vn 0.9455 -0.2872 0.1532
vn -0.9450 0.2533 0.2068
vn -0.9453 0.1806 0.2718
vn -0.9455 0.1532 0.2872
vn -0.9458 0.1247 0.2997
vn -0.9461 0.0953 0.3095
vn -0.9463 0.0647 0.3167
vn -0.9464 0.0329 0.3212
vn -0.9464 -0.0000 0.3229
vn -0.9464 0.3212 -0.0329
vn -0.9463 0.3167 0.0647
vn -0.9461 0.3095 0.0953
vn -0.9458 0.2997 0.1247
vn -0.9455 0.2872 0.1532
vn -0.9453 0.2718 0.1806
vn -0.9450 0.2068 -0.2533
vn -0.9453 0.2718 -0.1806
vn -0.9455 0.2872 -0.1532
vn -0.9458 0.2997 -0.1247
vn -0.9461 0.3095 -0.0953
vn -0.9463 0.3167 -0.0647
vn -0.9464 -0.0329 -0.3212
vn -0.9463 0.0647 -0.3167
vn -0.9461 0.0953 -0.3095
vn -0.9458 0.1247 -0.2997
vn -0.9455 0.1532 -0.2872
vn -0.9453 0.1806 -0.2718
vn -0.9450 -0.2533 -0.2068
vn -0.9453 -0.1806 -0.2718
vn -0.9455 -0.1532 -0.2872
vn -0.9458 -0.1247 -0.2997
vn -0.9461 -0.0953 -0.3095
vn -0.9463 -0.0647 -0.3167
vn -0.9464 -0.3212 0.0329
vn -0.9463 -0.3167 -0.0647
vn -0.9461 -0.3095 -0.0953
vn -0.9458 -0.2997 -0.1247
vn -0.9455 -0.2872 -0.1532
vn -0.9453 -0.2718 -0.1806
vn -0.9450 -0.2068 0.2533
vn -0.9453 -0.2718 0.1806
vn -0.9455 -0.2872 0.1532
vn -0.9458 -0.2997 0.1247
vn -0.9461 -0.3095 0.0953
vn -0.9463 -0.3167 0.0647
vn -0.9464 -0.0329 0.3212
vn -0.9463 -0.0647 0.3167
vn -0.9461 -0.0953 0.3095
vn -0.9458 -0.1247 0.2997
vn -0.9455 -0.1532 0.2872
vn -0.9453 -0.1806 0.2718
vt 0.648520 0.430591
vt 0.847841 0.430532
vt 0.648556 0.756150
vt 0.847878 0.756091
vt 0.637713 0.593374
vt 0.858685 0.593308
vt 0.748179 0.412881
vt 0.748219 0.773802
vt 0.748199 0.593341
vt 0.637911 0.569025
vt 0.638511 0.544993
vt 0.639509 0.521595
vt 0.640904 0.499150
vt 0.642671 0.478020
vt 0.644701 0.458753
vt 0.646821 0.442118
vt 0.763086 0.413205
vt 0.777800 0.414185
vt 0.792125 0.415816
vt 0.805867 0.418094
vt 0.818804 0.420980
vt 0.830600 0.424295
vt 0.840784 0.427758
vt 0.858486 0.617658
vt 0.857886 0.641690
vt 0.856888 0.665087
vt 0.855493 0.687533
vt 0.853726 0.708663
vt 0.851696 0.727930
vt 0.849576 0.744564
vt 0.733311 0.773477
vt 0.718598 0.772498
vt 0.704273 0.770867
vt 0.690531 0.768589
vt 0.677594 0.765703
vt 0.665798 0.762388
vt 0.655613 0.758925
vt 0.646855 0.744625
vt 0.644731 0.727991
vt 0.642697 0.708725
vt 0.640925 0.687597
vt 0.639525 0.665152
vt 0.638522 0.641755
vt 0.637917 0.617723
vt 0.849543 0.442058
vt 0.851666 0.458691
vt 0.853700 0.477957
vt 0.855472 0.499086
vt 0.856872 0.521531
vt 0.857876 0.544928
vt 0.858481 0.568959
vt 0.734944 0.593345
vt 0.721636 0.593349
vt 0.708223 0.593353
vt 0.694650 0.593357
vt 0.680866 0.593361
vt 0.666817 0.593366
vt 0.652450 0.593370
vt 0.655576 0.427813
vt 0.665760 0.424344
vt 0.677555 0.421022
vt 0.690491 0.418128
vt 0.704233 0.415842
vt 0.718558 0.414202
vt 0.733271 0.413214
vt 0.840821 0.758870
vt 0.830637 0.762338
vt 0.818842 0.765661
vt 0.805906 0.768554
vt 0.792164 0.770841
vt 0.777840 0.772480
vt 0.763126 0.773468
vt 0.843948 0.593313
vt 0.829581 0.593317
vt 0.815532 0.593321
vt 0.801747 0.593325
vt 0.788175 0.593329
vt 0.774761 0.593334
vt 0.761453 0.593337
vt 0.748181 0.436951
vt 0.748184 0.460417
vt 0.748186 0.483364
vt 0.748189 0.505879
vt 0.748191 0.528047
vt 0.748194 0.549956
vt 0.748196 0.571692
vt 0.748201 0.614991
vt 0.748204 0.636727
vt 0.748206 0.658636
vt 0.748208 0.680804
vt 0.748211 0.703318
vt 0.748214 0.726265
vt 0.748216 0.749731
vt 0.853082 0.764588
vt 0.860467 0.776646
vt 0.868874 0.790372
vt 0.877946 0.805185
vt 0.887440 0.820685
vt 0.897227 0.836666
vt 0.907211 0.852967
vt 0.748239 0.956570
vt 0.748236 0.929522
vt 0.748233 0.902641
vt 0.748230 0.876013
vt 0.748227 0.849729
vt 0.748224 0.823873
vt 0.748222 0.798536
vt 0.589244 0.853062
vt 0.599224 0.836755
vt 0.609009 0.820768
vt 0.618498 0.805262
vt 0.627567 0.790444
vt 0.635972 0.776713
vt 0.643354 0.764651
vt 0.525814 0.593408
vt 0.542374 0.593403
vt 0.558832 0.593398
vt 0.575134 0.593393
vt 0.591227 0.593388
vt 0.607057 0.593383
vt 0.622570 0.593379
vt 0.589186 0.333716
vt 0.599170 0.350017
vt 0.608958 0.365997
vt 0.618451 0.381498
vt 0.627523 0.396310
vt 0.635931 0.410037
vt 0.643315 0.422094
vt 0.748158 0.230113
vt 0.748161 0.257161
vt 0.748164 0.284042
vt 0.748167 0.310670
vt 0.748170 0.336954
vt 0.748173 0.362809
vt 0.748176 0.388147
vt 0.907153 0.333621
vt 0.897173 0.349928
vt 0.887389 0.365914
vt 0.877899 0.381420
vt 0.868830 0.396238
vt 0.860426 0.409970
vt 0.853044 0.422032
vt 0.970583 0.593275
vt 0.954024 0.593280
vt 0.937566 0.593285
vt 0.921263 0.593290
vt 0.905170 0.593295
vt 0.889341 0.593299
vt 0.873828 0.593304
vt 0.761459 0.614991
vt 0.774767 0.615023
vt 0.788175 0.615116
vt 0.801733 0.615303
vt 0.815493 0.615617
vt 0.829504 0.616090
vt 0.843818 0.616759
vt 0.761483 0.636727
vt 0.774802 0.636777
vt 0.788201 0.636936
vt 0.801722 0.637262
vt 0.815404 0.637820
vt 0.829293 0.638688
vt 0.843439 0.639950
vt 0.761545 0.658627
vt 0.774904 0.658663
vt 0.788304 0.658822
vt 0.801765 0.659183
vt 0.815312 0.659839
vt 0.828985 0.660935
vt 0.842829 0.662631
vt 0.761664 0.680773
vt 0.775109 0.680746
vt 0.788530 0.680809
vt 0.801916 0.681048
vt 0.815266 0.681581
vt 0.828615 0.682654
vt 0.842009 0.684545
vt 0.761861 0.703247
vt 0.775455 0.703093
vt 0.788936 0.702935
vt 0.802247 0.702852
vt 0.815349 0.702980
vt 0.828265 0.703691
vt 0.841039 0.705423
vt 0.762156 0.726132
vt 0.775992 0.725780
vt 0.789612 0.725268
vt 0.802909 0.724655
vt 0.815789 0.724077
vt 0.828204 0.723968
vt 0.840144 0.724932
vt 0.762571 0.749511
vt 0.776770 0.748883
vt 0.790655 0.747878
vt 0.804072 0.746531
vt 0.816854 0.744940
vt 0.828798 0.743470
vt 0.839714 0.742762
vt 0.762536 0.437163
vt 0.776735 0.437783
vt 0.790621 0.438779
vt 0.804038 0.440118
vt 0.816820 0.441702
vt 0.828764 0.443164
vt 0.839681 0.443866
vt 0.762127 0.460542
vt 0.775962 0.460886
vt 0.789582 0.461390
vt 0.802880 0.461995
vt 0.815759 0.462566
vt 0.828174 0.462667
vt 0.840115 0.461696
vt 0.761837 0.483427
vt 0.775430 0.483573
vt 0.788911 0.483723
vt 0.802223 0.483798
vt 0.815325 0.483662
vt 0.828241 0.482944
vt 0.841014 0.481204
vt 0.761645 0.505902
vt 0.775089 0.505920
vt 0.788510 0.505850
vt 0.801897 0.505603
vt 0.815246 0.505062
vt 0.828595 0.503981
vt 0.841988 0.502082
vt 0.761530 0.528047
vt 0.774889 0.528003
vt 0.788289 0.527836
vt 0.801750 0.527467
vt 0.815297 0.526804
vt 0.828970 0.525700
vt 0.842813 0.523995
vt 0.761473 0.549947
vt 0.774792 0.549889
vt 0.788192 0.549723
vt 0.801712 0.549389
vt 0.815394 0.548823
vt 0.829283 0.547946
vt 0.843428 0.546676
vt 0.761454 0.571683
vt 0.774762 0.571644
vt 0.788170 0.571543
vt 0.801728 0.571348
vt 0.815488 0.571026
vt 0.829499 0.570544
vt 0.843813 0.569867
vt 0.656683 0.443921
vt 0.667599 0.443212
vt 0.679543 0.441743
vt 0.692325 0.440151
vt 0.705742 0.438804
vt 0.719628 0.437800
vt 0.733826 0.437171
vt 0.656254 0.461751
vt 0.668194 0.462714
vt 0.680609 0.462606
vt 0.693488 0.462028
vt 0.706786 0.461415
vt 0.720406 0.460903
vt 0.734241 0.460551
vt 0.655358 0.481260
vt 0.668132 0.482992
vt 0.681048 0.483702
vt 0.694150 0.483831
vt 0.707462 0.483747
vt 0.720942 0.483590
vt 0.734536 0.483436
vt 0.654389 0.502137
vt 0.667783 0.504029
vt 0.681132 0.505102
vt 0.694481 0.505635
vt 0.707868 0.505874
vt 0.721289 0.505937
vt 0.734733 0.505909
vt 0.653569 0.524052
vt 0.667412 0.525748
vt 0.681085 0.526844
vt 0.694632 0.527499
vt 0.708094 0.527860
vt 0.721494 0.528019
vt 0.734853 0.528055
vt 0.652959 0.546732
vt 0.667104 0.547995
vt 0.680994 0.548863
vt 0.694676 0.549421
vt 0.708196 0.549747
vt 0.721596 0.549905
vt 0.734915 0.549955
vt 0.652579 0.569924
vt 0.666893 0.570592
vt 0.680905 0.571066
vt 0.694664 0.571380
vt 0.708223 0.571567
vt 0.721631 0.571660
vt 0.734939 0.571691
vt 0.652584 0.616816
vt 0.666898 0.616139
vt 0.680910 0.615657
vt 0.694669 0.615335
vt 0.708228 0.615140
vt 0.721636 0.615038
vt 0.734944 0.614999
vt 0.652969 0.640007
vt 0.667114 0.638736
vt 0.681004 0.637860
vt 0.694686 0.637294
vt 0.708206 0.636960
vt 0.721605 0.636793
vt 0.734924 0.636735
vt 0.653584 0.662687
vt 0.667427 0.660983
vt 0.681100 0.659879
vt 0.694647 0.659215
vt 0.708108 0.658846
vt 0.721508 0.658679
vt 0.734867 0.658635
vt 0.654409 0.684601
vt 0.667802 0.682702
vt 0.681151 0.681621
vt 0.694501 0.681080
vt 0.707887 0.680833
vt 0.721308 0.680762
vt 0.734753 0.680781
vt 0.655383 0.705478
vt 0.668157 0.703739
vt 0.681073 0.703020
vt 0.694175 0.702884
vt 0.707486 0.702960
vt 0.720967 0.703109
vt 0.734561 0.703255
vt 0.656283 0.724987
vt 0.668223 0.724016
vt 0.680638 0.724117
vt 0.693517 0.724688
vt 0.706815 0.725292
vt 0.720435 0.725796
vt 0.734271 0.726140
vt 0.656717 0.742817
vt 0.667633 0.743519
vt 0.679577 0.744981
vt 0.692360 0.746564
vt 0.705777 0.747904
vt 0.719663 0.748900
vt 0.733861 0.749520
vt 0.891069 0.876596
vt 0.873429 0.897335
vt 0.854507 0.915106
vt 0.834519 0.929826
vt 0.813681 0.941411
vt 0.792211 0.949779
vt 0.770326 0.954855
vt 0.882336 0.858256
vt 0.865945 0.877027
vt 0.848273 0.892965
vt 0.829535 0.906056
vt 0.809947 0.916282
vt 0.789725 0.923617
vt 0.769084 0.928039
vt 0.873804 0.840207
vt 0.858654 0.856964
vt 0.842212 0.871023
vt 0.824695 0.882450
vt 0.806323 0.891304
vt 0.787313 0.897610
vt 0.767879 0.901383
vt 0.865573 0.822592
vt 0.851651 0.837266
vt 0.836409 0.849375
vt 0.820072 0.859088
vt 0.802868 0.866553
vt 0.785015 0.871834
vt 0.766730 0.874973
vt 0.857780 0.805562
vt 0.845063 0.818025
vt 0.830971 0.828088
vt 0.815751 0.836033
vt 0.799643 0.842096
vt 0.782872 0.846366
vt 0.765660 0.848894
vt 0.850705 0.789310
vt 0.839135 0.799236
vt 0.826087 0.807107
vt 0.811857 0.813276
vt 0.796727 0.817972
vt 0.780930 0.821275
vt 0.764688 0.823228
vt 0.844757 0.773931
vt 0.834180 0.780796
vt 0.821967 0.786340
vt 0.808530 0.790791
vt 0.794206 0.794210
vt 0.779237 0.796625
vt 0.763837 0.798059
vt 0.726152 0.954868
vt 0.704266 0.949805
vt 0.682794 0.941450
vt 0.661954 0.929877
vt 0.641963 0.915169
vt 0.623037 0.897409
vt 0.605391 0.876681
vt 0.727388 0.928051
vt 0.706746 0.923642
vt 0.686523 0.916318
vt 0.666932 0.906104
vt 0.648191 0.893025
vt 0.630515 0.877098
vt 0.614121 0.858336
vt 0.728588 0.901394
vt 0.709152 0.897633
vt 0.690141 0.891339
vt 0.671767 0.882496
vt 0.654248 0.871079
vt 0.637802 0.857030
vt 0.622649 0.840282
vt 0.729730 0.874984
vt 0.711445 0.871856
vt 0.693591 0.866586
vt 0.676385 0.859131
vt 0.660046 0.849427
vt 0.644801 0.837327
vt 0.630876 0.822662
vt 0.730795 0.848904
vt 0.713582 0.846387
vt 0.696811 0.842127
vt 0.680701 0.836073
vt 0.665479 0.828137
vt 0.651385 0.818083
vt 0.638665 0.805627
vt 0.731761 0.823238
vt 0.715518 0.821295
vt 0.699721 0.818001
vt 0.684589 0.813314
vt 0.670359 0.807154
vt 0.657308 0.799290
vt 0.645736 0.789371
vt 0.732606 0.798068
vt 0.717206 0.796643
vt 0.702236 0.794237
vt 0.687912 0.790827
vt 0.674473 0.786384
vt 0.662260 0.780847
vt 0.651681 0.773988
vt 0.574778 0.826697
vt 0.562080 0.797884
vt 0.551200 0.766978
vt 0.542188 0.734331
vt 0.535095 0.700296
vt 0.529972 0.665228
vt 0.526864 0.629483
vt 0.586006 0.812432
vt 0.574513 0.785661
vt 0.564755 0.756796
vt 0.556741 0.726190
vt 0.550480 0.694197
vt 0.545989 0.661168
vt 0.543282 0.627455
vt 0.597056 0.798496
vt 0.586797 0.773752
vt 0.578190 0.746896
vt 0.571193 0.718285
vt 0.565773 0.688278
vt 0.561912 0.657228
vt 0.559602 0.625485
vt 0.607841 0.785052
vt 0.598857 0.762314
vt 0.591443 0.737417
vt 0.585497 0.710735
vt 0.580926 0.682634
vt 0.577693 0.653474
vt 0.575771 0.623609
vt 0.618268 0.772324
vt 0.610637 0.751552
vt 0.604476 0.728536
vt 0.599612 0.703676
vt 0.595900 0.677366
vt 0.593285 0.649974
vt 0.591738 0.621861
vt 0.628218 0.760769
vt 0.622141 0.741871
vt 0.617322 0.720558
vt 0.613545 0.697317
vt 0.610670 0.672604
vt 0.608647 0.646802
vt 0.607451 0.620274
vt 0.637634 0.751053
vt 0.633430 0.733777
vt 0.630036 0.713830
vt 0.627311 0.691882
vt 0.625218 0.668487
vt 0.623739 0.644037
vt 0.622861 0.618884
vt 0.526856 0.557331
vt 0.529955 0.521585
vt 0.535071 0.486514
vt 0.542156 0.452475
vt 0.551161 0.419822
vt 0.562035 0.388910
vt 0.574725 0.360089
vt 0.543274 0.559350
vt 0.545974 0.525635
vt 0.550458 0.492604
vt 0.556711 0.460606
vt 0.564719 0.429996
vt 0.574470 0.401125
vt 0.585957 0.374348
vt 0.559595 0.561310
vt 0.561898 0.529566
vt 0.565751 0.498513
vt 0.571166 0.468503
vt 0.578155 0.439888
vt 0.586757 0.413027
vt 0.597010 0.388277
vt 0.575764 0.563176
vt 0.577680 0.533310
vt 0.580906 0.504148
vt 0.585470 0.476045
vt 0.591411 0.449359
vt 0.598820 0.424458
vt 0.607799 0.401714
vt 0.591732 0.564915
vt 0.593273 0.536801
vt 0.595881 0.509407
vt 0.599587 0.483095
vt 0.604446 0.458232
vt 0.610602 0.435212
vt 0.618228 0.414436
vt 0.607446 0.566492
vt 0.608635 0.539964
vt 0.610652 0.514160
vt 0.613522 0.489446
vt 0.617293 0.466203
vt 0.622108 0.444887
vt 0.628181 0.425985
vt 0.622856 0.567874
vt 0.623728 0.542720
vt 0.625201 0.518269
vt 0.627289 0.494872
vt 0.630009 0.472923
vt 0.633399 0.452975
vt 0.637599 0.435695
vt 0.605328 0.310087
vt 0.622969 0.289348
vt 0.641891 0.271577
vt 0.661879 0.256857
vt 0.682716 0.245272
vt 0.704186 0.236904
vt 0.726071 0.231827
vt 0.614062 0.328426
vt 0.630452 0.309655
vt 0.648124 0.293717
vt 0.666862 0.280627
vt 0.686450 0.270401
vt 0.706672 0.263065
vt 0.727313 0.258644
vt 0.622594 0.346475
vt 0.637743 0.329718
vt 0.654186 0.315660
vt 0.671702 0.304233
vt 0.690074 0.295379
vt 0.709084 0.289073
vt 0.728519 0.285300
vt 0.630824 0.364091
vt 0.644746 0.349417
vt 0.659989 0.337308
vt 0.676325 0.327594
vt 0.693529 0.320129
vt 0.711383 0.314849
vt 0.729667 0.311710
vt 0.638617 0.381121
vt 0.651335 0.368657
vt 0.665426 0.358595
vt 0.680647 0.350650
vt 0.696755 0.344586
vt 0.713526 0.340316
vt 0.730738 0.337789
vt 0.645692 0.397373
vt 0.657262 0.387447
vt 0.670311 0.379575
vt 0.684540 0.373407
vt 0.699670 0.368711
vt 0.715467 0.365408
vt 0.731709 0.363454
vt 0.651640 0.412752
vt 0.662218 0.405887
vt 0.674430 0.400342
vt 0.687867 0.395891
vt 0.702191 0.392473
vt 0.717161 0.390058
vt 0.732560 0.388624
vt 0.770245 0.231814
vt 0.792131 0.236877
vt 0.813603 0.245233
vt 0.834444 0.256805
vt 0.854435 0.271514
vt 0.873361 0.289273
vt 0.891006 0.310002
vt 0.769009 0.258631
vt 0.789651 0.263041
vt 0.809875 0.270364
vt 0.829465 0.280578
vt 0.848206 0.293658
vt 0.865882 0.309585
vt 0.882276 0.328347
vt 0.767810 0.285288
vt 0.787245 0.289050
vt 0.806257 0.295344
vt 0.824630 0.304187
vt 0.842150 0.315604
vt 0.858595 0.329652
vt 0.873748 0.346401
vt 0.766667 0.311699
vt 0.784953 0.314827
vt 0.802807 0.320097
vt 0.820013 0.327552
vt 0.836351 0.337255
vt 0.851597 0.349355
vt 0.865522 0.364021
vt 0.765603 0.337779
vt 0.782815 0.340295
vt 0.799587 0.344556
vt 0.815696 0.350610
vt 0.830918 0.358546
vt 0.845012 0.368600
vt 0.857733 0.381056
vt 0.764637 0.363444
vt 0.780879 0.365388
vt 0.796677 0.368682
vt 0.811808 0.373369
vt 0.826039 0.379529
vt 0.839089 0.387393
vt 0.850662 0.397312
vt 0.763791 0.388614
vt 0.779191 0.390040
vt 0.794161 0.392446
vt 0.808486 0.395855
vt 0.821924 0.400298
vt 0.834137 0.405835
vt 0.844717 0.412694
vt 0.921620 0.359986
vt 0.934317 0.388799
vt 0.945197 0.419705
vt 0.954210 0.452352
vt 0.961302 0.486387
vt 0.966426 0.521455
vt 0.969534 0.557199
vt 0.910392 0.374251
vt 0.921884 0.401022
vt 0.931642 0.429886
vt 0.939656 0.460492
vt 0.945917 0.492486
vt 0.950408 0.525515
vt 0.953115 0.559228
vt 0.899341 0.388187
vt 0.909600 0.412930
vt 0.918208 0.439787
vt 0.925204 0.468397
vt 0.930625 0.498404
vt 0.934485 0.529455
vt 0.936795 0.561197
vt 0.888556 0.401630
vt 0.897540 0.424369
vt 0.904954 0.449265
vt 0.910901 0.475948
vt 0.915471 0.504048
vt 0.918704 0.533208
vt 0.920626 0.563073
vt 0.878130 0.414358
vt 0.885760 0.435130
vt 0.891921 0.458147
vt 0.896785 0.483006
vt 0.900498 0.509317
vt 0.903112 0.536709
vt 0.904659 0.564821
vt 0.868179 0.425914
vt 0.874256 0.444812
vt 0.879076 0.466125
vt 0.882852 0.489366
vt 0.885727 0.514078
vt 0.887750 0.539880
vt 0.888946 0.566408
vt 0.858764 0.435629
vt 0.862967 0.452906
vt 0.866361 0.472853
vt 0.869087 0.494800
vt 0.871179 0.518195
vt 0.872658 0.542646
vt 0.873536 0.567799
vt 0.969542 0.629351
vt 0.966442 0.665098
vt 0.961326 0.700168
vt 0.954241 0.734208
vt 0.945236 0.766860
vt 0.934363 0.797773
vt 0.921672 0.826593
vt 0.953123 0.627332
vt 0.950424 0.661047
vt 0.945940 0.694079
vt 0.939686 0.726076
vt 0.931678 0.756687
vt 0.921927 0.785557
vt 0.910441 0.812335
vt 0.936803 0.625373
vt 0.934500 0.657117
vt 0.930646 0.688169
vt 0.925232 0.718180
vt 0.918242 0.746794
vt 0.909641 0.773656
vt 0.899387 0.798406
vt 0.920633 0.623507
vt 0.918718 0.653373
vt 0.915491 0.682534
vt 0.910927 0.710638
vt 0.904986 0.737324
vt 0.897578 0.762225
vt 0.888599 0.784969
vt 0.904666 0.621768
vt 0.903125 0.649881
vt 0.900516 0.677275
vt 0.896810 0.703588
vt 0.891951 0.728450
vt 0.885796 0.751470
vt 0.878170 0.772247
vt 0.888952 0.620190
vt 0.887762 0.646719
vt 0.885745 0.672522
vt 0.882876 0.697237
vt 0.879104 0.720480
vt 0.874290 0.741796
vt 0.868217 0.760697
vt 0.873542 0.618809
vt 0.872669 0.643963
vt 0.871196 0.668414
vt 0.869109 0.691810
vt 0.866388 0.713760
vt 0.862998 0.733708
vt 0.858799 0.750987
vt 0.344033 0.412642
vt 0.146079 0.450716
vt 0.367343 0.735967
vt 0.169389 0.774041
vt 0.366439 0.572237
vt 0.146983 0.614446
vt 0.243790 0.414119
vt 0.269632 0.772564
vt 0.256711 0.593341
vt 0.364496 0.548093
vt 0.362176 0.524341
vt 0.359507 0.501296
vt 0.356512 0.479272
vt 0.353242 0.458625
vt 0.349845 0.439879
vt 0.346546 0.423764
vt 0.229008 0.417293
vt 0.214466 0.421081
vt 0.200357 0.425441
vt 0.186872 0.430333
vt 0.174232 0.435674
vt 0.162754 0.441223
vt 0.152888 0.446610
vt 0.148926 0.638590
vt 0.151246 0.662342
vt 0.153915 0.685387
vt 0.156910 0.707411
vt 0.160180 0.728057
vt 0.163577 0.746804
vt 0.166876 0.762918
vt 0.284414 0.769389
vt 0.298956 0.765602
vt 0.313065 0.761241
vt 0.326550 0.756350
vt 0.339190 0.751009
vt 0.350667 0.745460
vt 0.360534 0.740072
vt 0.368206 0.724195
vt 0.369122 0.707270
vt 0.369761 0.687748
vt 0.370005 0.666425
vt 0.369786 0.643867
vt 0.369105 0.620439
vt 0.367982 0.596457
vt 0.145216 0.462487
vt 0.144299 0.479413
vt 0.143661 0.498935
vt 0.143417 0.520257
vt 0.143636 0.542815
vt 0.144317 0.566243
vt 0.145440 0.590225
vt 0.269875 0.590809
vt 0.283091 0.588267
vt 0.296413 0.585705
vt 0.309892 0.583113
vt 0.323582 0.580480
vt 0.337535 0.577796
vt 0.351803 0.575052
vt 0.336826 0.411232
vt 0.326463 0.409736
vt 0.314511 0.408693
vt 0.301456 0.408294
vt 0.287645 0.408652
vt 0.273302 0.409765
vt 0.258619 0.411598
vt 0.176596 0.775450
vt 0.186959 0.776947
vt 0.198911 0.777989
vt 0.211966 0.778389
vt 0.225777 0.778030
vt 0.240120 0.776918
vt 0.254803 0.775085
vt 0.161619 0.611631
vt 0.175887 0.608887
vt 0.189840 0.606203
vt 0.203530 0.603570
vt 0.217009 0.600977
vt 0.230331 0.598415
vt 0.243547 0.595873
vt 0.245513 0.438025
vt 0.247193 0.461329
vt 0.248836 0.484119
vt 0.250449 0.506479
vt 0.252036 0.528495
vt 0.253605 0.550254
vt 0.255161 0.571840
vt 0.258261 0.614842
vt 0.259817 0.636429
vt 0.261386 0.658187
vt 0.262973 0.680204
vt 0.264585 0.702564
vt 0.266229 0.725353
vt 0.267909 0.748658
vt 0.164830 0.783475
vt 0.158361 0.796862
vt 0.150996 0.812103
vt 0.143048 0.828549
vt 0.134732 0.845759
vt 0.126157 0.863502
vt 0.117412 0.881600
vt 0.282719 0.954077
vt 0.280782 0.927215
vt 0.278857 0.900518
vt 0.276951 0.874073
vt 0.275069 0.847969
vt 0.273217 0.822291
vt 0.271403 0.797127
vt 0.433196 0.820864
vt 0.422116 0.806579
vt 0.411252 0.792574
vt 0.400716 0.778990
vt 0.390647 0.766009
vt 0.381316 0.753980
vt 0.373119 0.743413
vt 0.477570 0.550862
vt 0.461124 0.554025
vt 0.444778 0.557169
vt 0.428588 0.560283
vt 0.412606 0.563357
vt 0.396885 0.566381
vt 0.381478 0.569344
vt 0.396010 0.305082
vt 0.387265 0.323180
vt 0.378690 0.340924
vt 0.370374 0.358133
vt 0.362426 0.374580
vt 0.355061 0.389820
vt 0.348592 0.403208
vt 0.230703 0.232605
vt 0.232640 0.259467
vt 0.234565 0.286164
vt 0.236471 0.312609
vt 0.238353 0.338713
vt 0.240205 0.364391
vt 0.242019 0.389555
vt 0.080226 0.365819
vt 0.091306 0.380104
vt 0.102170 0.394109
vt 0.112706 0.407692
vt 0.122775 0.420673
vt 0.132106 0.432703
vt 0.140303 0.443269
vt 0.035852 0.635821
vt 0.052298 0.632657
vt 0.068643 0.629514
vt 0.084834 0.626399
vt 0.100816 0.623325
vt 0.116537 0.620302
vt 0.131944 0.617338
vt 0.245095 0.617379
vt 0.231881 0.619956
vt 0.218572 0.622614
vt 0.205120 0.625394
vt 0.191477 0.628337
vt 0.177597 0.631489
vt 0.163429 0.634891
vt 0.246630 0.638970
vt 0.233406 0.641568
vt 0.220110 0.644289
vt 0.206706 0.647199
vt 0.193158 0.650371
vt 0.179426 0.653890
vt 0.165469 0.657850
vt 0.248139 0.660731
vt 0.234874 0.663323
vt 0.221578 0.666044
vt 0.208235 0.668978
vt 0.194828 0.672220
vt 0.181328 0.675925
vt 0.167701 0.680258
vt 0.249608 0.682747
vt 0.236254 0.685293
vt 0.222930 0.687923
vt 0.209653 0.690721
vt 0.196433 0.693804
vt 0.183253 0.697424
vt 0.170087 0.701865
vt 0.251024 0.705104
vt 0.237513 0.707552
vt 0.224114 0.709974
vt 0.210888 0.712438
vt 0.197885 0.715072
vt 0.185109 0.718249
vt 0.172547 0.722413
vt 0.252372 0.727888
vt 0.238607 0.730185
vt 0.225044 0.732282
vt 0.211794 0.734218
vt 0.198962 0.736108
vt 0.186624 0.738375
vt 0.174835 0.741617
vt 0.253637 0.751186
vt 0.239491 0.753278
vt 0.225629 0.754937
vt 0.212208 0.756166
vt 0.199400 0.757031
vt 0.187433 0.757857
vt 0.176541 0.759242
vt 0.231272 0.440980
vt 0.217216 0.444313
vt 0.203497 0.447958
vt 0.190268 0.451856
vt 0.177687 0.455874
vt 0.165930 0.459611
vt 0.155139 0.462397
vt 0.233356 0.464121
vt 0.219640 0.467110
vt 0.206150 0.470216
vt 0.192987 0.473360
vt 0.180237 0.476391
vt 0.167915 0.478866
vt 0.155987 0.480186
vt 0.235285 0.486793
vt 0.221795 0.489539
vt 0.208418 0.492266
vt 0.195203 0.494888
vt 0.182182 0.497259
vt 0.169303 0.499017
vt 0.156493 0.499733
vt 0.237087 0.509076
vt 0.223737 0.511667
vt 0.210403 0.514164
vt 0.197091 0.516480
vt 0.183794 0.518497
vt 0.170460 0.519977
vt 0.157022 0.520653
vt 0.238789 0.531047
vt 0.225519 0.533559
vt 0.212199 0.535957
vt 0.198804 0.538166
vt 0.185303 0.540099
vt 0.171645 0.541618
vt 0.157775 0.542574
vt 0.240416 0.552785
vt 0.227185 0.555276
vt 0.213865 0.557674
vt 0.200414 0.559929
vt 0.186786 0.561984
vt 0.172929 0.563771
vt 0.158790 0.565215
vt 0.241994 0.574368
vt 0.228775 0.576875
vt 0.215452 0.579340
vt 0.201973 0.581740
vt 0.188285 0.584053
vt 0.174335 0.586254
vt 0.160071 0.588320
vt 0.336881 0.427441
vt 0.325989 0.428826
vt 0.314022 0.429652
vt 0.301214 0.430517
vt 0.287793 0.431745
vt 0.273931 0.433404
vt 0.259785 0.435497
vt 0.338587 0.445066
vt 0.326798 0.448307
vt 0.314460 0.450575
vt 0.301628 0.452465
vt 0.288378 0.454400
vt 0.274815 0.456497
vt 0.261050 0.458794
vt 0.340875 0.464270
vt 0.328313 0.468434
vt 0.315537 0.471610
vt 0.302534 0.474244
vt 0.289308 0.476708
vt 0.275909 0.479131
vt 0.262398 0.481578
vt 0.343335 0.484818
vt 0.330169 0.489259
vt 0.316989 0.492878
vt 0.303769 0.495962
vt 0.290492 0.498760
vt 0.277168 0.501390
vt 0.263814 0.503935
vt 0.345721 0.506425
vt 0.332094 0.510758
vt 0.318594 0.514462
vt 0.305187 0.517705
vt 0.291844 0.520638
vt 0.278548 0.523360
vt 0.265283 0.525951
vt 0.347953 0.528833
vt 0.333996 0.532792
vt 0.320264 0.536312
vt 0.306716 0.539483
vt 0.293312 0.542394
vt 0.280016 0.545115
vt 0.266792 0.547712
vt 0.349993 0.551791
vt 0.335826 0.555194
vt 0.321945 0.558345
vt 0.308302 0.561289
vt 0.294850 0.564069
vt 0.281541 0.566727
vt 0.268327 0.569303
vt 0.353351 0.598362
vt 0.339087 0.600428
vt 0.325137 0.602630
vt 0.311449 0.604943
vt 0.297970 0.607343
vt 0.284647 0.609807
vt 0.271428 0.612314
vt 0.354632 0.621467
vt 0.340493 0.622911
vt 0.326636 0.624698
vt 0.313008 0.626754
vt 0.299557 0.629008
vt 0.286237 0.631406
vt 0.273006 0.633897
vt 0.355647 0.644109
vt 0.341777 0.645064
vt 0.328119 0.646584
vt 0.314618 0.648517
vt 0.301223 0.650725
vt 0.287903 0.653123
vt 0.274633 0.655635
vt 0.356400 0.666030
vt 0.342962 0.666706
vt 0.329628 0.668186
vt 0.316331 0.670203
vt 0.303019 0.672519
vt 0.289685 0.675016
vt 0.276335 0.677607
vt 0.356929 0.686950
vt 0.344119 0.687665
vt 0.331240 0.689423
vt 0.318219 0.691795
vt 0.305004 0.694416
vt 0.291627 0.697144
vt 0.278137 0.699889
vt 0.357435 0.706496
vt 0.345507 0.707816
vt 0.333185 0.710292
vt 0.320435 0.713322
vt 0.307272 0.716467
vt 0.293782 0.719573
vt 0.280066 0.722562
vt 0.358283 0.724286
vt 0.347492 0.727072
vt 0.335734 0.730809
vt 0.323154 0.734827
vt 0.309925 0.738724
vt 0.296206 0.742370
vt 0.282150 0.745702
vt 0.135137 0.901979
vt 0.154143 0.919200
vt 0.174209 0.933229
vt 0.195115 0.944024
vt 0.216640 0.951542
vt 0.238563 0.955746
vt 0.260661 0.956600
vt 0.142495 0.882095
vt 0.160119 0.897601
vt 0.178812 0.910048
vt 0.198360 0.919464
vt 0.218547 0.925872
vt 0.239155 0.929288
vt 0.259971 0.929731
vt 0.149674 0.862538
vt 0.165921 0.876281
vt 0.183258 0.887097
vt 0.201474 0.895095
vt 0.220354 0.900373
vt 0.239686 0.902998
vt 0.259257 0.903027
vt 0.156585 0.843469
vt 0.171463 0.855378
vt 0.187469 0.864488
vt 0.204390 0.871009
vt 0.222011 0.875131
vt 0.240120 0.876960
vt 0.258503 0.876580
vt 0.163103 0.825065
vt 0.176626 0.835010
vt 0.191343 0.842307
vt 0.207028 0.847286
vt 0.223460 0.850226
vt 0.240422 0.851258
vt 0.257696 0.850475
vt 0.168963 0.807572
vt 0.181165 0.815216
vt 0.194689 0.820537
vt 0.209263 0.823941
vt 0.224625 0.825709
vt 0.240551 0.825968
vt 0.256821 0.824800
vt 0.173768 0.791160
vt 0.184765 0.795955
vt 0.197290 0.799125
vt 0.210955 0.800974
vt 0.225425 0.801629
vt 0.240464 0.801163
vt 0.255861 0.799642
vt 0.304532 0.948162
vt 0.325904 0.938947
vt 0.346629 0.926541
vt 0.366496 0.911061
vt 0.385295 0.892629
vt 0.402817 0.871371
vt 0.418854 0.847410
vt 0.301381 0.921766
vt 0.321565 0.913438
vt 0.341124 0.902296
vt 0.359847 0.888404
vt 0.377521 0.871829
vt 0.393933 0.852630
vt 0.408869 0.830861
vt 0.298278 0.895522
vt 0.317310 0.888068
vt 0.335740 0.878180
vt 0.353352 0.865883
vt 0.369932 0.851193
vt 0.385258 0.834095
vt 0.399105 0.814563
vt 0.295250 0.869512
vt 0.313185 0.862907
vt 0.330538 0.854258
vt 0.347091 0.843563
vt 0.362621 0.830800
vt 0.376894 0.815866
vt 0.389671 0.798638
vt 0.292322 0.843815
vt 0.309236 0.838023
vt 0.325586 0.830583
vt 0.341151 0.821489
vt 0.355699 0.810696
vt 0.368975 0.798014
vt 0.380714 0.783211
vt 0.289522 0.818511
vt 0.305513 0.813473
vt 0.320966 0.807180
vt 0.335657 0.799630
vt 0.349348 0.790790
vt 0.361745 0.780484
vt 0.372526 0.768419
vt 0.286877 0.793676
vt 0.302070 0.789314
vt 0.316764 0.784061
vt 0.330745 0.777934
vt 0.343773 0.770951
vt 0.355505 0.763115
vt 0.365519 0.754280
vt 0.445673 0.791913
vt 0.456216 0.760869
vt 0.464805 0.728094
vt 0.471414 0.693948
vt 0.476018 0.658790
vt 0.478591 0.622983
vt 0.479114 0.586890
vt 0.433499 0.779894
vt 0.442992 0.751109
vt 0.450613 0.720576
vt 0.456378 0.688648
vt 0.460301 0.655676
vt 0.462393 0.622015
vt 0.462664 0.588017
vt 0.421525 0.768168
vt 0.429940 0.741632
vt 0.436562 0.713314
vt 0.441458 0.683562
vt 0.444690 0.652724
vt 0.446297 0.621149
vt 0.446315 0.589183
vt 0.409850 0.756881
vt 0.417142 0.732580
vt 0.422719 0.706436
vt 0.426712 0.678800
vt 0.429236 0.650018
vt 0.430355 0.620440
vt 0.430122 0.590414
vt 0.398583 0.746235
vt 0.404671 0.724146
vt 0.409139 0.700109
vt 0.412187 0.674490
vt 0.413987 0.647651
vt 0.414619 0.619947
vt 0.414140 0.591732
vt 0.387872 0.736663
vt 0.392552 0.716732
vt 0.395810 0.694644
vt 0.397894 0.670840
vt 0.398977 0.645748
vt 0.399135 0.619736
vt 0.398421 0.593162
vt 0.377825 0.728815
vt 0.380760 0.710853
vt 0.382701 0.690395
vt 0.383833 0.668077
vt 0.384234 0.644442
vt 0.383949 0.619877
vt 0.383017 0.594729
vt 0.473948 0.515234
vt 0.468306 0.480326
vt 0.460711 0.446475
vt 0.451233 0.414026
vt 0.439949 0.383321
vt 0.426933 0.354702
vt 0.412263 0.328507
vt 0.457787 0.520380
vt 0.452689 0.487413
vt 0.445867 0.455467
vt 0.437362 0.424886
vt 0.427214 0.396018
vt 0.415459 0.369212
vt 0.402131 0.344816
vt 0.441720 0.525448
vt 0.437156 0.494363
vt 0.431102 0.464261
vt 0.423573 0.435494
vt 0.414579 0.408413
vt 0.404111 0.383382
vt 0.392153 0.360764
vt 0.425795 0.530395
vt 0.421751 0.501101
vt 0.416456 0.472757
vt 0.409908 0.445720
vt 0.402094 0.420354
vt 0.392951 0.397042
vt 0.382403 0.376172
vt 0.410062 0.535176
vt 0.406516 0.507551
vt 0.401961 0.480845
vt 0.396393 0.455423
vt 0.389785 0.431661
vt 0.382021 0.409977
vt 0.372958 0.390802
vt 0.394570 0.539749
vt 0.391486 0.513631
vt 0.387632 0.488391
vt 0.383010 0.464396
vt 0.377598 0.442034
vt 0.371288 0.421786
vt 0.363901 0.404176
vt 0.379365 0.544069
vt 0.376695 0.519256
vt 0.373478 0.495255
vt 0.369727 0.472419
vt 0.365451 0.451141
vt 0.360654 0.431978
vt 0.355245 0.415621
vt 0.378285 0.284704
vt 0.359279 0.267482
vt 0.339213 0.253454
vt 0.318307 0.242659
vt 0.296782 0.235140
vt 0.274859 0.230937
vt 0.252761 0.230083
vt 0.370927 0.304588
vt 0.353303 0.289082
vt 0.334610 0.276634
vt 0.315062 0.267219
vt 0.294875 0.260811
vt 0.274267 0.257394
vt 0.253451 0.256952
vt 0.363748 0.324145
vt 0.347501 0.310401
vt 0.330164 0.299585
vt 0.311948 0.291588
vt 0.293068 0.286310
vt 0.273736 0.283684
vt 0.254165 0.283655
vt 0.356837 0.343214
vt 0.341959 0.331304
vt 0.325953 0.322194
vt 0.309032 0.315673
vt 0.291411 0.311551
vt 0.273302 0.309722
vt 0.254918 0.310103
vt 0.350319 0.361617
vt 0.336796 0.351673
vt 0.322079 0.344375
vt 0.306394 0.339397
vt 0.289962 0.336457
vt 0.273000 0.335424
vt 0.255726 0.336208
vt 0.344459 0.379111
vt 0.332256 0.371467
vt 0.318733 0.366146
vt 0.304159 0.362742
vt 0.288797 0.360973
vt 0.272871 0.360715
vt 0.256601 0.361882
vt 0.339654 0.395522
vt 0.328657 0.390728
vt 0.316131 0.387558
vt 0.302467 0.385708
vt 0.287997 0.385054
vt 0.272958 0.385519
vt 0.257561 0.387041
vt 0.208890 0.238521
vt 0.187518 0.247736
vt 0.166793 0.260142
vt 0.146926 0.275622
vt 0.128127 0.294053
vt 0.110605 0.315311
vt 0.094568 0.339273
vt 0.212041 0.264917
vt 0.191857 0.273244
vt 0.172298 0.284387
vt 0.153575 0.298279
vt 0.135901 0.314853
vt 0.119489 0.334053
vt 0.104553 0.355821
vt 0.215144 0.291160
vt 0.196112 0.298614
vt 0.177683 0.308502
vt 0.160070 0.320800
vt 0.143490 0.335489
vt 0.128164 0.352588
vt 0.114317 0.372119
vt 0.218172 0.317171
vt 0.200237 0.323775
vt 0.182884 0.332425
vt 0.166331 0.343120
vt 0.150801 0.355883
vt 0.136528 0.370816
vt 0.123751 0.388045
vt 0.221100 0.342867
vt 0.204186 0.348660
vt 0.187836 0.356099
vt 0.172271 0.365194
vt 0.157723 0.375987
vt 0.144447 0.388668
vt 0.132707 0.403472
vt 0.223899 0.368172
vt 0.207909 0.373209
vt 0.192456 0.379503
vt 0.177765 0.387052
vt 0.164074 0.395892
vt 0.151677 0.406199
vt 0.140896 0.418264
vt 0.226544 0.393006
vt 0.211352 0.397368
vt 0.196658 0.402622
vt 0.182677 0.408748
vt 0.169649 0.415732
vt 0.157917 0.423567
vt 0.147903 0.432403
vt 0.067749 0.394770
vt 0.057205 0.425814
vt 0.048617 0.458588
vt 0.042008 0.492735
vt 0.037404 0.527893
vt 0.034831 0.563699
vt 0.034308 0.599792
vt 0.079923 0.406789
vt 0.070430 0.435574
vt 0.062809 0.466106
vt 0.057044 0.498035
vt 0.053121 0.531006
vt 0.051029 0.564667
vt 0.050758 0.598666
vt 0.091897 0.418514
vt 0.083482 0.445051
vt 0.076860 0.473369
vt 0.071964 0.503121
vt 0.068732 0.533958
vt 0.067125 0.565533
vt 0.067107 0.597500
vt 0.103572 0.429802
vt 0.096280 0.454103
vt 0.090703 0.480246
vt 0.086710 0.507883
vt 0.084186 0.536664
vt 0.083067 0.566242
vt 0.083300 0.596269
vt 0.114839 0.440448
vt 0.108751 0.462537
vt 0.104283 0.486573
vt 0.101235 0.512192
vt 0.099435 0.539032
vt 0.098803 0.566735
vt 0.099282 0.594951
vt 0.125550 0.450020
vt 0.120870 0.469950
vt 0.117612 0.492039
vt 0.115528 0.515842
vt 0.114445 0.540935
vt 0.114286 0.566946
vt 0.115001 0.593520
vt 0.135597 0.457868
vt 0.132662 0.475829
vt 0.130721 0.496288
vt 0.129589 0.518606
vt 0.129188 0.542241
vt 0.129473 0.566805
vt 0.130405 0.591953
vt 0.039474 0.671449
vt 0.045116 0.706357
vt 0.052711 0.740207
vt 0.062189 0.772657
vt 0.073473 0.803362
vt 0.086489 0.831981
vt 0.101159 0.858175
vt 0.055635 0.666303
vt 0.060733 0.699269
vt 0.067555 0.731216
vt 0.076060 0.761797
vt 0.086208 0.790665
vt 0.097963 0.817471
vt 0.111291 0.841867
vt 0.071702 0.661235
vt 0.076266 0.692320
vt 0.082320 0.722421
vt 0.089849 0.751189
vt 0.098843 0.778270
vt 0.109311 0.803301
vt 0.121269 0.825918
vt 0.087627 0.656288
vt 0.091671 0.685582
vt 0.096966 0.713926
vt 0.103514 0.740962
vt 0.111328 0.766328
vt 0.120471 0.789640
vt 0.131019 0.810510
vt 0.103359 0.651506
vt 0.106906 0.679132
vt 0.111461 0.705838
vt 0.117029 0.731260
vt 0.123637 0.755022
vt 0.131401 0.776706
vt 0.140464 0.795880
vt 0.118852 0.646933
vt 0.121936 0.673052
vt 0.125790 0.698292
vt 0.130412 0.722287
vt 0.135824 0.744649
vt 0.142134 0.764897
vt 0.149521 0.782506
vt 0.134057 0.642613
vt 0.136727 0.667427
vt 0.139944 0.691428
vt 0.143695 0.714264
vt 0.147970 0.735542
vt 0.152768 0.754705
vt 0.158177 0.771061
vt 0.748241 0.975007
vt 0.123385 0.135281
vt 0.748243 0.987329
vt 0.873937 0.082805
vt 0.686299 0.082805
vt 0.577542 0.872183
vt 0.582884 0.863454
vt 0.498661 0.082805
vt 0.506982 0.593413
vt 0.514526 0.593411
vt 0.311023 0.082805
vt 0.577479 0.314602
vt 0.582824 0.323327
vt 0.873937 0.135280
vt 0.123385 0.082805
vt 0.748155 0.199354
vt 0.748156 0.211675
vt 0.686299 0.135281
vt 0.918856 0.314500
vt 0.913513 0.323229
vt 0.498661 0.135281
vt 0.989416 0.593269
vt 0.981872 0.593272
vt 0.311023 0.135281
vt 0.918918 0.872081
vt 0.913574 0.863355
vt 0.599796 0.888417
vt 0.709719 0.082805
vt 0.595135 0.898073
vt 0.618193 0.910497
vt 0.733162 0.082805
vt 0.614223 0.920951
vt 0.637875 0.929593
vt 0.756632 0.082805
vt 0.634602 0.940693
vt 0.658643 0.945556
vt 0.780118 0.082805
vt 0.656058 0.957153
vt 0.680285 0.958228
vt 0.803605 0.082805
vt 0.678374 0.970186
vt 0.702584 0.967449
vt 0.827074 0.082805
vt 0.701327 0.979647
vt 0.725314 0.973075
vt 0.724695 0.985400
vt 0.850517 0.082805
vt 0.515717 0.630859
vt 0.522081 0.082805
vt 0.508171 0.631874
vt 0.519170 0.667982
vt 0.545524 0.082805
vt 0.511702 0.670039
vt 0.524823 0.704400
vt 0.568994 0.082805
vt 0.517503 0.707527
vt 0.532590 0.739745
vt 0.592480 0.082805
vt 0.525490 0.743970
vt 0.542371 0.773659
vt 0.615967 0.082805
vt 0.535576 0.779009
vt 0.554069 0.805799
vt 0.639436 0.082805
vt 0.547670 0.812288
vt 0.567595 0.835841
vt 0.662879 0.082805
vt 0.561684 0.843456
vt 0.567540 0.350950
vt 0.334443 0.082805
vt 0.561628 0.343338
vt 0.554022 0.380999
vt 0.357886 0.082805
vt 0.547621 0.374515
vt 0.542331 0.413147
vt 0.381356 0.082805
vt 0.535535 0.407800
vt 0.532557 0.447066
vt 0.404842 0.082805
vt 0.525457 0.442845
vt 0.524799 0.482416
vt 0.428329 0.082805
vt 0.517477 0.479293
vt 0.519153 0.518838
vt 0.451798 0.082805
vt 0.511685 0.516785
vt 0.515709 0.555963
vt 0.475241 0.082805
vt 0.508163 0.554952
vt 0.725229 0.213622
vt 0.146805 0.082805
vt 0.724607 0.201296
vt 0.702501 0.219260
vt 0.170248 0.082805
vt 0.701241 0.207063
vt 0.680203 0.228495
vt 0.193718 0.082805
vt 0.678289 0.216538
vt 0.658564 0.241180
vt 0.217204 0.082805
vt 0.655977 0.229584
vt 0.637800 0.257156
vt 0.240691 0.082805
vt 0.634525 0.246058
vt 0.618122 0.276263
vt 0.264160 0.082805
vt 0.614150 0.265811
vt 0.599730 0.298355
vt 0.287603 0.082805
vt 0.595067 0.288701
vt 0.896602 0.298266
vt 0.709719 0.135281
vt 0.901262 0.288610
vt 0.878204 0.276186
vt 0.733162 0.135281
vt 0.882174 0.265731
vt 0.858522 0.257090
vt 0.756632 0.135281
vt 0.861795 0.245990
vt 0.837755 0.241126
vt 0.780118 0.135281
vt 0.840339 0.229529
vt 0.816112 0.228455
vt 0.803605 0.135281
vt 0.818024 0.216497
vt 0.793813 0.219233
vt 0.827074 0.135281
vt 0.795070 0.207036
vt 0.771083 0.213608
vt 0.850517 0.135281
vt 0.771702 0.201282
vt 0.980680 0.555824
vt 0.522081 0.135281
vt 0.988226 0.554809
vt 0.977228 0.518701
vt 0.545524 0.135281
vt 0.984695 0.516644
vt 0.971574 0.482283
vt 0.568994 0.135281
vt 0.978894 0.479156
vt 0.963808 0.446937
vt 0.592480 0.135281
vt 0.970907 0.442712
vt 0.954027 0.413024
vt 0.615967 0.135281
vt 0.960821 0.407673
vt 0.942328 0.380883
vt 0.639436 0.135281
vt 0.948727 0.374395
vt 0.928803 0.350842
vt 0.662879 0.135281
vt 0.934713 0.343226
vt 0.928857 0.835733
vt 0.334443 0.135281
vt 0.934769 0.843345
vt 0.942376 0.805684
vt 0.357886 0.135281
vt 0.948776 0.812168
vt 0.954067 0.773536
vt 0.381356 0.135281
vt 0.960863 0.778882
vt 0.963841 0.739617
vt 0.404842 0.135281
vt 0.970941 0.743837
vt 0.971599 0.704267
vt 0.428329 0.135281
vt 0.978920 0.707389
vt 0.977244 0.667845
vt 0.451798 0.135281
vt 0.984712 0.669898
vt 0.980688 0.630720
vt 0.475241 0.135281
vt 0.988235 0.631731
vt 0.771168 0.973061
vt 0.146805 0.135281
vt 0.771790 0.985386
vt 0.793897 0.967422
vt 0.170248 0.135281
vt 0.795156 0.979619
vt 0.816194 0.958187
vt 0.193718 0.135281
vt 0.818108 0.970144
vt 0.837834 0.945503
vt 0.217204 0.135281
vt 0.840421 0.957098
vt 0.858597 0.929527
vt 0.240691 0.135281
vt 0.861873 0.940625
vt 0.878275 0.910419
vt 0.264160 0.135281
vt 0.882247 0.920871
vt 0.896668 0.888328
vt 0.287603 0.135281
vt 0.901330 0.897982
vt 0.123385 0.187225
vt 0.284921 0.984626
vt 0.873937 0.134749
vt 0.284039 0.972388
vt 0.440258 0.829968
vt 0.686299 0.134749
vt 0.446190 0.837615
vt 0.488781 0.548706
vt 0.498661 0.134749
vt 0.496273 0.547265
vt 0.401584 0.293547
vt 0.311023 0.134749
vt 0.406266 0.283859
vt 0.229383 0.214294
vt 0.873937 0.187225
vt 0.123385 0.134749
vt 0.228501 0.202057
vt 0.073164 0.356715
vt 0.686299 0.187225
vt 0.067232 0.349068
vt 0.024641 0.637977
vt 0.498661 0.187225
vt 0.017149 0.639418
vt 0.111838 0.893135
vt 0.311023 0.187225
vt 0.107156 0.902823
vt 0.709719 0.134749
vt 0.430574 0.866692
vt 0.425253 0.857994
vt 0.733162 0.134749
vt 0.413258 0.893065
vt 0.408566 0.883442
vt 0.756632 0.134749
vt 0.394435 0.916569
vt 0.390388 0.906172
vt 0.780118 0.134749
vt 0.374307 0.937021
vt 0.370909 0.925999
vt 0.803605 0.134749
vt 0.353080 0.954234
vt 0.350324 0.942724
vt 0.827074 0.134749
vt 0.330963 0.968021
vt 0.328840 0.956148
vt 0.308168 0.978205
vt 0.850517 0.134749
vt 0.306670 0.966083
vt 0.522081 0.134749
vt 0.497850 0.585688
vt 0.490283 0.586124
vt 0.545524 0.134749
vt 0.497080 0.624266
vt 0.489516 0.623652
vt 0.568994 0.134749
vt 0.494007 0.662606
vt 0.486513 0.660901
vt 0.592480 0.134749
vt 0.488688 0.700326
vt 0.481335 0.697489
vt 0.615967 0.134749
vt 0.481185 0.737054
vt 0.474053 0.733040
vt 0.639436 0.134749
vt 0.471560 0.772417
vt 0.464740 0.767197
vt 0.662879 0.134749
vt 0.459878 0.806052
vt 0.453462 0.799620
vt 0.334443 0.134749
vt 0.424069 0.309365
vt 0.418743 0.318056
vt 0.357886 0.134749
vt 0.440215 0.337648
vt 0.434324 0.345312
vt 0.381356 0.134749
vt 0.454606 0.368392
vt 0.448240 0.375002
vt 0.404842 0.134749
vt 0.467127 0.401268
vt 0.460379 0.406818
vt 0.428329 0.134749
vt 0.477665 0.435939
vt 0.470619 0.440440
vt 0.451798 0.134749
vt 0.486107 0.472064
vt 0.478837 0.475531
vt 0.475241 0.134749
vt 0.492342 0.509294
vt 0.484920 0.511742
vt 0.146805 0.134749
vt 0.252025 0.199482
vt 0.252292 0.211841
vt 0.170248 0.134749
vt 0.275645 0.200739
vt 0.275268 0.213093
vt 0.193718 0.134749
vt 0.299118 0.205757
vt 0.298074 0.217998
vt 0.217204 0.134749
vt 0.322212 0.214445
vt 0.320475 0.226456
vt 0.240691 0.134749
vt 0.344698 0.226701
vt 0.342241 0.238349
vt 0.264160 0.134749
vt 0.366349 0.242421
vt 0.363154 0.253561
vt 0.287603 0.134749
vt 0.386942 0.261502
vt 0.383004 0.271981
vt 0.709719 0.187225
vt 0.082848 0.319990
vt 0.088169 0.328689
vt 0.733162 0.187225
vt 0.100164 0.293618
vt 0.104856 0.303240
vt 0.756632 0.187225
vt 0.118987 0.270113
vt 0.123034 0.280511
vt 0.780118 0.187225
vt 0.139115 0.249661
vt 0.142513 0.260684
vt 0.803605 0.187225
vt 0.160342 0.232449
vt 0.163098 0.243959
vt 0.827074 0.187225
vt 0.182459 0.218662
vt 0.184582 0.230535
vt 0.850517 0.187225
vt 0.205254 0.208478
vt 0.206752 0.220600
vt 0.522081 0.187225
vt 0.015572 0.600995
vt 0.023139 0.600559
vt 0.545524 0.187225
vt 0.016342 0.562416
vt 0.023906 0.563031
vt 0.568994 0.187225
vt 0.019415 0.524077
vt 0.026909 0.525781
vt 0.592480 0.187225
vt 0.024734 0.486356
vt 0.032087 0.489194
vt 0.615967 0.187225
vt 0.032237 0.449629
vt 0.039369 0.453642
vt 0.639436 0.187225
vt 0.041862 0.414266
vt 0.048682 0.419485
vt 0.662879 0.187225
vt 0.053544 0.380631
vt 0.059960 0.387063
vt 0.334443 0.187225
vt 0.089353 0.877317
vt 0.094679 0.868627
vt 0.357886 0.187225
vt 0.073207 0.849035
vt 0.079098 0.841370
vt 0.381356 0.187225
vt 0.058816 0.818290
vt 0.065182 0.811681
vt 0.404842 0.187225
vt 0.046295 0.785415
vt 0.053043 0.779865
vt 0.428329 0.187225
vt 0.035757 0.750744
vt 0.042803 0.746243
vt 0.451798 0.187225
vt 0.027315 0.714619
vt 0.034585 0.711151
vt 0.475241 0.187225
vt 0.021080 0.677388
vt 0.028502 0.674941
vt 0.146805 0.187225
vt 0.261397 0.987201
vt 0.261130 0.974842
vt 0.170248 0.187225
vt 0.237777 0.985944
vt 0.238154 0.973590
vt 0.193718 0.187225
vt 0.214304 0.980925
vt 0.215348 0.968684
vt 0.217204 0.187225
vt 0.191210 0.972238
vt 0.192947 0.960227
vt 0.240691 0.187225
vt 0.168724 0.959982
vt 0.171181 0.948333
vt 0.264160 0.187225
vt 0.147073 0.944262
vt 0.150268 0.933122
vt 0.287603 0.187225
vt 0.126480 0.925180
vt 0.130418 0.914702
s 1
usemtl 5_Santim
f 150/150/1 151/151/1 158/158/1 157/157/1
f 151/151/1 152/152/1 159/159/1 158/158/1
f 152/152/1 153/153/1 160/160/1 159/159/1
f 153/153/1 154/154/1 161/161/1 160/160/1
f 154/154/1 155/155/1 162/162/1 161/161/1
f 155/155/1 156/156/1 163/163/1 162/162/1
f 157/157/1 158/158/1 165/165/1 164/164/1
f 158/158/1 159/159/1 166/166/1 165/165/1
f 159/159/1 160/160/1 167/167/1 166/166/1
f 160/160/1 161/161/1 168/168/1 167/167/1
f 161/161/1 162/162/1 169/169/1 168/168/1
f 162/162/1 163/163/1 170/170/1 169/169/1
f 164/164/1 165/165/1 172/172/1 171/171/1
f 165/165/1 166/166/1 173/173/1 172/172/1
f 166/166/1 167/167/1 174/174/1 173/173/1
f 167/167/1 168/168/1 175/175/1 174/174/1
f 168/168/1 169/169/1 176/176/1 175/175/1
f 169/169/1 170/170/1 177/177/1 176/176/1
f 171/171/1 172/172/1 179/179/1 178/178/1
f 172/172/1 173/173/1 180/180/1 179/179/1
f 173/173/1 174/174/1 181/181/1 180/180/1
f 174/174/1 175/175/1 182/182/1 181/181/1
f 175/175/1 176/176/1 183/183/1 182/182/1
f 176/176/1 177/177/1 184/184/1 183/183/1
f 178/178/1 179/179/1 186/186/1 185/185/1
f 179/179/1 180/180/1 187/187/1 186/186/1
f 180/180/1 181/181/1 188/188/1 187/187/1
f 181/181/1 182/182/1 189/189/1 188/188/1
f 182/182/1 183/183/1 190/190/1 189/189/1
f 183/183/1 184/184/1 191/191/1 190/190/1
f 185/185/1 186/186/1 193/193/1 192/192/1
f 186/186/1 187/187/1 194/194/1 193/193/1
f 187/187/1 188/188/1 195/195/1 194/194/1
f 188/188/1 189/189/1 196/196/1 195/195/1
f 189/189/1 190/190/1 197/197/1 196/196/1
f 190/190/1 191/191/1 198/198/1 197/197/1
f 9/9/1 79/79/1 150/150/1 87/87/1
f 79/79/1 78/78/1 151/151/1 150/150/1
f 78/78/1 77/77/1 152/152/1 151/151/1
f 77/77/1 76/76/1 153/153/1 152/152/1
f 76/76/1 75/75/1 154/154/1 153/153/1
f 75/75/1 74/74/1 155/155/1 154/154/1
f 74/74/1 73/73/1 156/156/1 155/155/1
f 73/73/1 6/6/1 24/24/1 156/156/1
f 156/156/1 24/24/1 25/25/1 163/163/1
f 163/163/1 25/25/1 26/26/1 170/170/1
f 170/170/1 26/26/1 27/27/1 177/177/1
f 177/177/1 27/27/1 28/28/1 184/184/1
f 184/184/1 28/28/1 29/29/1 191/191/1
f 191/191/1 29/29/1 30/30/1 198/198/1
f 198/198/1 30/30/1 4/4/1 66/66/1
f 197/197/1 198/198/1 66/66/1 67/67/1
f 196/196/1 197/197/1 67/67/1 68/68/1
f 195/195/1 196/196/1 68/68/1 69/69/1
f 194/194/1 195/195/1 69/69/1 70/70/1
f 193/193/1 194/194/1 70/70/1 71/71/1
f 192/192/1 193/193/1 71/71/1 72/72/1
f 93/93/1 192/192/1 72/72/1 8/8/1
f 92/92/1 185/185/1 192/192/1 93/93/1
f 91/91/1 178/178/1 185/185/1 92/92/1
f 90/90/1 171/171/1 178/178/1 91/91/1
f 89/89/1 164/164/1 171/171/1 90/90/1
f 88/88/1 157/157/1 164/164/1 89/89/1
f 87/87/1 150/150/1 157/157/1 88/88/1
f 199/199/1 200/200/1 207/207/1 206/206/1
f 200/200/1 201/201/1 208/208/1 207/207/1
f 201/201/1 202/202/1 209/209/1 208/208/1
f 202/202/1 203/203/1 210/210/1 209/209/1
f 203/203/1 204/204/1 211/211/1 210/210/1
f 204/204/1 205/205/1 212/212/1 211/211/1
f 206/206/1 207/207/1 214/214/1 213/213/1
f 207/207/1 208/208/1 215/215/1 214/214/1
f 208/208/1 209/209/1 216/216/1 215/215/1
f 209/209/1 210/210/1 217/217/1 216/216/1
f 210/210/1 211/211/1 218/218/1 217/217/1
f 211/211/1 212/212/1 219/219/1 218/218/1
f 213/213/1 214/214/1 221/221/1 220/220/1
f 214/214/1 215/215/1 222/222/1 221/221/1
f 215/215/1 216/216/1 223/223/1 222/222/1
f 216/216/1 217/217/1 224/224/1 223/223/1
f 217/217/1 218/218/1 225/225/1 224/224/1
f 218/218/1 219/219/1 226/226/1 225/225/1
f 220/220/1 221/221/1 228/228/1 227/227/1
f 221/221/1 222/222/1 229/229/1 228/228/1
f 222/222/1 223/223/1 230/230/1 229/229/1
f 223/223/1 224/224/1 231/231/1 230/230/1
f 224/224/1 225/225/1 232/232/1 231/231/1
f 225/225/1 226/226/1 233/233/1 232/232/1
f 227/227/1 228/228/1 235/235/1 234/234/1
f 228/228/1 229/229/1 236/236/1 235/235/1
f 229/229/1 230/230/1 237/237/1 236/236/1
f 230/230/1 231/231/1 238/238/1 237/237/1
f 231/231/1 232/232/1 239/239/1 238/238/1
f 232/232/1 233/233/1 240/240/1 239/239/1
f 234/234/1 235/235/1 242/242/1 241/241/1
f 235/235/1 236/236/1 243/243/1 242/242/1
f 236/236/1 237/237/1 244/244/1 243/243/1
f 237/237/1 238/238/1 245/245/1 244/244/1
f 238/238/1 239/239/1 246/246/1 245/245/1
f 239/239/1 240/240/1 247/247/1 246/246/1
f 7/7/1 17/17/1 199/199/1 80/80/1
f 17/17/1 18/18/1 200/200/1 199/199/1
f 18/18/1 19/19/1 201/201/1 200/200/1
f 19/19/1 20/20/1 202/202/1 201/201/1
f 20/20/1 21/21/1 203/203/1 202/202/1
f 21/21/1 22/22/1 204/204/1 203/203/1
f 22/22/1 23/23/1 205/205/1 204/204/1
f 23/23/1 2/2/1 45/45/1 205/205/1
f 205/205/1 45/45/1 46/46/1 212/212/1
f 212/212/1 46/46/1 47/47/1 219/219/1
f 219/219/1 47/47/1 48/48/1 226/226/1
f 226/226/1 48/48/1 49/49/1 233/233/1
f 233/233/1 49/49/1 50/50/1 240/240/1
f 240/240/1 50/50/1 51/51/1 247/247/1
f 247/247/1 51/51/1 6/6/1 73/73/1
f 246/246/1 247/247/1 73/73/1 74/74/1
f 245/245/1 246/246/1 74/74/1 75/75/1
f 244/244/1 245/245/1 75/75/1 76/76/1
f 243/243/1 244/244/1 76/76/1 77/77/1
f 242/242/1 243/243/1 77/77/1 78/78/1
f 241/241/1 242/242/1 78/78/1 79/79/1
f 86/86/1 241/241/1 79/79/1 9/9/1
f 85/85/1 234/234/1 241/241/1 86/86/1
f 84/84/1 227/227/1 234/234/1 85/85/1
f 83/83/1 220/220/1 227/227/1 84/84/1
f 82/82/1 213/213/1 220/220/1 83/83/1
f 81/81/1 206/206/1 213/213/1 82/82/1
f 80/80/1 199/199/1 206/206/1 81/81/1
f 248/248/1 249/249/1 256/256/1 255/255/1
f 249/249/1 250/250/1 257/257/1 256/256/1
f 250/250/1 251/251/1 258/258/1 257/257/1
f 251/251/1 252/252/1 259/259/1 258/258/1
f 252/252/1 253/253/1 260/260/1 259/259/1
f 253/253/1 254/254/1 261/261/1 260/260/1
f 255/255/1 256/256/1 263/263/1 262/262/1
f 256/256/1 257/257/1 264/264/1 263/263/1
f 257/257/1 258/258/1 265/265/1 264/264/1
f 258/258/1 259/259/1 266/266/1 265/265/1
f 259/259/1 260/260/1 267/267/1 266/266/1
f 260/260/1 261/261/1 268/268/1 267/267/1
f 262/262/1 263/263/1 270/270/1 269/269/1
f 263/263/1 264/264/1 271/271/1 270/270/1
f 264/264/1 265/265/1 272/272/1 271/271/1
f 265/265/1 266/266/1 273/273/1 272/272/1
f 266/266/1 267/267/1 274/274/1 273/273/1
f 267/267/1 268/268/1 275/275/1 274/274/1
f 269/269/1 270/270/1 277/277/1 276/276/1
f 270/270/1 271/271/1 278/278/1 277/277/1
f 271/271/1 272/272/1 279/279/1 278/278/1
f 272/272/1 273/273/1 280/280/1 279/279/1
f 273/273/1 274/274/1 281/281/1 280/280/1
f 274/274/1 275/275/1 282/282/1 281/281/1
f 276/276/1 277/277/1 284/284/1 283/283/1
f 277/277/1 278/278/1 285/285/1 284/284/1
f 278/278/1 279/279/1 286/286/1 285/285/1
f 279/279/1 280/280/1 287/287/1 286/286/1
f 280/280/1 281/281/1 288/288/1 287/287/1
f 281/281/1 282/282/1 289/289/1 288/288/1
f 283/283/1 284/284/1 291/291/1 290/290/1
f 284/284/1 285/285/1 292/292/1 291/291/1
f 285/285/1 286/286/1 293/293/1 292/292/1
f 286/286/1 287/287/1 294/294/1 293/293/1
f 287/287/1 288/288/1 295/295/1 294/294/1
f 288/288/1 289/289/1 296/296/1 295/295/1
f 1/1/1 59/59/1 248/248/1 16/16/1
f 59/59/1 60/60/1 249/249/1 248/248/1
f 60/60/1 61/61/1 250/250/1 249/249/1
f 61/61/1 62/62/1 251/251/1 250/250/1
f 62/62/1 63/63/1 252/252/1 251/251/1
f 63/63/1 64/64/1 253/253/1 252/252/1
f 64/64/1 65/65/1 254/254/1 253/253/1
f 65/65/1 7/7/1 80/80/1 254/254/1
f 254/254/1 80/80/1 81/81/1 261/261/1
f 261/261/1 81/81/1 82/82/1 268/268/1
f 268/268/1 82/82/1 83/83/1 275/275/1
f 275/275/1 83/83/1 84/84/1 282/282/1
f 282/282/1 84/84/1 85/85/1 289/289/1
f 289/289/1 85/85/1 86/86/1 296/296/1
f 296/296/1 86/86/1 9/9/1 52/52/1
f 295/295/1 296/296/1 52/52/1 53/53/1
f 294/294/1 295/295/1 53/53/1 54/54/1
f 293/293/1 294/294/1 54/54/1 55/55/1
f 292/292/1 293/293/1 55/55/1 56/56/1
f 291/291/1 292/292/1 56/56/1 57/57/1
f 290/290/1 291/291/1 57/57/1 58/58/1
f 10/10/1 290/290/1 58/58/1 5/5/1
f 11/11/1 283/283/1 290/290/1 10/10/1
f 12/12/1 276/276/1 283/283/1 11/11/1
f 13/13/1 269/269/1 276/276/1 12/12/1
f 14/14/1 262/262/1 269/269/1 13/13/1
f 15/15/1 255/255/1 262/262/1 14/14/1
f 16/16/1 248/248/1 255/255/1 15/15/1
f 297/297/1 298/298/1 305/305/1 304/304/1
f 298/298/1 299/299/1 306/306/1 305/305/1
f 299/299/1 300/300/1 307/307/1 306/306/1
f 300/300/1 301/301/1 308/308/1 307/307/1
f 301/301/1 302/302/1 309/309/1 308/308/1
f 302/302/1 303/303/1 310/310/1 309/309/1
f 304/304/1 305/305/1 312/312/1 311/311/1
f 305/305/1 306/306/1 313/313/1 312/312/1
f 306/306/1 307/307/1 314/314/1 313/313/1
f 307/307/1 308/308/1 315/315/1 314/314/1
f 308/308/1 309/309/1 316/316/1 315/315/1
f 309/309/1 310/310/1 317/317/1 316/316/1
f 311/311/1 312/312/1 319/319/1 318/318/1
f 312/312/1 313/313/1 320/320/1 319/319/1
f 313/313/1 314/314/1 321/321/1 320/320/1
f 314/314/1 315/315/1 322/322/1 321/321/1
f 315/315/1 316/316/1 323/323/1 322/322/1
f 316/316/1 317/317/1 324/324/1 323/323/1
f 318/318/1 319/319/1 326/326/1 325/325/1
f 319/319/1 320/320/1 327/327/1 326/326/1
f 320/320/1 321/321/1 328/328/1 327/327/1
f 321/321/1 322/322/1 329/329/1 328/328/1
f 322/322/1 323/323/1 330/330/1 329/329/1
f 323/323/1 324/324/1 331/331/1 330/330/1
f 325/325/1 326/326/1 333/333/1 332/332/1
f 326/326/1 327/327/1 334/334/1 333/333/1
f 327/327/1 328/328/1 335/335/1 334/334/1
f 328/328/1 329/329/1 336/336/1 335/335/1
f 329/329/1 330/330/1 337/337/1 336/336/1
f 330/330/1 331/331/1 338/338/1 337/337/1
f 332/332/1 333/333/1 340/340/1 339/339/1
f 333/333/1 334/334/1 341/341/1 340/340/1
f 334/334/1 335/335/1 342/342/1 341/341/1
f 335/335/1 336/336/1 343/343/1 342/342/1
f 336/336/1 337/337/1 344/344/1 343/343/1
f 337/337/1 338/338/1 345/345/1 344/344/1
f 5/5/1 58/58/1 297/297/1 44/44/1
f 58/58/1 57/57/1 298/298/1 297/297/1
f 57/57/1 56/56/1 299/299/1 298/298/1
f 56/56/1 55/55/1 300/300/1 299/299/1
f 55/55/1 54/54/1 301/301/1 300/300/1
f 54/54/1 53/53/1 302/302/1 301/301/1
f 53/53/1 52/52/1 303/303/1 302/302/1
f 52/52/1 9/9/1 87/87/1 303/303/1
f 303/303/1 87/87/1 88/88/1 310/310/1
f 310/310/1 88/88/1 89/89/1 317/317/1
f 317/317/1 89/89/1 90/90/1 324/324/1
f 324/324/1 90/90/1 91/91/1 331/331/1
f 331/331/1 91/91/1 92/92/1 338/338/1
f 338/338/1 92/92/1 93/93/1 345/345/1
f 345/345/1 93/93/1 8/8/1 31/31/1
f 344/344/1 345/345/1 31/31/1 32/32/1
f 343/343/1 344/344/1 32/32/1 33/33/1
f 342/342/1 343/343/1 33/33/1 34/34/1
f 341/341/1 342/342/1 34/34/1 35/35/1
f 340/340/1 341/341/1 35/35/1 36/36/1
f 339/339/1 340/340/1 36/36/1 37/37/1
f 38/38/1 339/339/1 37/37/1 3/3/1
f 39/39/1 332/332/1 339/339/1 38/38/1
f 40/40/1 325/325/1 332/332/1 39/39/1
f 41/41/1 318/318/1 325/325/1 40/40/1
f 42/42/1 311/311/1 318/318/1 41/41/1
f 43/43/1 304/304/1 311/311/1 42/42/1
f 44/44/1 297/297/1 304/304/1 43/43/1
f 346/346/1 347/347/1 354/354/1 353/353/1
f 347/347/1 348/348/1 355/355/1 354/354/1
f 348/348/1 349/349/1 356/356/1 355/355/1
f 349/349/1 350/350/1 357/357/1 356/356/1
f 350/350/1 351/351/1 358/358/1 357/357/1
f 351/351/1 352/352/1 359/359/1 358/358/1
f 353/353/1 354/354/1 361/361/1 360/360/1
f 354/354/1 355/355/1 362/362/1 361/361/1
f 355/355/1 356/356/1 363/363/1 362/362/1
f 356/356/1 357/357/1 364/364/1 363/363/1
f 357/357/1 358/358/1 365/365/1 364/364/1
f 358/358/1 359/359/1 366/366/1 365/365/1
f 360/360/1 361/361/1 368/368/1 367/367/1
f 361/361/1 362/362/1 369/369/1 368/368/1
f 362/362/1 363/363/1 370/370/1 369/369/1
f 363/363/1 364/364/1 371/371/1 370/370/1
f 364/364/1 365/365/1 372/372/1 371/371/1
f 365/365/1 366/366/1 373/373/1 372/372/1
f 367/367/1 368/368/1 375/375/1 374/374/1
f 368/368/1 369/369/1 376/376/1 375/375/1
f 369/369/1 370/370/1 377/377/1 376/376/1
f 370/370/1 371/371/1 378/378/1 377/377/1
f 371/371/1 372/372/1 379/379/1 378/378/1
f 372/372/1 373/373/1 380/380/1 379/379/1
f 374/374/1 375/375/1 382/382/1 381/381/1
f 375/375/1 376/376/1 383/383/1 382/382/1
f 376/376/1 377/377/1 384/384/1 383/383/1
f 377/377/1 378/378/1 385/385/1 384/384/1
f 378/378/1 379/379/1 386/386/1 385/385/1
f 379/379/1 380/380/1 387/387/1 386/386/1
f 381/381/1 382/382/1 389/389/1 388/388/1
f 382/382/1 383/383/1 390/390/1 389/389/1
f 383/383/1 384/384/1 391/391/1 390/390/1
f 384/384/1 385/385/1 392/392/1 391/391/1
f 385/385/1 386/386/1 393/393/1 392/392/1
f 386/386/1 387/387/1 394/394/1 393/393/1
f 1575/1627/2 1490/1500/3 100/100/1 695/695/1
f 1604/1672/4 838/838/5 1132/1132/5 1632/1715/6
f 1600/1664/7 1602/1667/8 1729/1860/9 1727/1857/10
f 1598/1661/11 1600/1664/7 1727/1857/10 1725/1854/12
f 1596/1658/13 1598/1661/11 1725/1854/12 1723/1851/14
f 1594/1655/15 1596/1658/13 1723/1851/14 1721/1848/16
f 1592/1652/17 1594/1655/15 1721/1848/16 1719/1845/18
f 1477/1479/19 1492/1502/20 1619/1695/21 1606/1674/22
f 352/352/1 101/101/1 102/102/1 359/359/1
f 359/359/1 102/102/1 103/103/1 366/366/1
f 366/366/1 103/103/1 104/104/1 373/373/1
f 373/373/1 104/104/1 105/105/1 380/380/1
f 380/380/1 105/105/1 106/106/1 387/387/1
f 387/387/1 106/106/1 107/107/1 394/394/1
f 394/394/1 107/107/1 8/8/1 72/72/1
f 393/393/1 394/394/1 72/72/1 71/71/1
f 392/392/1 393/393/1 71/71/1 70/70/1
f 391/391/1 392/392/1 70/70/1 69/69/1
f 390/390/1 391/391/1 69/69/1 68/68/1
f 389/389/1 390/390/1 68/68/1 67/67/1
f 388/388/1 389/389/1 67/67/1 66/66/1
f 94/94/1 388/388/1 66/66/1 4/4/1
f 95/95/1 381/381/1 388/388/1 94/94/1
f 96/96/1 374/374/1 381/381/1 95/95/1
f 97/97/1 367/367/1 374/374/1 96/96/1
f 98/98/1 360/360/1 367/367/1 97/97/1
f 99/99/1 353/353/1 360/360/1 98/98/1
f 100/100/1 346/346/1 353/353/1 99/99/1
f 395/395/1 396/396/1 403/403/1 402/402/1
f 396/396/1 397/397/1 404/404/1 403/403/1
f 397/397/1 398/398/1 405/405/1 404/404/1
f 398/398/1 399/399/1 406/406/1 405/405/1
f 399/399/1 400/400/1 407/407/1 406/406/1
f 400/400/1 401/401/1 408/408/1 407/407/1
f 402/402/1 403/403/1 410/410/1 409/409/1
f 403/403/1 404/404/1 411/411/1 410/410/1
f 404/404/1 405/405/1 412/412/1 411/411/1
f 405/405/1 406/406/1 413/413/1 412/412/1
f 406/406/1 407/407/1 414/414/1 413/413/1
f 407/407/1 408/408/1 415/415/1 414/414/1
f 409/409/1 410/410/1 417/417/1 416/416/1
f 410/410/1 411/411/1 418/418/1 417/417/1
f 411/411/1 412/412/1 419/419/1 418/418/1
f 412/412/1 413/413/1 420/420/1 419/419/1
f 413/413/1 414/414/1 421/421/1 420/420/1
f 414/414/1 415/415/1 422/422/1 421/421/1
f 416/416/1 417/417/1 424/424/1 423/423/1
f 417/417/1 418/418/1 425/425/1 424/424/1
f 418/418/1 419/419/1 426/426/1 425/425/1
f 419/419/1 420/420/1 427/427/1 426/426/1
f 420/420/1 421/421/1 428/428/1 427/427/1
f 421/421/1 422/422/1 429/429/1 428/428/1
f 423/423/1 424/424/1 431/431/1 430/430/1
f 424/424/1 425/425/1 432/432/1 431/431/1
f 425/425/1 426/426/1 433/433/1 432/432/1
f 426/426/1 427/427/1 434/434/1 433/433/1
f 427/427/1 428/428/1 435/435/1 434/434/1
f 428/428/1 429/429/1 436/436/1 435/435/1
f 430/430/1 431/431/1 438/438/1 437/437/1
f 431/431/1 432/432/1 439/439/1 438/438/1
f 432/432/1 433/433/1 440/440/1 439/439/1
f 433/433/1 434/434/1 441/441/1 440/440/1
f 434/434/1 435/435/1 442/442/1 441/441/1
f 435/435/1 436/436/1 443/443/1 442/442/1
f 1476/1476/23 1590/1649/24 1717/1842/25 1603/1669/26
f 1506/1523/27 1508/1526/28 1635/1719/29 1633/1716/30
f 1502/1517/31 1504/1521/32 1631/1714/33 1629/1710/34
f 1500/1514/35 1502/1517/31 1629/1710/34 1627/1707/36
f 1498/1511/37 1500/1514/35 1627/1707/36 1625/1704/38
f 1496/1508/39 1498/1511/37 1625/1704/38 1623/1701/40
f 1494/1505/41 1496/1508/39 1623/1701/40 1621/1698/42
f 1518/1541/43 1477/1479/19 1606/1674/22 1645/1734/44
f 401/401/1 108/108/1 109/109/1 408/408/1
f 408/408/1 109/109/1 110/110/1 415/415/1
f 415/415/1 110/110/1 111/111/1 422/422/1
f 422/422/1 111/111/1 112/112/1 429/429/1
f 429/429/1 112/112/1 113/113/1 436/436/1
f 436/436/1 113/113/1 114/114/1 443/443/1
f 443/443/1 114/114/1 3/3/1 37/37/1
f 442/442/1 443/443/1 37/37/1 36/36/1
f 441/441/1 442/442/1 36/36/1 35/35/1
f 440/440/1 441/441/1 35/35/1 34/34/1
f 439/439/1 440/440/1 34/34/1 33/33/1
f 438/438/1 439/439/1 33/33/1 32/32/1
f 437/437/1 438/438/1 32/32/1 31/31/1
f 107/107/1 437/437/1 31/31/1 8/8/1
f 106/106/1 430/430/1 437/437/1 107/107/1
f 105/105/1 423/423/1 430/430/1 106/106/1
f 104/104/1 416/416/1 423/423/1 105/105/1
f 103/103/1 409/409/1 416/416/1 104/104/1
f 102/102/1 402/402/1 409/409/1 103/103/1
f 101/101/1 395/395/1 402/402/1 102/102/1
f 444/444/1 445/445/1 452/452/1 451/451/1
f 445/445/1 446/446/1 453/453/1 452/452/1
f 446/446/1 447/447/1 454/454/1 453/453/1
f 447/447/1 448/448/1 455/455/1 454/454/1
f 448/448/1 449/449/1 456/456/1 455/455/1
f 449/449/1 450/450/1 457/457/1 456/456/1
f 451/451/1 452/452/1 459/459/1 458/458/1
f 452/452/1 453/453/1 460/460/1 459/459/1
f 453/453/1 454/454/1 461/461/1 460/460/1
f 454/454/1 455/455/1 462/462/1 461/461/1
f 455/455/1 456/456/1 463/463/1 462/462/1
f 456/456/1 457/457/1 464/464/1 463/463/1
f 458/458/1 459/459/1 466/466/1 465/465/1
f 459/459/1 460/460/1 467/467/1 466/466/1
f 460/460/1 461/461/1 468/468/1 467/467/1
f 461/461/1 462/462/1 469/469/1 468/468/1
f 462/462/1 463/463/1 470/470/1 469/469/1
f 463/463/1 464/464/1 471/471/1 470/470/1
f 465/465/1 466/466/1 473/473/1 472/472/1
f 466/466/1 467/467/1 474/474/1 473/473/1
f 467/467/1 468/468/1 475/475/1 474/474/1
f 468/468/1 469/469/1 476/476/1 475/475/1
f 469/469/1 470/470/1 477/477/1 476/476/1
f 470/470/1 471/471/1 478/478/1 477/477/1
f 472/472/1 473/473/1 480/480/1 479/479/1
f 473/473/1 474/474/1 481/481/1 480/480/1
f 474/474/1 475/475/1 482/482/1 481/481/1
f 475/475/1 476/476/1 483/483/1 482/482/1
f 476/476/1 477/477/1 484/484/1 483/483/1
f 477/477/1 478/478/1 485/485/1 484/484/1
f 479/479/1 480/480/1 487/487/1 486/486/1
f 480/480/1 481/481/1 488/488/1 487/487/1
f 481/481/1 482/482/1 489/489/1 488/488/1
f 482/482/1 483/483/1 490/490/1 489/489/1
f 483/483/1 484/484/1 491/491/1 490/490/1
f 484/484/1 485/485/1 492/492/1 491/491/1
f 1491/1501/45 1478/1481/46 108/108/1 401/401/1
f 1520/1544/47 1522/1547/48 1649/1740/49 1647/1737/50
f 1516/1538/51 1518/1541/43 1645/1734/44 1643/1731/52
f 1514/1535/53 1516/1538/51 1643/1731/52 1641/1728/54
f 1512/1532/55 1514/1535/53 1641/1728/54 1639/1725/56
f 1510/1529/57 1512/1532/55 1639/1725/56 1637/1722/58
f 1508/1526/28 1510/1529/57 1637/1722/58 1635/1719/29
f 1532/1562/59 1479/1482/60 1608/1677/61 1659/1755/62
f 450/450/1 115/115/1 116/116/1 457/457/1
f 457/457/1 116/116/1 117/117/1 464/464/1
f 464/464/1 117/117/1 118/118/1 471/471/1
f 471/471/1 118/118/1 119/119/1 478/478/1
f 478/478/1 119/119/1 120/120/1 485/485/1
f 485/485/1 120/120/1 121/121/1 492/492/1
f 492/492/1 121/121/1 5/5/1 44/44/1
f 491/491/1 492/492/1 44/44/1 43/43/1
f 490/490/1 491/491/1 43/43/1 42/42/1
f 489/489/1 490/490/1 42/42/1 41/41/1
f 488/488/1 489/489/1 41/41/1 40/40/1
f 487/487/1 488/488/1 40/40/1 39/39/1
f 486/486/1 487/487/1 39/39/1 38/38/1
f 114/114/1 486/486/1 38/38/1 3/3/1
f 113/113/1 479/479/1 486/486/1 114/114/1
f 112/112/1 472/472/1 479/479/1 113/113/1
f 111/111/1 465/465/1 472/472/1 112/112/1
f 110/110/1 458/458/1 465/465/1 111/111/1
f 109/109/1 451/451/1 458/458/1 110/110/1
f 108/108/1 444/444/1 451/451/1 109/109/1
f 493/493/1 494/494/1 501/501/1 500/500/1
f 494/494/1 495/495/1 502/502/1 501/501/1
f 495/495/1 496/496/1 503/503/1 502/502/1
f 496/496/1 497/497/1 504/504/1 503/503/1
f 497/497/1 498/498/1 505/505/1 504/504/1
f 498/498/1 499/499/1 506/506/1 505/505/1
f 500/500/1 501/501/1 508/508/1 507/507/1
f 501/501/1 502/502/1 509/509/1 508/508/1
f 502/502/1 503/503/1 510/510/1 509/509/1
f 503/503/1 504/504/1 511/511/1 510/510/1
f 504/504/1 505/505/1 512/512/1 511/511/1
f 505/505/1 506/506/1 513/513/1 512/512/1
f 507/507/1 508/508/1 515/515/1 514/514/1
f 508/508/1 509/509/1 516/516/1 515/515/1
f 509/509/1 510/510/1 517/517/1 516/516/1
f 510/510/1 511/511/1 518/518/1 517/517/1
f 511/511/1 512/512/1 519/519/1 518/518/1
f 512/512/1 513/513/1 520/520/1 519/519/1
f 514/514/1 515/515/1 522/522/1 521/521/1
f 515/515/1 516/516/1 523/523/1 522/522/1
f 516/516/1 517/517/1 524/524/1 523/523/1
f 517/517/1 518/518/1 525/525/1 524/524/1
f 518/518/1 519/519/1 526/526/1 525/525/1
f 519/519/1 520/520/1 527/527/1 526/526/1
f 521/521/1 522/522/1 529/529/1 528/528/1
f 522/522/1 523/523/1 530/530/1 529/529/1
f 523/523/1 524/524/1 531/531/1 530/530/1
f 524/524/1 525/525/1 532/532/1 531/531/1
f 525/525/1 526/526/1 533/533/1 532/532/1
f 526/526/1 527/527/1 534/534/1 533/533/1
f 528/528/1 529/529/1 536/536/1 535/535/1
f 529/529/1 530/530/1 537/537/1 536/536/1
f 530/530/1 531/531/1 538/538/1 537/537/1
f 531/531/1 532/532/1 539/539/1 538/538/1
f 532/532/1 533/533/1 540/540/1 539/539/1
f 533/533/1 534/534/1 541/541/1 540/540/1
f 1505/1522/63 1480/1484/64 115/115/1 450/450/1
f 1534/1565/65 1536/1568/66 1663/1761/67 1661/1758/68
f 1530/1559/69 1532/1562/59 1659/1755/62 1657/1752/70
f 1528/1556/71 1530/1559/69 1657/1752/70 1655/1749/72
f 1526/1553/73 1528/1556/71 1655/1749/72 1653/1746/74
f 1524/1550/75 1526/1553/73 1653/1746/74 1651/1743/76
f 1522/1547/48 1524/1550/75 1651/1743/76 1649/1740/49
f 1546/1583/77 1481/1485/78 1610/1680/79 1673/1776/80
f 499/499/1 122/122/1 123/123/1 506/506/1
f 506/506/1 123/123/1 124/124/1 513/513/1
f 513/513/1 124/124/1 125/125/1 520/520/1
f 520/520/1 125/125/1 126/126/1 527/527/1
f 527/527/1 126/126/1 127/127/1 534/534/1
f 534/534/1 127/127/1 128/128/1 541/541/1
f 541/541/1 128/128/1 1/1/1 16/16/1
f 540/540/1 541/541/1 16/16/1 15/15/1
f 539/539/1 540/540/1 15/15/1 14/14/1
f 538/538/1 539/539/1 14/14/1 13/13/1
f 537/537/1 538/538/1 13/13/1 12/12/1
f 536/536/1 537/537/1 12/12/1 11/11/1
f 535/535/1 536/536/1 11/11/1 10/10/1
f 121/121/1 535/535/1 10/10/1 5/5/1
f 120/120/1 528/528/1 535/535/1 121/121/1
f 119/119/1 521/521/1 528/528/1 120/120/1
f 118/118/1 514/514/1 521/521/1 119/119/1
f 117/117/1 507/507/1 514/514/1 118/118/1
f 116/116/1 500/500/1 507/507/1 117/117/1
f 115/115/1 493/493/1 500/500/1 116/116/1
f 542/542/1 543/543/1 550/550/1 549/549/1
f 543/543/1 544/544/1 551/551/1 550/550/1
f 544/544/1 545/545/1 552/552/1 551/551/1
f 545/545/1 546/546/1 553/553/1 552/552/1
f 546/546/1 547/547/1 554/554/1 553/553/1
f 547/547/1 548/548/1 555/555/1 554/554/1
f 549/549/1 550/550/1 557/557/1 556/556/1
f 550/550/1 551/551/1 558/558/1 557/557/1
f 551/551/1 552/552/1 559/559/1 558/558/1
f 552/552/1 553/553/1 560/560/1 559/559/1
f 553/553/1 554/554/1 561/561/1 560/560/1
f 554/554/1 555/555/1 562/562/1 561/561/1
f 556/556/1 557/557/1 564/564/1 563/563/1
f 557/557/1 558/558/1 565/565/1 564/564/1
f 558/558/1 559/559/1 566/566/1 565/565/1
f 559/559/1 560/560/1 567/567/1 566/566/1
f 560/560/1 561/561/1 568/568/1 567/567/1
f 561/561/1 562/562/1 569/569/1 568/568/1
f 563/563/1 564/564/1 571/571/1 570/570/1
f 564/564/1 565/565/1 572/572/1 571/571/1
f 565/565/1 566/566/1 573/573/1 572/572/1
f 566/566/1 567/567/1 574/574/1 573/573/1
f 567/567/1 568/568/1 575/575/1 574/574/1
f 568/568/1 569/569/1 576/576/1 575/575/1
f 570/570/1 571/571/1 578/578/1 577/577/1
f 571/571/1 572/572/1 579/579/1 578/578/1
f 572/572/1 573/573/1 580/580/1 579/579/1
f 573/573/1 574/574/1 581/581/1 580/580/1
f 574/574/1 575/575/1 582/582/1 581/581/1
f 575/575/1 576/576/1 583/583/1 582/582/1
f 577/577/1 578/578/1 585/585/1 584/584/1
f 578/578/1 579/579/1 586/586/1 585/585/1
f 579/579/1 580/580/1 587/587/1 586/586/1
f 580/580/1 581/581/1 588/588/1 587/587/1
f 581/581/1 582/582/1 589/589/1 588/588/1
f 582/582/1 583/583/1 590/590/1 589/589/1
f 1519/1543/81 1482/1487/82 122/122/1 499/499/1
f 1548/1586/83 1550/1589/84 1677/1782/85 1675/1779/86
f 1544/1580/87 1546/1583/77 1673/1776/80 1671/1773/88
f 1542/1577/89 1544/1580/87 1671/1773/88 1669/1770/90
f 1540/1574/91 1542/1577/89 1669/1770/90 1667/1767/92
f 1538/1571/93 1540/1574/91 1667/1767/92 1665/1764/94
f 1536/1568/66 1538/1571/93 1665/1764/94 1663/1761/67
f 1560/1604/95 1483/1488/96 1612/1683/97 1687/1797/98
f 548/548/1 129/129/1 130/130/1 555/555/1
f 555/555/1 130/130/1 131/131/1 562/562/1
f 562/562/1 131/131/1 132/132/1 569/569/1
f 569/569/1 132/132/1 133/133/1 576/576/1
f 576/576/1 133/133/1 134/134/1 583/583/1
f 583/583/1 134/134/1 135/135/1 590/590/1
f 590/590/1 135/135/1 7/7/1 65/65/1
f 589/589/1 590/590/1 65/65/1 64/64/1
f 588/588/1 589/589/1 64/64/1 63/63/1
f 587/587/1 588/588/1 63/63/1 62/62/1
f 586/586/1 587/587/1 62/62/1 61/61/1
f 585/585/1 586/586/1 61/61/1 60/60/1
f 584/584/1 585/585/1 60/60/1 59/59/1
f 128/128/1 584/584/1 59/59/1 1/1/1
f 127/127/1 577/577/1 584/584/1 128/128/1
f 126/126/1 570/570/1 577/577/1 127/127/1
f 125/125/1 563/563/1 570/570/1 126/126/1
f 124/124/1 556/556/1 563/563/1 125/125/1
f 123/123/1 549/549/1 556/556/1 124/124/1
f 122/122/1 542/542/1 549/549/1 123/123/1
f 591/591/1 592/592/1 599/599/1 598/598/1
f 592/592/1 593/593/1 600/600/1 599/599/1
f 593/593/1 594/594/1 601/601/1 600/600/1
f 594/594/1 595/595/1 602/602/1 601/601/1
f 595/595/1 596/596/1 603/603/1 602/602/1
f 596/596/1 597/597/1 604/604/1 603/603/1
f 598/598/1 599/599/1 606/606/1 605/605/1
f 599/599/1 600/600/1 607/607/1 606/606/1
f 600/600/1 601/601/1 608/608/1 607/607/1
f 601/601/1 602/602/1 609/609/1 608/608/1
f 602/602/1 603/603/1 610/610/1 609/609/1
f 603/603/1 604/604/1 611/611/1 610/610/1
f 605/605/1 606/606/1 613/613/1 612/612/1
f 606/606/1 607/607/1 614/614/1 613/613/1
f 607/607/1 608/608/1 615/615/1 614/614/1
f 608/608/1 609/609/1 616/616/1 615/615/1
f 609/609/1 610/610/1 617/617/1 616/616/1
f 610/610/1 611/611/1 618/618/1 617/617/1
f 612/612/1 613/613/1 620/620/1 619/619/1
f 613/613/1 614/614/1 621/621/1 620/620/1
f 614/614/1 615/615/1 622/622/1 621/621/1
f 615/615/1 616/616/1 623/623/1 622/622/1
f 616/616/1 617/617/1 624/624/1 623/623/1
f 617/617/1 618/618/1 625/625/1 624/624/1
f 619/619/1 620/620/1 627/627/1 626/626/1
f 620/620/1 621/621/1 628/628/1 627/627/1
f 621/621/1 622/622/1 629/629/1 628/628/1
f 622/622/1 623/623/1 630/630/1 629/629/1
f 623/623/1 624/624/1 631/631/1 630/630/1
f 624/624/1 625/625/1 632/632/1 631/631/1
f 626/626/1 627/627/1 634/634/1 633/633/1
f 627/627/1 628/628/1 635/635/1 634/634/1
f 628/628/1 629/629/1 636/636/1 635/635/1
f 629/629/1 630/630/1 637/637/1 636/636/1
f 630/630/1 631/631/1 638/638/1 637/637/1
f 631/631/1 632/632/1 639/639/1 638/638/1
f 1533/1564/99 1484/1491/100 129/129/1 548/548/1
f 1562/1607/101 1564/1610/102 1691/1803/103 1689/1800/104
f 1558/1601/105 1560/1604/95 1687/1797/98 1685/1794/106
f 1556/1598/107 1558/1601/105 1685/1794/106 1683/1791/108
f 1554/1595/109 1556/1598/107 1683/1791/108 1681/1788/110
f 1552/1592/111 1554/1595/109 1681/1788/110 1679/1785/112
f 1550/1589/84 1552/1592/111 1679/1785/112 1677/1782/85
f 1574/1625/113 1485/1492/114 1614/1687/115 1701/1818/116
f 597/597/1 136/136/1 137/137/1 604/604/1
f 604/604/1 137/137/1 138/138/1 611/611/1
f 611/611/1 138/138/1 139/139/1 618/618/1
f 618/618/1 139/139/1 140/140/1 625/625/1
f 625/625/1 140/140/1 141/141/1 632/632/1
f 632/632/1 141/141/1 142/142/1 639/639/1
f 639/639/1 142/142/1 2/2/1 23/23/1
f 638/638/1 639/639/1 23/23/1 22/22/1
f 637/637/1 638/638/1 22/22/1 21/21/1
f 636/636/1 637/637/1 21/21/1 20/20/1
f 635/635/1 636/636/1 20/20/1 19/19/1
f 634/634/1 635/635/1 19/19/1 18/18/1
f 633/633/1 634/634/1 18/18/1 17/17/1
f 135/135/1 633/633/1 17/17/1 7/7/1
f 134/134/1 626/626/1 633/633/1 135/135/1
f 133/133/1 619/619/1 626/626/1 134/134/1
f 132/132/1 612/612/1 619/619/1 133/133/1
f 131/131/1 605/605/1 612/612/1 132/132/1
f 130/130/1 598/598/1 605/605/1 131/131/1
f 129/129/1 591/591/1 598/598/1 130/130/1
f 640/640/1 641/641/1 648/648/1 647/647/1
f 641/641/1 642/642/1 649/649/1 648/648/1
f 642/642/1 643/643/1 650/650/1 649/649/1
f 643/643/1 644/644/1 651/651/1 650/650/1
f 644/644/1 645/645/1 652/652/1 651/651/1
f 645/645/1 646/646/1 653/653/1 652/652/1
f 647/647/1 648/648/1 655/655/1 654/654/1
f 648/648/1 649/649/1 656/656/1 655/655/1
f 649/649/1 650/650/1 657/657/1 656/656/1
f 650/650/1 651/651/1 658/658/1 657/657/1
f 651/651/1 652/652/1 659/659/1 658/658/1
f 652/652/1 653/653/1 660/660/1 659/659/1
f 654/654/1 655/655/1 662/662/1 661/661/1
f 655/655/1 656/656/1 663/663/1 662/662/1
f 656/656/1 657/657/1 664/664/1 663/663/1
f 657/657/1 658/658/1 665/665/1 664/664/1
f 658/658/1 659/659/1 666/666/1 665/665/1
f 659/659/1 660/660/1 667/667/1 666/666/1
f 661/661/1 662/662/1 669/669/1 668/668/1
f 662/662/1 663/663/1 670/670/1 669/669/1
f 663/663/1 664/664/1 671/671/1 670/670/1
f 664/664/1 665/665/1 672/672/1 671/671/1
f 665/665/1 666/666/1 673/673/1 672/672/1
f 666/666/1 667/667/1 674/674/1 673/673/1
f 668/668/1 669/669/1 676/676/1 675/675/1
f 669/669/1 670/670/1 677/677/1 676/676/1
f 670/670/1 671/671/1 678/678/1 677/677/1
f 671/671/1 672/672/1 679/679/1 678/678/1
f 672/672/1 673/673/1 680/680/1 679/679/1
f 673/673/1 674/674/1 681/681/1 680/680/1
f 675/675/1 676/676/1 683/683/1 682/682/1
f 676/676/1 677/677/1 684/684/1 683/683/1
f 677/677/1 678/678/1 685/685/1 684/684/1
f 678/678/1 679/679/1 686/686/1 685/685/1
f 679/679/1 680/680/1 687/687/1 686/686/1
f 680/680/1 681/681/1 688/688/1 687/687/1
f 1547/1585/117 1486/1494/118 136/136/1 597/597/1
f 1576/1628/119 1578/1631/120 1705/1824/121 1703/1821/122
f 1572/1622/123 1574/1625/113 1701/1818/116 1699/1815/124
f 1570/1619/125 1572/1622/123 1699/1815/124 1697/1812/126
f 1568/1616/127 1570/1619/125 1697/1812/126 1695/1809/128
f 1566/1613/129 1568/1616/127 1695/1809/128 1693/1806/130
f 1564/1610/102 1566/1613/129 1693/1806/130 1691/1803/103
f 1588/1646/131 1487/1495/132 1616/1690/133 1715/1839/134
f 646/646/1 143/143/1 144/144/1 653/653/1
f 653/653/1 144/144/1 145/145/1 660/660/1
f 660/660/1 145/145/1 146/146/1 667/667/1
f 667/667/1 146/146/1 147/147/1 674/674/1
f 674/674/1 147/147/1 148/148/1 681/681/1
f 681/681/1 148/148/1 149/149/1 688/688/1
f 688/688/1 149/149/1 6/6/1 51/51/1
f 687/687/1 688/688/1 51/51/1 50/50/1
f 686/686/1 687/687/1 50/50/1 49/49/1
f 685/685/1 686/686/1 49/49/1 48/48/1
f 684/684/1 685/685/1 48/48/1 47/47/1
f 683/683/1 684/684/1 47/47/1 46/46/1
f 682/682/1 683/683/1 46/46/1 45/45/1
f 142/142/1 682/682/1 45/45/1 2/2/1
f 141/141/1 675/675/1 682/682/1 142/142/1
f 140/140/1 668/668/1 675/675/1 141/141/1
f 139/139/1 661/661/1 668/668/1 140/140/1
f 138/138/1 654/654/1 661/661/1 139/139/1
f 137/137/1 647/647/1 654/654/1 138/138/1
f 136/136/1 640/640/1 647/647/1 137/137/1
f 689/689/1 690/690/1 697/697/1 696/696/1
f 690/690/1 691/691/1 698/698/1 697/697/1
f 691/691/1 692/692/1 699/699/1 698/698/1
f 692/692/1 693/693/1 700/700/1 699/699/1
f 693/693/1 694/694/1 701/701/1 700/700/1
f 694/694/1 695/695/1 702/702/1 701/701/1
f 696/696/1 697/697/1 704/704/1 703/703/1
f 697/697/1 698/698/1 705/705/1 704/704/1
f 698/698/1 699/699/1 706/706/1 705/705/1
f 699/699/1 700/700/1 707/707/1 706/706/1
f 700/700/1 701/701/1 708/708/1 707/707/1
f 701/701/1 702/702/1 709/709/1 708/708/1
f 703/703/1 704/704/1 711/711/1 710/710/1
f 704/704/1 705/705/1 712/712/1 711/711/1
f 705/705/1 706/706/1 713/713/1 712/712/1
f 706/706/1 707/707/1 714/714/1 713/713/1
f 707/707/1 708/708/1 715/715/1 714/714/1
f 708/708/1 709/709/1 716/716/1 715/715/1
f 710/710/1 711/711/1 718/718/1 717/717/1
f 711/711/1 712/712/1 719/719/1 718/718/1
f 712/712/1 713/713/1 720/720/1 719/719/1
f 713/713/1 714/714/1 721/721/1 720/720/1
f 714/714/1 715/715/1 722/722/1 721/721/1
f 715/715/1 716/716/1 723/723/1 722/722/1
f 717/717/1 718/718/1 725/725/1 724/724/1
f 718/718/1 719/719/1 726/726/1 725/725/1
f 719/719/1 720/720/1 727/727/1 726/726/1
f 720/720/1 721/721/1 728/728/1 727/727/1
f 721/721/1 722/722/1 729/729/1 728/728/1
f 722/722/1 723/723/1 730/730/1 729/729/1
f 724/724/1 725/725/1 732/732/1 731/731/1
f 725/725/1 726/726/1 733/733/1 732/732/1
f 726/726/1 727/727/1 734/734/1 733/733/1
f 727/727/1 728/728/1 735/735/1 734/734/1
f 728/728/1 729/729/1 736/736/1 735/735/1
f 729/729/1 730/730/1 737/737/1 736/736/1
f 1561/1606/135 1488/1497/136 143/143/1 646/646/1
f 1590/1649/24 1592/1652/17 1719/1845/18 1717/1842/25
f 1586/1643/137 1588/1646/131 1715/1839/134 1713/1836/138
f 1584/1640/139 1586/1643/137 1713/1836/138 1711/1833/140
f 1582/1637/141 1584/1640/139 1711/1833/140 1709/1830/142
f 1580/1634/143 1582/1637/141 1709/1830/142 1707/1827/144
f 1578/1631/120 1580/1634/143 1707/1827/144 1705/1824/121
f 1602/1667/8 1489/1498/145 1618/1693/146 1729/1860/9
f 695/695/1 100/100/1 99/99/1 702/702/1
f 702/702/1 99/99/1 98/98/1 709/709/1
f 709/709/1 98/98/1 97/97/1 716/716/1
f 716/716/1 97/97/1 96/96/1 723/723/1
f 723/723/1 96/96/1 95/95/1 730/730/1
f 730/730/1 95/95/1 94/94/1 737/737/1
f 737/737/1 94/94/1 4/4/1 30/30/1
f 736/736/1 737/737/1 30/30/1 29/29/1
f 735/735/1 736/736/1 29/29/1 28/28/1
f 734/734/1 735/735/1 28/28/1 27/27/1
f 733/733/1 734/734/1 27/27/1 26/26/1
f 732/732/1 733/733/1 26/26/1 25/25/1
f 731/731/1 732/732/1 25/25/1 24/24/1
f 149/149/1 731/731/1 24/24/1 6/6/1
f 148/148/1 724/724/1 731/731/1 149/149/1
f 147/147/1 717/717/1 724/724/1 148/148/1
f 146/146/1 710/710/1 717/717/1 147/147/1
f 145/145/1 703/703/1 710/710/1 146/146/1
f 144/144/1 696/696/1 703/703/1 145/145/1
f 143/143/1 689/689/1 696/696/1 144/144/1
f 887/887/5 894/894/5 895/895/5 888/888/5
f 888/888/5 895/895/5 896/896/5 889/889/5
f 889/889/5 896/896/5 897/897/5 890/890/5
f 890/890/5 897/897/5 898/898/5 891/891/5
f 891/891/5 898/898/5 899/899/5 892/892/5
f 892/892/5 899/899/5 900/900/5 893/893/5
f 894/894/5 901/901/5 902/902/5 895/895/5
f 895/895/5 902/902/5 903/903/5 896/896/5
f 896/896/5 903/903/5 904/904/5 897/897/5
f 897/897/5 904/904/5 905/905/5 898/898/5
f 898/898/5 905/905/5 906/906/5 899/899/5
f 899/899/5 906/906/5 907/907/5 900/900/5
f 901/901/5 908/908/5 909/909/5 902/902/5
f 902/902/5 909/909/5 910/910/5 903/903/5
f 903/903/5 910/910/5 911/911/5 904/904/5
f 904/904/5 911/911/5 912/912/5 905/905/5
f 905/905/5 912/912/5 913/913/5 906/906/5
f 906/906/5 913/913/5 914/914/5 907/907/5
f 908/908/5 915/915/5 916/916/5 909/909/5
f 909/909/5 916/916/5 917/917/5 910/910/5
f 910/910/5 917/917/5 918/918/5 911/911/5
f 911/911/5 918/918/5 919/919/5 912/912/5
f 912/912/5 919/919/5 920/920/5 913/913/5
f 913/913/5 920/920/5 921/921/5 914/914/5
f 915/915/5 922/922/5 923/923/5 916/916/5
f 916/916/5 923/923/5 924/924/5 917/917/5
f 917/917/5 924/924/5 925/925/5 918/918/5
f 918/918/5 925/925/5 926/926/5 919/919/5
f 919/919/5 926/926/5 927/927/5 920/920/5
f 920/920/5 927/927/5 928/928/5 921/921/5
f 922/922/5 929/929/5 930/930/5 923/923/5
f 923/923/5 930/930/5 931/931/5 924/924/5
f 924/924/5 931/931/5 932/932/5 925/925/5
f 925/925/5 932/932/5 933/933/5 926/926/5
f 926/926/5 933/933/5 934/934/5 927/927/5
f 927/927/5 934/934/5 935/935/5 928/928/5
f 746/746/5 824/824/5 887/887/5 816/816/5
f 816/816/5 887/887/5 888/888/5 815/815/5
f 815/815/5 888/888/5 889/889/5 814/814/5
f 814/814/5 889/889/5 890/890/5 813/813/5
f 813/813/5 890/890/5 891/891/5 812/812/5
f 812/812/5 891/891/5 892/892/5 811/811/5
f 811/811/5 892/892/5 893/893/5 810/810/5
f 810/810/5 893/893/5 761/761/5 743/743/5
f 893/893/5 900/900/5 762/762/5 761/761/5
f 900/900/5 907/907/5 763/763/5 762/762/5
f 907/907/5 914/914/5 764/764/5 763/763/5
f 914/914/5 921/921/5 765/765/5 764/764/5
f 921/921/5 928/928/5 766/766/5 765/765/5
f 928/928/5 935/935/5 767/767/5 766/766/5
f 935/935/5 803/803/5 741/741/5 767/767/5
f 934/934/5 804/804/5 803/803/5 935/935/5
f 933/933/5 805/805/5 804/804/5 934/934/5
f 932/932/5 806/806/5 805/805/5 933/933/5
f 931/931/5 807/807/5 806/806/5 932/932/5
f 930/930/5 808/808/5 807/807/5 931/931/5
f 929/929/5 809/809/5 808/808/5 930/930/5
f 830/830/5 745/745/5 809/809/5 929/929/5
f 829/829/5 830/830/5 929/929/5 922/922/5
f 828/828/5 829/829/5 922/922/5 915/915/5
f 827/827/5 828/828/5 915/915/5 908/908/5
f 826/826/5 827/827/5 908/908/5 901/901/5
f 825/825/5 826/826/5 901/901/5 894/894/5
f 824/824/5 825/825/5 894/894/5 887/887/5
f 936/936/5 943/943/5 944/944/5 937/937/5
f 937/937/5 944/944/5 945/945/5 938/938/5
f 938/938/5 945/945/5 946/946/5 939/939/5
f 939/939/5 946/946/5 947/947/5 940/940/5
f 940/940/5 947/947/5 948/948/5 941/941/5
f 941/941/5 948/948/5 949/949/5 942/942/5
f 943/943/5 950/950/5 951/951/5 944/944/5
f 944/944/5 951/951/5 952/952/5 945/945/5
f 945/945/5 952/952/5 953/953/5 946/946/5
f 946/946/5 953/953/5 954/954/5 947/947/5
f 947/947/5 954/954/5 955/955/5 948/948/5
f 948/948/5 955/955/5 956/956/5 949/949/5
f 950/950/5 957/957/5 958/958/5 951/951/5
f 951/951/5 958/958/5 959/959/5 952/952/5
f 952/952/5 959/959/5 960/960/5 953/953/5
f 953/953/5 960/960/5 961/961/5 954/954/5
f 954/954/5 961/961/5 962/962/5 955/955/5
f 955/955/5 962/962/5 963/963/5 956/956/5
f 957/957/5 964/964/5 965/965/5 958/958/5
f 958/958/5 965/965/5 966/966/5 959/959/5
f 959/959/5 966/966/5 967/967/5 960/960/5
f 960/960/5 967/967/5 968/968/5 961/961/5
f 961/961/5 968/968/5 969/969/5 962/962/5
f 962/962/5 969/969/5 970/970/5 963/963/5
f 964/964/5 971/971/5 972/972/5 965/965/5
f 965/965/5 972/972/5 973/973/5 966/966/5
f 966/966/5 973/973/5 974/974/5 967/967/5
f 967/967/5 974/974/5 975/975/5 968/968/5
f 968/968/5 975/975/5 976/976/5 969/969/5
f 969/969/5 976/976/5 977/977/5 970/970/5
f 971/971/5 978/978/5 979/979/5 972/972/5
f 972/972/5 979/979/5 980/980/5 973/973/5
f 973/973/5 980/980/5 981/981/5 974/974/5
f 974/974/5 981/981/5 982/982/5 975/975/5
f 975/975/5 982/982/5 983/983/5 976/976/5
f 976/976/5 983/983/5 984/984/5 977/977/5
f 744/744/5 817/817/5 936/936/5 754/754/5
f 754/754/5 936/936/5 937/937/5 755/755/5
f 755/755/5 937/937/5 938/938/5 756/756/5
f 756/756/5 938/938/5 939/939/5 757/757/5
f 757/757/5 939/939/5 940/940/5 758/758/5
f 758/758/5 940/940/5 941/941/5 759/759/5
f 759/759/5 941/941/5 942/942/5 760/760/5
f 760/760/5 942/942/5 782/782/5 739/739/5
f 942/942/5 949/949/5 783/783/5 782/782/5
f 949/949/5 956/956/5 784/784/5 783/783/5
f 956/956/5 963/963/5 785/785/5 784/784/5
f 963/963/5 970/970/5 786/786/5 785/785/5
f 970/970/5 977/977/5 787/787/5 786/786/5
f 977/977/5 984/984/5 788/788/5 787/787/5
f 984/984/5 810/810/5 743/743/5 788/788/5
f 983/983/5 811/811/5 810/810/5 984/984/5
f 982/982/5 812/812/5 811/811/5 983/983/5
f 981/981/5 813/813/5 812/812/5 982/982/5
f 980/980/5 814/814/5 813/813/5 981/981/5
f 979/979/5 815/815/5 814/814/5 980/980/5
f 978/978/5 816/816/5 815/815/5 979/979/5
f 823/823/5 746/746/5 816/816/5 978/978/5
f 822/822/5 823/823/5 978/978/5 971/971/5
f 821/821/5 822/822/5 971/971/5 964/964/5
f 820/820/5 821/821/5 964/964/5 957/957/5
f 819/819/5 820/820/5 957/957/5 950/950/5
f 818/818/5 819/819/5 950/950/5 943/943/5
f 817/817/5 818/818/5 943/943/5 936/936/5
f 985/985/5 992/992/5 993/993/5 986/986/5
f 986/986/5 993/993/5 994/994/5 987/987/5
f 987/987/5 994/994/5 995/995/5 988/988/5
f 988/988/5 995/995/5 996/996/5 989/989/5
f 989/989/5 996/996/5 997/997/5 990/990/5
f 990/990/5 997/997/5 998/998/5 991/991/5
f 992/992/5 999/999/5 1000/1000/5 993/993/5
f 993/993/5 1000/1000/5 1001/1001/5 994/994/5
f 994/994/5 1001/1001/5 1002/1002/5 995/995/5
f 995/995/5 1002/1002/5 1003/1003/5 996/996/5
f 996/996/5 1003/1003/5 1004/1004/5 997/997/5
f 997/997/5 1004/1004/5 1005/1005/5 998/998/5
f 999/999/5 1006/1006/5 1007/1007/5 1000/1000/5
f 1000/1000/5 1007/1007/5 1008/1008/5 1001/1001/5
f 1001/1001/5 1008/1008/5 1009/1009/5 1002/1002/5
f 1002/1002/5 1009/1009/5 1010/1010/5 1003/1003/5
f 1003/1003/5 1010/1010/5 1011/1011/5 1004/1004/5
f 1004/1004/5 1011/1011/5 1012/1012/5 1005/1005/5
f 1006/1006/5 1013/1013/5 1014/1014/5 1007/1007/5
f 1007/1007/5 1014/1014/5 1015/1015/5 1008/1008/5
f 1008/1008/5 1015/1015/5 1016/1016/5 1009/1009/5
f 1009/1009/5 1016/1016/5 1017/1017/5 1010/1010/5
f 1010/1010/5 1017/1017/5 1018/1018/5 1011/1011/5
f 1011/1011/5 1018/1018/5 1019/1019/5 1012/1012/5
f 1013/1013/5 1020/1020/5 1021/1021/5 1014/1014/5
f 1014/1014/5 1021/1021/5 1022/1022/5 1015/1015/5
f 1015/1015/5 1022/1022/5 1023/1023/5 1016/1016/5
f 1016/1016/5 1023/1023/5 1024/1024/5 1017/1017/5
f 1017/1017/5 1024/1024/5 1025/1025/5 1018/1018/5
f 1018/1018/5 1025/1025/5 1026/1026/5 1019/1019/5
f 1020/1020/5 1027/1027/5 1028/1028/5 1021/1021/5
f 1021/1021/5 1028/1028/5 1029/1029/5 1022/1022/5
f 1022/1022/5 1029/1029/5 1030/1030/5 1023/1023/5
f 1023/1023/5 1030/1030/5 1031/1031/5 1024/1024/5
f 1024/1024/5 1031/1031/5 1032/1032/5 1025/1025/5
f 1025/1025/5 1032/1032/5 1033/1033/5 1026/1026/5
f 738/738/5 753/753/5 985/985/5 796/796/5
f 796/796/5 985/985/5 986/986/5 797/797/5
f 797/797/5 986/986/5 987/987/5 798/798/5
f 798/798/5 987/987/5 988/988/5 799/799/5
f 799/799/5 988/988/5 989/989/5 800/800/5
f 800/800/5 989/989/5 990/990/5 801/801/5
f 801/801/5 990/990/5 991/991/5 802/802/5
f 802/802/5 991/991/5 817/817/5 744/744/5
f 991/991/5 998/998/5 818/818/5 817/817/5
f 998/998/5 1005/1005/5 819/819/5 818/818/5
f 1005/1005/5 1012/1012/5 820/820/5 819/819/5
f 1012/1012/5 1019/1019/5 821/821/5 820/820/5
f 1019/1019/5 1026/1026/5 822/822/5 821/821/5
f 1026/1026/5 1033/1033/5 823/823/5 822/822/5
f 1033/1033/5 789/789/5 746/746/5 823/823/5
f 1032/1032/5 790/790/5 789/789/5 1033/1033/5
f 1031/1031/5 791/791/5 790/790/5 1032/1032/5
f 1030/1030/5 792/792/5 791/791/5 1031/1031/5
f 1029/1029/5 793/793/5 792/792/5 1030/1030/5
f 1028/1028/5 794/794/5 793/793/5 1029/1029/5
f 1027/1027/5 795/795/5 794/794/5 1028/1028/5
f 747/747/5 742/742/5 795/795/5 1027/1027/5
f 748/748/5 747/747/5 1027/1027/5 1020/1020/5
f 749/749/5 748/748/5 1020/1020/5 1013/1013/5
f 750/750/5 749/749/5 1013/1013/5 1006/1006/5
f 751/751/5 750/750/5 1006/1006/5 999/999/5
f 752/752/5 751/751/5 999/999/5 992/992/5
f 753/753/5 752/752/5 992/992/5 985/985/5
f 1034/1034/5 1041/1041/5 1042/1042/5 1035/1035/5
f 1035/1035/5 1042/1042/5 1043/1043/5 1036/1036/5
f 1036/1036/5 1043/1043/5 1044/1044/5 1037/1037/5
f 1037/1037/5 1044/1044/5 1045/1045/5 1038/1038/5
f 1038/1038/5 1045/1045/5 1046/1046/5 1039/1039/5
f 1039/1039/5 1046/1046/5 1047/1047/5 1040/1040/5
f 1041/1041/5 1048/1048/5 1049/1049/5 1042/1042/5
f 1042/1042/5 1049/1049/5 1050/1050/5 1043/1043/5
f 1043/1043/5 1050/1050/5 1051/1051/5 1044/1044/5
f 1044/1044/5 1051/1051/5 1052/1052/5 1045/1045/5
f 1045/1045/5 1052/1052/5 1053/1053/5 1046/1046/5
f 1046/1046/5 1053/1053/5 1054/1054/5 1047/1047/5
f 1048/1048/5 1055/1055/5 1056/1056/5 1049/1049/5
f 1049/1049/5 1056/1056/5 1057/1057/5 1050/1050/5
f 1050/1050/5 1057/1057/5 1058/1058/5 1051/1051/5
f 1051/1051/5 1058/1058/5 1059/1059/5 1052/1052/5
f 1052/1052/5 1059/1059/5 1060/1060/5 1053/1053/5
f 1053/1053/5 1060/1060/5 1061/1061/5 1054/1054/5
f 1055/1055/5 1062/1062/5 1063/1063/5 1056/1056/5
f 1056/1056/5 1063/1063/5 1064/1064/5 1057/1057/5
f 1057/1057/5 1064/1064/5 1065/1065/5 1058/1058/5
f 1058/1058/5 1065/1065/5 1066/1066/5 1059/1059/5
f 1059/1059/5 1066/1066/5 1067/1067/5 1060/1060/5
f 1060/1060/5 1067/1067/5 1068/1068/5 1061/1061/5
f 1062/1062/5 1069/1069/5 1070/1070/5 1063/1063/5
f 1063/1063/5 1070/1070/5 1071/1071/5 1064/1064/5
f 1064/1064/5 1071/1071/5 1072/1072/5 1065/1065/5
f 1065/1065/5 1072/1072/5 1073/1073/5 1066/1066/5
f 1066/1066/5 1073/1073/5 1074/1074/5 1067/1067/5
f 1067/1067/5 1074/1074/5 1075/1075/5 1068/1068/5
f 1069/1069/5 1076/1076/5 1077/1077/5 1070/1070/5
f 1070/1070/5 1077/1077/5 1078/1078/5 1071/1071/5
f 1071/1071/5 1078/1078/5 1079/1079/5 1072/1072/5
f 1072/1072/5 1079/1079/5 1080/1080/5 1073/1073/5
f 1073/1073/5 1080/1080/5 1081/1081/5 1074/1074/5
f 1074/1074/5 1081/1081/5 1082/1082/5 1075/1075/5
f 742/742/5 781/781/5 1034/1034/5 795/795/5
f 795/795/5 1034/1034/5 1035/1035/5 794/794/5
f 794/794/5 1035/1035/5 1036/1036/5 793/793/5
f 793/793/5 1036/1036/5 1037/1037/5 792/792/5
f 792/792/5 1037/1037/5 1038/1038/5 791/791/5
f 791/791/5 1038/1038/5 1039/1039/5 790/790/5
f 790/790/5 1039/1039/5 1040/1040/5 789/789/5
f 789/789/5 1040/1040/5 824/824/5 746/746/5
f 1040/1040/5 1047/1047/5 825/825/5 824/824/5
f 1047/1047/5 1054/1054/5 826/826/5 825/825/5
f 1054/1054/5 1061/1061/5 827/827/5 826/826/5
f 1061/1061/5 1068/1068/5 828/828/5 827/827/5
f 1068/1068/5 1075/1075/5 829/829/5 828/828/5
f 1075/1075/5 1082/1082/5 830/830/5 829/829/5
f 1082/1082/5 768/768/5 745/745/5 830/830/5
f 1081/1081/5 769/769/5 768/768/5 1082/1082/5
f 1080/1080/5 770/770/5 769/769/5 1081/1081/5
f 1079/1079/5 771/771/5 770/770/5 1080/1080/5
f 1078/1078/5 772/772/5 771/771/5 1079/1079/5
f 1077/1077/5 773/773/5 772/772/5 1078/1078/5
f 1076/1076/5 774/774/5 773/773/5 1077/1077/5
f 775/775/5 740/740/5 774/774/5 1076/1076/5
f 776/776/5 775/775/5 1076/1076/5 1069/1069/5
f 777/777/5 776/776/5 1069/1069/5 1062/1062/5
f 778/778/5 777/777/5 1062/1062/5 1055/1055/5
f 779/779/5 778/778/5 1055/1055/5 1048/1048/5
f 780/780/5 779/779/5 1048/1048/5 1041/1041/5
f 781/781/5 780/780/5 1041/1041/5 1034/1034/5
f 1083/1083/5 1090/1090/5 1091/1091/5 1084/1084/5
f 1084/1084/5 1091/1091/5 1092/1092/5 1085/1085/5
f 1085/1085/5 1092/1092/5 1093/1093/5 1086/1086/5
f 1086/1086/5 1093/1093/5 1094/1094/5 1087/1087/5
f 1087/1087/5 1094/1094/5 1095/1095/5 1088/1088/5
f 1088/1088/5 1095/1095/5 1096/1096/5 1089/1089/5
f 1090/1090/5 1097/1097/5 1098/1098/5 1091/1091/5
f 1091/1091/5 1098/1098/5 1099/1099/5 1092/1092/5
f 1092/1092/5 1099/1099/5 1100/1100/5 1093/1093/5
f 1093/1093/5 1100/1100/5 1101/1101/5 1094/1094/5
f 1094/1094/5 1101/1101/5 1102/1102/5 1095/1095/5
f 1095/1095/5 1102/1102/5 1103/1103/5 1096/1096/5
f 1097/1097/5 1104/1104/5 1105/1105/5 1098/1098/5
f 1098/1098/5 1105/1105/5 1106/1106/5 1099/1099/5
f 1099/1099/5 1106/1106/5 1107/1107/5 1100/1100/5
f 1100/1100/5 1107/1107/5 1108/1108/5 1101/1101/5
f 1101/1101/5 1108/1108/5 1109/1109/5 1102/1102/5
f 1102/1102/5 1109/1109/5 1110/1110/5 1103/1103/5
f 1104/1104/5 1111/1111/5 1112/1112/5 1105/1105/5
f 1105/1105/5 1112/1112/5 1113/1113/5 1106/1106/5
f 1106/1106/5 1113/1113/5 1114/1114/5 1107/1107/5
f 1107/1107/5 1114/1114/5 1115/1115/5 1108/1108/5
f 1108/1108/5 1115/1115/5 1116/1116/5 1109/1109/5
f 1109/1109/5 1116/1116/5 1117/1117/5 1110/1110/5
f 1111/1111/5 1118/1118/5 1119/1119/5 1112/1112/5
f 1112/1112/5 1119/1119/5 1120/1120/5 1113/1113/5
f 1113/1113/5 1120/1120/5 1121/1121/5 1114/1114/5
f 1114/1114/5 1121/1121/5 1122/1122/5 1115/1115/5
f 1115/1115/5 1122/1122/5 1123/1123/5 1116/1116/5
f 1116/1116/5 1123/1123/5 1124/1124/5 1117/1117/5
f 1118/1118/5 1125/1125/5 1126/1126/5 1119/1119/5
f 1119/1119/5 1126/1126/5 1127/1127/5 1120/1120/5
f 1120/1120/5 1127/1127/5 1128/1128/5 1121/1121/5
f 1121/1121/5 1128/1128/5 1129/1129/5 1122/1122/5
f 1122/1122/5 1129/1129/5 1130/1130/5 1123/1123/5
f 1123/1123/5 1130/1130/5 1131/1131/5 1124/1124/5
f 1622/1700/147 1137/1137/5 1138/1138/5 1620/1697/148
f 1730/1862/149 1083/1083/5 1084/1084/5 1728/1859/150
f 1728/1859/150 1084/1084/5 1085/1085/5 1726/1856/151
f 1726/1856/151 1085/1085/5 1086/1086/5 1724/1853/152
f 1724/1853/152 1086/1086/5 1087/1087/5 1722/1850/153
f 1722/1850/153 1087/1087/5 1088/1088/5 1720/1847/154
f 1620/1697/148 1138/1138/5 845/845/5 1605/1673/155
f 1089/1089/5 1096/1096/5 839/839/5 838/838/5
f 1096/1096/5 1103/1103/5 840/840/5 839/839/5
f 1103/1103/5 1110/1110/5 841/841/5 840/840/5
f 1110/1110/5 1117/1117/5 842/842/5 841/841/5
f 1117/1117/5 1124/1124/5 843/843/5 842/842/5
f 1124/1124/5 1131/1131/5 844/844/5 843/843/5
f 1131/1131/5 809/809/5 745/745/5 844/844/5
f 1130/1130/5 808/808/5 809/809/5 1131/1131/5
f 1129/1129/5 807/807/5 808/808/5 1130/1130/5
f 1128/1128/5 806/806/5 807/807/5 1129/1129/5
f 1127/1127/5 805/805/5 806/806/5 1128/1128/5
f 1126/1126/5 804/804/5 805/805/5 1127/1127/5
f 1125/1125/5 803/803/5 804/804/5 1126/1126/5
f 831/831/5 741/741/5 803/803/5 1125/1125/5
f 832/832/5 831/831/5 1125/1125/5 1118/1118/5
f 833/833/5 832/832/5 1118/1118/5 1111/1111/5
f 834/834/5 833/833/5 1111/1111/5 1104/1104/5
f 835/835/5 834/834/5 1104/1104/5 1097/1097/5
f 836/836/5 835/835/5 1097/1097/5 1090/1090/5
f 837/837/5 836/836/5 1090/1090/5 1083/1083/5
f 1132/1132/5 1139/1139/5 1140/1140/5 1133/1133/5
f 1133/1133/5 1140/1140/5 1141/1141/5 1134/1134/5
f 1134/1134/5 1141/1141/5 1142/1142/5 1135/1135/5
f 1135/1135/5 1142/1142/5 1143/1143/5 1136/1136/5
f 1136/1136/5 1143/1143/5 1144/1144/5 1137/1137/5
f 1137/1137/5 1144/1144/5 1145/1145/5 1138/1138/5
f 1139/1139/5 1146/1146/5 1147/1147/5 1140/1140/5
f 1140/1140/5 1147/1147/5 1148/1148/5 1141/1141/5
f 1141/1141/5 1148/1148/5 1149/1149/5 1142/1142/5
f 1142/1142/5 1149/1149/5 1150/1150/5 1143/1143/5
f 1143/1143/5 1150/1150/5 1151/1151/5 1144/1144/5
f 1144/1144/5 1151/1151/5 1152/1152/5 1145/1145/5
f 1146/1146/5 1153/1153/5 1154/1154/5 1147/1147/5
f 1147/1147/5 1154/1154/5 1155/1155/5 1148/1148/5
f 1148/1148/5 1155/1155/5 1156/1156/5 1149/1149/5
f 1149/1149/5 1156/1156/5 1157/1157/5 1150/1150/5
f 1150/1150/5 1157/1157/5 1158/1158/5 1151/1151/5
f 1151/1151/5 1158/1158/5 1159/1159/5 1152/1152/5
f 1153/1153/5 1160/1160/5 1161/1161/5 1154/1154/5
f 1154/1154/5 1161/1161/5 1162/1162/5 1155/1155/5
f 1155/1155/5 1162/1162/5 1163/1163/5 1156/1156/5
f 1156/1156/5 1163/1163/5 1164/1164/5 1157/1157/5
f 1157/1157/5 1164/1164/5 1165/1165/5 1158/1158/5
f 1158/1158/5 1165/1165/5 1166/1166/5 1159/1159/5
f 1160/1160/5 1167/1167/5 1168/1168/5 1161/1161/5
f 1161/1161/5 1168/1168/5 1169/1169/5 1162/1162/5
f 1162/1162/5 1169/1169/5 1170/1170/5 1163/1163/5
f 1163/1163/5 1170/1170/5 1171/1171/5 1164/1164/5
f 1164/1164/5 1171/1171/5 1172/1172/5 1165/1165/5
f 1165/1165/5 1172/1172/5 1173/1173/5 1166/1166/5
f 1167/1167/5 1174/1174/5 1175/1175/5 1168/1168/5
f 1168/1168/5 1175/1175/5 1176/1176/5 1169/1169/5
f 1169/1169/5 1176/1176/5 1177/1177/5 1170/1170/5
f 1170/1170/5 1177/1177/5 1178/1178/5 1171/1171/5
f 1171/1171/5 1178/1178/5 1179/1179/5 1172/1172/5
f 1172/1172/5 1179/1179/5 1180/1180/5 1173/1173/5
f 1718/1844/156 1089/1089/5 838/838/5 1604/1672/4
f 1636/1721/157 1186/1186/5 1187/1187/5 1634/1718/158
f 1632/1715/6 1132/1132/5 1133/1133/5 1630/1712/159
f 1630/1712/159 1133/1133/5 1134/1134/5 1628/1709/160
f 1628/1709/160 1134/1134/5 1135/1135/5 1626/1706/161
f 1626/1706/161 1135/1135/5 1136/1136/5 1624/1703/162
f 1624/1703/162 1136/1136/5 1137/1137/5 1622/1700/147
f 1605/1673/155 845/845/5 1181/1181/5 1646/1736/163
f 1138/1138/5 1145/1145/5 846/846/5 845/845/5
f 1145/1145/5 1152/1152/5 847/847/5 846/846/5
f 1152/1152/5 1159/1159/5 848/848/5 847/847/5
f 1159/1159/5 1166/1166/5 849/849/5 848/848/5
f 1166/1166/5 1173/1173/5 850/850/5 849/849/5
f 1173/1173/5 1180/1180/5 851/851/5 850/850/5
f 1180/1180/5 774/774/5 740/740/5 851/851/5
f 1179/1179/5 773/773/5 774/774/5 1180/1180/5
f 1178/1178/5 772/772/5 773/773/5 1179/1179/5
f 1177/1177/5 771/771/5 772/772/5 1178/1178/5
f 1176/1176/5 770/770/5 771/771/5 1177/1177/5
f 1175/1175/5 769/769/5 770/770/5 1176/1176/5
f 1174/1174/5 768/768/5 769/769/5 1175/1175/5
f 844/844/5 745/745/5 768/768/5 1174/1174/5
f 843/843/5 844/844/5 1174/1174/5 1167/1167/5
f 842/842/5 843/843/5 1167/1167/5 1160/1160/5
f 841/841/5 842/842/5 1160/1160/5 1153/1153/5
f 840/840/5 841/841/5 1153/1153/5 1146/1146/5
f 839/839/5 840/840/5 1146/1146/5 1139/1139/5
f 838/838/5 839/839/5 1139/1139/5 1132/1132/5
f 1181/1181/5 1188/1188/5 1189/1189/5 1182/1182/5
f 1182/1182/5 1189/1189/5 1190/1190/5 1183/1183/5
f 1183/1183/5 1190/1190/5 1191/1191/5 1184/1184/5
f 1184/1184/5 1191/1191/5 1192/1192/5 1185/1185/5
f 1185/1185/5 1192/1192/5 1193/1193/5 1186/1186/5
f 1186/1186/5 1193/1193/5 1194/1194/5 1187/1187/5
f 1188/1188/5 1195/1195/5 1196/1196/5 1189/1189/5
f 1189/1189/5 1196/1196/5 1197/1197/5 1190/1190/5
f 1190/1190/5 1197/1197/5 1198/1198/5 1191/1191/5
f 1191/1191/5 1198/1198/5 1199/1199/5 1192/1192/5
f 1192/1192/5 1199/1199/5 1200/1200/5 1193/1193/5
f 1193/1193/5 1200/1200/5 1201/1201/5 1194/1194/5
f 1195/1195/5 1202/1202/5 1203/1203/5 1196/1196/5
f 1196/1196/5 1203/1203/5 1204/1204/5 1197/1197/5
f 1197/1197/5 1204/1204/5 1205/1205/5 1198/1198/5
f 1198/1198/5 1205/1205/5 1206/1206/5 1199/1199/5
f 1199/1199/5 1206/1206/5 1207/1207/5 1200/1200/5
f 1200/1200/5 1207/1207/5 1208/1208/5 1201/1201/5
f 1202/1202/5 1209/1209/5 1210/1210/5 1203/1203/5
f 1203/1203/5 1210/1210/5 1211/1211/5 1204/1204/5
f 1204/1204/5 1211/1211/5 1212/1212/5 1205/1205/5
f 1205/1205/5 1212/1212/5 1213/1213/5 1206/1206/5
f 1206/1206/5 1213/1213/5 1214/1214/5 1207/1207/5
f 1207/1207/5 1214/1214/5 1215/1215/5 1208/1208/5
f 1209/1209/5 1216/1216/5 1217/1217/5 1210/1210/5
f 1210/1210/5 1217/1217/5 1218/1218/5 1211/1211/5
f 1211/1211/5 1218/1218/5 1219/1219/5 1212/1212/5
f 1212/1212/5 1219/1219/5 1220/1220/5 1213/1213/5
f 1213/1213/5 1220/1220/5 1221/1221/5 1214/1214/5
f 1214/1214/5 1221/1221/5 1222/1222/5 1215/1215/5
f 1216/1216/5 1223/1223/5 1224/1224/5 1217/1217/5
f 1217/1217/5 1224/1224/5 1225/1225/5 1218/1218/5
f 1218/1218/5 1225/1225/5 1226/1226/5 1219/1219/5
f 1219/1219/5 1226/1226/5 1227/1227/5 1220/1220/5
f 1220/1220/5 1227/1227/5 1228/1228/5 1221/1221/5
f 1221/1221/5 1228/1228/5 1229/1229/5 1222/1222/5
f 1634/1718/158 1187/1187/5 852/852/5 1607/1676/164
f 1650/1742/165 1235/1235/5 1236/1236/5 1648/1739/166
f 1646/1736/163 1181/1181/5 1182/1182/5 1644/1733/167
f 1644/1733/167 1182/1182/5 1183/1183/5 1642/1730/168
f 1642/1730/168 1183/1183/5 1184/1184/5 1640/1727/169
f 1640/1727/169 1184/1184/5 1185/1185/5 1638/1724/170
f 1638/1724/170 1185/1185/5 1186/1186/5 1636/1721/157
f 1607/1676/164 852/852/5 1230/1230/5 1660/1757/171
f 1187/1187/5 1194/1194/5 853/853/5 852/852/5
f 1194/1194/5 1201/1201/5 854/854/5 853/853/5
f 1201/1201/5 1208/1208/5 855/855/5 854/854/5
f 1208/1208/5 1215/1215/5 856/856/5 855/855/5
f 1215/1215/5 1222/1222/5 857/857/5 856/856/5
f 1222/1222/5 1229/1229/5 858/858/5 857/857/5
f 1229/1229/5 781/781/5 742/742/5 858/858/5
f 1228/1228/5 780/780/5 781/781/5 1229/1229/5
f 1227/1227/5 779/779/5 780/780/5 1228/1228/5
f 1226/1226/5 778/778/5 779/779/5 1227/1227/5
f 1225/1225/5 777/777/5 778/778/5 1226/1226/5
f 1224/1224/5 776/776/5 777/777/5 1225/1225/5
f 1223/1223/5 775/775/5 776/776/5 1224/1224/5
f 851/851/5 740/740/5 775/775/5 1223/1223/5
f 850/850/5 851/851/5 1223/1223/5 1216/1216/5
f 849/849/5 850/850/5 1216/1216/5 1209/1209/5
f 848/848/5 849/849/5 1209/1209/5 1202/1202/5
f 847/847/5 848/848/5 1202/1202/5 1195/1195/5
f 846/846/5 847/847/5 1195/1195/5 1188/1188/5
f 845/845/5 846/846/5 1188/1188/5 1181/1181/5
f 1230/1230/5 1237/1237/5 1238/1238/5 1231/1231/5
f 1231/1231/5 1238/1238/5 1239/1239/5 1232/1232/5
f 1232/1232/5 1239/1239/5 1240/1240/5 1233/1233/5
f 1233/1233/5 1240/1240/5 1241/1241/5 1234/1234/5
f 1234/1234/5 1241/1241/5 1242/1242/5 1235/1235/5
f 1235/1235/5 1242/1242/5 1243/1243/5 1236/1236/5
f 1237/1237/5 1244/1244/5 1245/1245/5 1238/1238/5
f 1238/1238/5 1245/1245/5 1246/1246/5 1239/1239/5
f 1239/1239/5 1246/1246/5 1247/1247/5 1240/1240/5
f 1240/1240/5 1247/1247/5 1248/1248/5 1241/1241/5
f 1241/1241/5 1248/1248/5 1249/1249/5 1242/1242/5
f 1242/1242/5 1249/1249/5 1250/1250/5 1243/1243/5
f 1244/1244/5 1251/1251/5 1252/1252/5 1245/1245/5
f 1245/1245/5 1252/1252/5 1253/1253/5 1246/1246/5
f 1246/1246/5 1253/1253/5 1254/1254/5 1247/1247/5
f 1247/1247/5 1254/1254/5 1255/1255/5 1248/1248/5
f 1248/1248/5 1255/1255/5 1256/1256/5 1249/1249/5
f 1249/1249/5 1256/1256/5 1257/1257/5 1250/1250/5
f 1251/1251/5 1258/1258/5 1259/1259/5 1252/1252/5
f 1252/1252/5 1259/1259/5 1260/1260/5 1253/1253/5
f 1253/1253/5 1260/1260/5 1261/1261/5 1254/1254/5
f 1254/1254/5 1261/1261/5 1262/1262/5 1255/1255/5
f 1255/1255/5 1262/1262/5 1263/1263/5 1256/1256/5
f 1256/1256/5 1263/1263/5 1264/1264/5 1257/1257/5
f 1258/1258/5 1265/1265/5 1266/1266/5 1259/1259/5
f 1259/1259/5 1266/1266/5 1267/1267/5 1260/1260/5
f 1260/1260/5 1267/1267/5 1268/1268/5 1261/1261/5
f 1261/1261/5 1268/1268/5 1269/1269/5 1262/1262/5
f 1262/1262/5 1269/1269/5 1270/1270/5 1263/1263/5
f 1263/1263/5 1270/1270/5 1271/1271/5 1264/1264/5
f 1265/1265/5 1272/1272/5 1273/1273/5 1266/1266/5
f 1266/1266/5 1273/1273/5 1274/1274/5 1267/1267/5
f 1267/1267/5 1274/1274/5 1275/1275/5 1268/1268/5
f 1268/1268/5 1275/1275/5 1276/1276/5 1269/1269/5
f 1269/1269/5 1276/1276/5 1277/1277/5 1270/1270/5
f 1270/1270/5 1277/1277/5 1278/1278/5 1271/1271/5
f 1648/1739/166 1236/1236/5 859/859/5 1609/1679/172
f 1664/1763/173 1284/1284/5 1285/1285/5 1662/1760/174
f 1660/1757/171 1230/1230/5 1231/1231/5 1658/1754/175
f 1658/1754/175 1231/1231/5 1232/1232/5 1656/1751/176
f 1656/1751/176 1232/1232/5 1233/1233/5 1654/1748/177
f 1654/1748/177 1233/1233/5 1234/1234/5 1652/1745/178
f 1652/1745/178 1234/1234/5 1235/1235/5 1650/1742/165
f 1609/1679/172 859/859/5 1279/1279/5 1674/1778/179
f 1236/1236/5 1243/1243/5 860/860/5 859/859/5
f 1243/1243/5 1250/1250/5 861/861/5 860/860/5
f 1250/1250/5 1257/1257/5 862/862/5 861/861/5
f 1257/1257/5 1264/1264/5 863/863/5 862/862/5
f 1264/1264/5 1271/1271/5 864/864/5 863/863/5
f 1271/1271/5 1278/1278/5 865/865/5 864/864/5
f 1278/1278/5 753/753/5 738/738/5 865/865/5
f 1277/1277/5 752/752/5 753/753/5 1278/1278/5
f 1276/1276/5 751/751/5 752/752/5 1277/1277/5
f 1275/1275/5 750/750/5 751/751/5 1276/1276/5
f 1274/1274/5 749/749/5 750/750/5 1275/1275/5
f 1273/1273/5 748/748/5 749/749/5 1274/1274/5
f 1272/1272/5 747/747/5 748/748/5 1273/1273/5
f 858/858/5 742/742/5 747/747/5 1272/1272/5
f 857/857/5 858/858/5 1272/1272/5 1265/1265/5
f 856/856/5 857/857/5 1265/1265/5 1258/1258/5
f 855/855/5 856/856/5 1258/1258/5 1251/1251/5
f 854/854/5 855/855/5 1251/1251/5 1244/1244/5
f 853/853/5 854/854/5 1244/1244/5 1237/1237/5
f 852/852/5 853/853/5 1237/1237/5 1230/1230/5
f 1279/1279/5 1286/1286/5 1287/1287/5 1280/1280/5
f 1280/1280/5 1287/1287/5 1288/1288/5 1281/1281/5
f 1281/1281/5 1288/1288/5 1289/1289/5 1282/1282/5
f 1282/1282/5 1289/1289/5 1290/1290/5 1283/1283/5
f 1283/1283/5 1290/1290/5 1291/1291/5 1284/1284/5
f 1284/1284/5 1291/1291/5 1292/1292/5 1285/1285/5
f 1286/1286/5 1293/1293/5 1294/1294/5 1287/1287/5
f 1287/1287/5 1294/1294/5 1295/1295/5 1288/1288/5
f 1288/1288/5 1295/1295/5 1296/1296/5 1289/1289/5
f 1289/1289/5 1296/1296/5 1297/1297/5 1290/1290/5
f 1290/1290/5 1297/1297/5 1298/1298/5 1291/1291/5
f 1291/1291/5 1298/1298/5 1299/1299/5 1292/1292/5
f 1293/1293/5 1300/1300/5 1301/1301/5 1294/1294/5
f 1294/1294/5 1301/1301/5 1302/1302/5 1295/1295/5
f 1295/1295/5 1302/1302/5 1303/1303/5 1296/1296/5
f 1296/1296/5 1303/1303/5 1304/1304/5 1297/1297/5
f 1297/1297/5 1304/1304/5 1305/1305/5 1298/1298/5
f 1298/1298/5 1305/1305/5 1306/1306/5 1299/1299/5
f 1300/1300/5 1307/1307/5 1308/1308/5 1301/1301/5
f 1301/1301/5 1308/1308/5 1309/1309/5 1302/1302/5
f 1302/1302/5 1309/1309/5 1310/1310/5 1303/1303/5
f 1303/1303/5 1310/1310/5 1311/1311/5 1304/1304/5
f 1304/1304/5 1311/1311/5 1312/1312/5 1305/1305/5
f 1305/1305/5 1312/1312/5 1313/1313/5 1306/1306/5
f 1307/1307/5 1314/1314/5 1315/1315/5 1308/1308/5
f 1308/1308/5 1315/1315/5 1316/1316/5 1309/1309/5
f 1309/1309/5 1316/1316/5 1317/1317/5 1310/1310/5
f 1310/1310/5 1317/1317/5 1318/1318/5 1311/1311/5
f 1311/1311/5 1318/1318/5 1319/1319/5 1312/1312/5
f 1312/1312/5 1319/1319/5 1320/1320/5 1313/1313/5
f 1314/1314/5 1321/1321/5 1322/1322/5 1315/1315/5
f 1315/1315/5 1322/1322/5 1323/1323/5 1316/1316/5
f 1316/1316/5 1323/1323/5 1324/1324/5 1317/1317/5
f 1317/1317/5 1324/1324/5 1325/1325/5 1318/1318/5
f 1318/1318/5 1325/1325/5 1326/1326/5 1319/1319/5
f 1319/1319/5 1326/1326/5 1327/1327/5 1320/1320/5
f 1662/1760/174 1285/1285/5 866/866/5 1611/1682/180
f 1678/1784/181 1333/1333/5 1334/1334/5 1676/1781/182
f 1674/1778/179 1279/1279/5 1280/1280/5 1672/1775/183
f 1672/1775/183 1280/1280/5 1281/1281/5 1670/1772/184
f 1670/1772/184 1281/1281/5 1282/1282/5 1668/1769/185
f 1668/1769/185 1282/1282/5 1283/1283/5 1666/1766/186
f 1666/1766/186 1283/1283/5 1284/1284/5 1664/1763/173
f 1611/1682/180 866/866/5 1328/1328/5 1688/1799/187
f 1285/1285/5 1292/1292/5 867/867/5 866/866/5
f 1292/1292/5 1299/1299/5 868/868/5 867/867/5
f 1299/1299/5 1306/1306/5 869/869/5 868/868/5
f 1306/1306/5 1313/1313/5 870/870/5 869/869/5
f 1313/1313/5 1320/1320/5 871/871/5 870/870/5
f 1320/1320/5 1327/1327/5 872/872/5 871/871/5
f 1327/1327/5 802/802/5 744/744/5 872/872/5
f 1326/1326/5 801/801/5 802/802/5 1327/1327/5
f 1325/1325/5 800/800/5 801/801/5 1326/1326/5
f 1324/1324/5 799/799/5 800/800/5 1325/1325/5
f 1323/1323/5 798/798/5 799/799/5 1324/1324/5
f 1322/1322/5 797/797/5 798/798/5 1323/1323/5
f 1321/1321/5 796/796/5 797/797/5 1322/1322/5
f 865/865/5 738/738/5 796/796/5 1321/1321/5
f 864/864/5 865/865/5 1321/1321/5 1314/1314/5
f 863/863/5 864/864/5 1314/1314/5 1307/1307/5
f 862/862/5 863/863/5 1307/1307/5 1300/1300/5
f 861/861/5 862/862/5 1300/1300/5 1293/1293/5
f 860/860/5 861/861/5 1293/1293/5 1286/1286/5
f 859/859/5 860/860/5 1286/1286/5 1279/1279/5
f 1328/1328/5 1335/1335/5 1336/1336/5 1329/1329/5
f 1329/1329/5 1336/1336/5 1337/1337/5 1330/1330/5
f 1330/1330/5 1337/1337/5 1338/1338/5 1331/1331/5
f 1331/1331/5 1338/1338/5 1339/1339/5 1332/1332/5
f 1332/1332/5 1339/1339/5 1340/1340/5 1333/1333/5
f 1333/1333/5 1340/1340/5 1341/1341/5 1334/1334/5
f 1335/1335/5 1342/1342/5 1343/1343/5 1336/1336/5
f 1336/1336/5 1343/1343/5 1344/1344/5 1337/1337/5
f 1337/1337/5 1344/1344/5 1345/1345/5 1338/1338/5
f 1338/1338/5 1345/1345/5 1346/1346/5 1339/1339/5
f 1339/1339/5 1346/1346/5 1347/1347/5 1340/1340/5
f 1340/1340/5 1347/1347/5 1348/1348/5 1341/1341/5
f 1342/1342/5 1349/1349/5 1350/1350/5 1343/1343/5
f 1343/1343/5 1350/1350/5 1351/1351/5 1344/1344/5
f 1344/1344/5 1351/1351/5 1352/1352/5 1345/1345/5
f 1345/1345/5 1352/1352/5 1353/1353/5 1346/1346/5
f 1346/1346/5 1353/1353/5 1354/1354/5 1347/1347/5
f 1347/1347/5 1354/1354/5 1355/1355/5 1348/1348/5
f 1349/1349/5 1356/1356/5 1357/1357/5 1350/1350/5
f 1350/1350/5 1357/1357/5 1358/1358/5 1351/1351/5
f 1351/1351/5 1358/1358/5 1359/1359/5 1352/1352/5
f 1352/1352/5 1359/1359/5 1360/1360/5 1353/1353/5
f 1353/1353/5 1360/1360/5 1361/1361/5 1354/1354/5
f 1354/1354/5 1361/1361/5 1362/1362/5 1355/1355/5
f 1356/1356/5 1363/1363/5 1364/1364/5 1357/1357/5
f 1357/1357/5 1364/1364/5 1365/1365/5 1358/1358/5
f 1358/1358/5 1365/1365/5 1366/1366/5 1359/1359/5
f 1359/1359/5 1366/1366/5 1367/1367/5 1360/1360/5
f 1360/1360/5 1367/1367/5 1368/1368/5 1361/1361/5
f 1361/1361/5 1368/1368/5 1369/1369/5 1362/1362/5
f 1363/1363/5 1370/1370/5 1371/1371/5 1364/1364/5
f 1364/1364/5 1371/1371/5 1372/1372/5 1365/1365/5
f 1365/1365/5 1372/1372/5 1373/1373/5 1366/1366/5
f 1366/1366/5 1373/1373/5 1374/1374/5 1367/1367/5
f 1367/1367/5 1374/1374/5 1375/1375/5 1368/1368/5
f 1368/1368/5 1375/1375/5 1376/1376/5 1369/1369/5
f 1676/1781/182 1334/1334/5 873/873/5 1613/1686/188
f 1692/1805/189 1382/1382/5 1383/1383/5 1690/1802/190
f 1688/1799/187 1328/1328/5 1329/1329/5 1686/1796/191
f 1686/1796/191 1329/1329/5 1330/1330/5 1684/1793/192
f 1684/1793/192 1330/1330/5 1331/1331/5 1682/1790/193
f 1682/1790/193 1331/1331/5 1332/1332/5 1680/1787/194
f 1680/1787/194 1332/1332/5 1333/1333/5 1678/1784/181
f 1613/1686/188 873/873/5 1377/1377/5 1702/1820/195
f 1334/1334/5 1341/1341/5 874/874/5 873/873/5
f 1341/1341/5 1348/1348/5 875/875/5 874/874/5
f 1348/1348/5 1355/1355/5 876/876/5 875/875/5
f 1355/1355/5 1362/1362/5 877/877/5 876/876/5
f 1362/1362/5 1369/1369/5 878/878/5 877/877/5
f 1369/1369/5 1376/1376/5 879/879/5 878/878/5
f 1376/1376/5 760/760/5 739/739/5 879/879/5
f 1375/1375/5 759/759/5 760/760/5 1376/1376/5
f 1374/1374/5 758/758/5 759/759/5 1375/1375/5
f 1373/1373/5 757/757/5 758/758/5 1374/1374/5
f 1372/1372/5 756/756/5 757/757/5 1373/1373/5
f 1371/1371/5 755/755/5 756/756/5 1372/1372/5
f 1370/1370/5 754/754/5 755/755/5 1371/1371/5
f 872/872/5 744/744/5 754/754/5 1370/1370/5
f 871/871/5 872/872/5 1370/1370/5 1363/1363/5
f 870/870/5 871/871/5 1363/1363/5 1356/1356/5
f 869/869/5 870/870/5 1356/1356/5 1349/1349/5
f 868/868/5 869/869/5 1349/1349/5 1342/1342/5
f 867/867/5 868/868/5 1342/1342/5 1335/1335/5
f 866/866/5 867/867/5 1335/1335/5 1328/1328/5
f 1377/1377/5 1384/1384/5 1385/1385/5 1378/1378/5
f 1378/1378/5 1385/1385/5 1386/1386/5 1379/1379/5
f 1379/1379/5 1386/1386/5 1387/1387/5 1380/1380/5
f 1380/1380/5 1387/1387/5 1388/1388/5 1381/1381/5
f 1381/1381/5 1388/1388/5 1389/1389/5 1382/1382/5
f 1382/1382/5 1389/1389/5 1390/1390/5 1383/1383/5
f 1384/1384/5 1391/1391/5 1392/1392/5 1385/1385/5
f 1385/1385/5 1392/1392/5 1393/1393/5 1386/1386/5
f 1386/1386/5 1393/1393/5 1394/1394/5 1387/1387/5
f 1387/1387/5 1394/1394/5 1395/1395/5 1388/1388/5
f 1388/1388/5 1395/1395/5 1396/1396/5 1389/1389/5
f 1389/1389/5 1396/1396/5 1397/1397/5 1390/1390/5
f 1391/1391/5 1398/1398/5 1399/1399/5 1392/1392/5
f 1392/1392/5 1399/1399/5 1400/1400/5 1393/1393/5
f 1393/1393/5 1400/1400/5 1401/1401/5 1394/1394/5
f 1394/1394/5 1401/1401/5 1402/1402/5 1395/1395/5
f 1395/1395/5 1402/1402/5 1403/1403/5 1396/1396/5
f 1396/1396/5 1403/1403/5 1404/1404/5 1397/1397/5
f 1398/1398/5 1405/1405/5 1406/1406/5 1399/1399/5
f 1399/1399/5 1406/1406/5 1407/1407/5 1400/1400/5
f 1400/1400/5 1407/1407/5 1408/1408/5 1401/1401/5
f 1401/1401/5 1408/1408/5 1409/1409/5 1402/1402/5
f 1402/1402/5 1409/1409/5 1410/1410/5 1403/1403/5
f 1403/1403/5 1410/1410/5 1411/1411/5 1404/1404/5
f 1405/1405/5 1412/1412/5 1413/1413/5 1406/1406/5
f 1406/1406/5 1413/1413/5 1414/1414/5 1407/1407/5
f 1407/1407/5 1414/1414/5 1415/1415/5 1408/1408/5
f 1408/1408/5 1415/1415/5 1416/1416/5 1409/1409/5
f 1409/1409/5 1416/1416/5 1417/1417/5 1410/1410/5
f 1410/1410/5 1417/1417/5 1418/1418/5 1411/1411/5
f 1412/1412/5 1419/1419/5 1420/1420/5 1413/1413/5
f 1413/1413/5 1420/1420/5 1421/1421/5 1414/1414/5
f 1414/1414/5 1421/1421/5 1422/1422/5 1415/1415/5
f 1415/1415/5 1422/1422/5 1423/1423/5 1416/1416/5
f 1416/1416/5 1423/1423/5 1424/1424/5 1417/1417/5
f 1417/1417/5 1424/1424/5 1425/1425/5 1418/1418/5
f 1690/1802/190 1383/1383/5 880/880/5 1615/1689/196
f 1706/1826/197 1431/1431/5 1432/1432/5 1704/1823/198
f 1702/1820/195 1377/1377/5 1378/1378/5 1700/1817/199
f 1700/1817/199 1378/1378/5 1379/1379/5 1698/1814/200
f 1698/1814/200 1379/1379/5 1380/1380/5 1696/1811/201
f 1696/1811/201 1380/1380/5 1381/1381/5 1694/1808/202
f 1694/1808/202 1381/1381/5 1382/1382/5 1692/1805/189
f 1615/1689/196 880/880/5 1426/1426/5 1716/1841/203
f 1383/1383/5 1390/1390/5 881/881/5 880/880/5
f 1390/1390/5 1397/1397/5 882/882/5 881/881/5
f 1397/1397/5 1404/1404/5 883/883/5 882/882/5
f 1404/1404/5 1411/1411/5 884/884/5 883/883/5
f 1411/1411/5 1418/1418/5 885/885/5 884/884/5
f 1418/1418/5 1425/1425/5 886/886/5 885/885/5
f 1425/1425/5 788/788/5 743/743/5 886/886/5
f 1424/1424/5 787/787/5 788/788/5 1425/1425/5
f 1423/1423/5 786/786/5 787/787/5 1424/1424/5
f 1422/1422/5 785/785/5 786/786/5 1423/1423/5
f 1421/1421/5 784/784/5 785/785/5 1422/1422/5
f 1420/1420/5 783/783/5 784/784/5 1421/1421/5
f 1419/1419/5 782/782/5 783/783/5 1420/1420/5
f 879/879/5 739/739/5 782/782/5 1419/1419/5
f 878/878/5 879/879/5 1419/1419/5 1412/1412/5
f 877/877/5 878/878/5 1412/1412/5 1405/1405/5
f 876/876/5 877/877/5 1405/1405/5 1398/1398/5
f 875/875/5 876/876/5 1398/1398/5 1391/1391/5
f 874/874/5 875/875/5 1391/1391/5 1384/1384/5
f 873/873/5 874/874/5 1384/1384/5 1377/1377/5
f 1426/1426/5 1433/1433/5 1434/1434/5 1427/1427/5
f 1427/1427/5 1434/1434/5 1435/1435/5 1428/1428/5
f 1428/1428/5 1435/1435/5 1436/1436/5 1429/1429/5
f 1429/1429/5 1436/1436/5 1437/1437/5 1430/1430/5
f 1430/1430/5 1437/1437/5 1438/1438/5 1431/1431/5
f 1431/1431/5 1438/1438/5 1439/1439/5 1432/1432/5
f 1433/1433/5 1440/1440/5 1441/1441/5 1434/1434/5
f 1434/1434/5 1441/1441/5 1442/1442/5 1435/1435/5
f 1435/1435/5 1442/1442/5 1443/1443/5 1436/1436/5
f 1436/1436/5 1443/1443/5 1444/1444/5 1437/1437/5
f 1437/1437/5 1444/1444/5 1445/1445/5 1438/1438/5
f 1438/1438/5 1445/1445/5 1446/1446/5 1439/1439/5
f 1440/1440/5 1447/1447/5 1448/1448/5 1441/1441/5
f 1441/1441/5 1448/1448/5 1449/1449/5 1442/1442/5
f 1442/1442/5 1449/1449/5 1450/1450/5 1443/1443/5
f 1443/1443/5 1450/1450/5 1451/1451/5 1444/1444/5
f 1444/1444/5 1451/1451/5 1452/1452/5 1445/1445/5
f 1445/1445/5 1452/1452/5 1453/1453/5 1446/1446/5
f 1447/1447/5 1454/1454/5 1455/1455/5 1448/1448/5
f 1448/1448/5 1455/1455/5 1456/1456/5 1449/1449/5
f 1449/1449/5 1456/1456/5 1457/1457/5 1450/1450/5
f 1450/1450/5 1457/1457/5 1458/1458/5 1451/1451/5
f 1451/1451/5 1458/1458/5 1459/1459/5 1452/1452/5
f 1452/1452/5 1459/1459/5 1460/1460/5 1453/1453/5
f 1454/1454/5 1461/1461/5 1462/1462/5 1455/1455/5
f 1455/1455/5 1462/1462/5 1463/1463/5 1456/1456/5
f 1456/1456/5 1463/1463/5 1464/1464/5 1457/1457/5
f 1457/1457/5 1464/1464/5 1465/1465/5 1458/1458/5
f 1458/1458/5 1465/1465/5 1466/1466/5 1459/1459/5
f 1459/1459/5 1466/1466/5 1467/1467/5 1460/1460/5
f 1461/1461/5 1468/1468/5 1469/1469/5 1462/1462/5
f 1462/1462/5 1469/1469/5 1470/1470/5 1463/1463/5
f 1463/1463/5 1470/1470/5 1471/1471/5 1464/1464/5
f 1464/1464/5 1471/1471/5 1472/1472/5 1465/1465/5
f 1465/1465/5 1472/1472/5 1473/1473/5 1466/1466/5
f 1466/1466/5 1473/1473/5 1474/1474/5 1467/1467/5
f 1704/1823/198 1432/1432/5 837/837/5 1617/1692/204
f 1720/1847/154 1088/1088/5 1089/1089/5 1718/1844/156
f 1716/1841/203 1426/1426/5 1427/1427/5 1714/1838/205
f 1714/1838/205 1427/1427/5 1428/1428/5 1712/1835/206
f 1712/1835/206 1428/1428/5 1429/1429/5 1710/1832/207
f 1710/1832/207 1429/1429/5 1430/1430/5 1708/1829/208
f 1708/1829/208 1430/1430/5 1431/1431/5 1706/1826/197
f 1617/1692/204 837/837/5 1083/1083/5 1730/1862/149
f 1432/1432/5 1439/1439/5 836/836/5 837/837/5
f 1439/1439/5 1446/1446/5 835/835/5 836/836/5
f 1446/1446/5 1453/1453/5 834/834/5 835/835/5
f 1453/1453/5 1460/1460/5 833/833/5 834/834/5
f 1460/1460/5 1467/1467/5 832/832/5 833/833/5
f 1467/1467/5 1474/1474/5 831/831/5 832/832/5
f 1474/1474/5 767/767/5 741/741/5 831/831/5
f 1473/1473/5 766/766/5 767/767/5 1474/1474/5
f 1472/1472/5 765/765/5 766/766/5 1473/1473/5
f 1471/1471/5 764/764/5 765/765/5 1472/1472/5
f 1470/1470/5 763/763/5 764/764/5 1471/1471/5
f 1469/1469/5 762/762/5 763/763/5 1470/1470/5
f 1468/1468/5 761/761/5 762/762/5 1469/1469/5
f 886/886/5 743/743/5 761/761/5 1468/1468/5
f 885/885/5 886/886/5 1468/1468/5 1461/1461/5
f 884/884/5 885/885/5 1461/1461/5 1454/1454/5
f 883/883/5 884/884/5 1454/1454/5 1447/1447/5
f 882/882/5 883/883/5 1447/1447/5 1440/1440/5
f 881/881/5 882/882/5 1440/1440/5 1433/1433/5
f 880/880/5 881/881/5 1433/1433/5 1426/1426/5
f 1478/1481/46 1517/1540/209 444/444/1 108/108/1
f 1493/1504/210 1491/1501/45 401/401/1 400/400/1
f 1495/1507/211 1493/1504/210 400/400/1 399/399/1
f 1497/1510/212 1495/1507/211 399/399/1 398/398/1
f 1499/1513/213 1497/1510/212 398/398/1 397/397/1
f 1501/1516/214 1499/1513/213 397/397/1 396/396/1
f 1503/1519/215 1501/1516/214 396/396/1 395/395/1
f 1475/1475/216 1503/1519/215 395/395/1 101/101/1
f 1480/1484/64 1531/1561/217 493/493/1 115/115/1
f 1507/1525/218 1505/1522/63 450/450/1 449/449/1
f 1509/1528/219 1507/1525/218 449/449/1 448/448/1
f 1511/1531/220 1509/1528/219 448/448/1 447/447/1
f 1513/1534/221 1511/1531/220 447/447/1 446/446/1
f 1515/1537/222 1513/1534/221 446/446/1 445/445/1
f 1517/1540/209 1515/1537/222 445/445/1 444/444/1
f 1479/1482/60 1506/1523/27 1633/1716/30 1608/1677/61
f 1482/1487/82 1545/1582/223 542/542/1 122/122/1
f 1521/1546/224 1519/1543/81 499/499/1 498/498/1
f 1523/1549/225 1521/1546/224 498/498/1 497/497/1
f 1525/1552/226 1523/1549/225 497/497/1 496/496/1
f 1527/1555/227 1525/1552/226 496/496/1 495/495/1
f 1529/1558/228 1527/1555/227 495/495/1 494/494/1
f 1531/1561/217 1529/1558/228 494/494/1 493/493/1
f 1481/1485/78 1520/1544/47 1647/1737/50 1610/1680/79
f 1484/1491/100 1559/1603/229 591/591/1 129/129/1
f 1535/1567/230 1533/1564/99 548/548/1 547/547/1
f 1537/1570/231 1535/1567/230 547/547/1 546/546/1
f 1539/1573/232 1537/1570/231 546/546/1 545/545/1
f 1541/1576/233 1539/1573/232 545/545/1 544/544/1
f 1543/1579/234 1541/1576/233 544/544/1 543/543/1
f 1545/1582/223 1543/1579/234 543/543/1 542/542/1
f 1483/1489/96 1534/1565/65 1661/1758/68 1612/1684/97
f 1486/1494/118 1573/1624/235 640/640/1 136/136/1
f 1549/1588/236 1547/1585/117 597/597/1 596/596/1
f 1551/1591/237 1549/1588/236 596/596/1 595/595/1
f 1553/1594/238 1551/1591/237 595/595/1 594/594/1
f 1555/1597/239 1553/1594/238 594/594/1 593/593/1
f 1557/1600/240 1555/1597/239 593/593/1 592/592/1
f 1559/1603/229 1557/1600/240 592/592/1 591/591/1
f 1485/1492/114 1548/1586/83 1675/1779/86 1614/1687/115
f 1488/1497/136 1587/1645/241 689/689/1 143/143/1
f 1563/1609/242 1561/1606/135 646/646/1 645/645/1
f 1565/1612/243 1563/1609/242 645/645/1 644/644/1
f 1567/1615/244 1565/1612/243 644/644/1 643/643/1
f 1569/1618/245 1567/1615/244 643/643/1 642/642/1
f 1571/1621/246 1569/1618/245 642/642/1 641/641/1
f 1573/1624/235 1571/1621/246 641/641/1 640/640/1
f 1487/1495/132 1562/1607/101 1689/1800/104 1616/1690/133
f 1490/1500/3 1601/1666/247 346/346/1 100/100/1
f 1577/1630/248 1575/1627/2 695/695/1 694/694/1
f 1579/1633/249 1577/1630/248 694/694/1 693/693/1
f 1581/1636/250 1579/1633/249 693/693/1 692/692/1
f 1583/1639/251 1581/1636/250 692/692/1 691/691/1
f 1585/1642/252 1583/1639/251 691/691/1 690/690/1
f 1587/1645/241 1585/1642/252 690/690/1 689/689/1
f 1489/1498/145 1576/1628/119 1703/1821/122 1618/1693/146
f 1589/1648/253 1475/1475/216 101/101/1 352/352/1
f 1591/1651/254 1589/1648/253 352/352/1 351/351/1
f 1593/1654/255 1591/1651/254 351/351/1 350/350/1
f 1595/1657/256 1593/1654/255 350/350/1 349/349/1
f 1597/1660/257 1595/1657/256 349/349/1 348/348/1
f 1599/1663/258 1597/1660/257 348/348/1 347/347/1
f 1601/1666/247 1599/1663/258 347/347/1 346/346/1
f 1492/1502/20 1494/1505/41 1621/1698/42 1619/1695/21
f 1478/1481/46 1491/1501/45 1492/1503/20 1477/1480/19
f 1491/1501/45 1493/1504/210 1494/1506/41 1492/1503/20
f 1493/1504/210 1495/1507/211 1496/1509/39 1494/1506/41
f 1495/1507/211 1497/1510/212 1498/1512/37 1496/1509/39
f 1497/1510/212 1499/1513/213 1500/1515/35 1498/1512/37
f 1499/1513/213 1501/1516/214 1502/1518/31 1500/1515/35
f 1501/1516/214 1503/1519/215 1504/1520/32 1502/1518/31
f 1503/1519/215 1475/1475/216 1476/1477/23 1504/1520/32
f 1480/1484/64 1505/1522/63 1506/1524/27 1479/1483/60
f 1505/1522/63 1507/1525/218 1508/1527/28 1506/1524/27
f 1507/1525/218 1509/1528/219 1510/1530/57 1508/1527/28
f 1509/1528/219 1511/1531/220 1512/1533/55 1510/1530/57
f 1511/1531/220 1513/1534/221 1514/1536/53 1512/1533/55
f 1513/1534/221 1515/1537/222 1516/1539/51 1514/1536/53
f 1515/1537/222 1517/1540/209 1518/1542/43 1516/1539/51
f 1517/1540/209 1478/1481/46 1477/1480/19 1518/1542/43
f 1482/1487/82 1519/1543/81 1520/1545/47 1481/1486/78
f 1519/1543/81 1521/1546/224 1522/1548/48 1520/1545/47
f 1521/1546/224 1523/1549/225 1524/1551/75 1522/1548/48
f 1523/1549/225 1525/1552/226 1526/1554/73 1524/1551/75
f 1525/1552/226 1527/1555/227 1528/1557/71 1526/1554/73
f 1527/1555/227 1529/1558/228 1530/1560/69 1528/1557/71
f 1529/1558/228 1531/1561/217 1532/1563/59 1530/1560/69
f 1531/1561/217 1480/1484/64 1479/1483/60 1532/1563/59
f 1484/1491/100 1533/1564/99 1534/1566/65 1483/1490/96
f 1533/1564/99 1535/1567/230 1536/1569/66 1534/1566/65
f 1535/1567/230 1537/1570/231 1538/1572/93 1536/1569/66
f 1537/1570/231 1539/1573/232 1540/1575/91 1538/1572/93
f 1539/1573/232 1541/1576/233 1542/1578/89 1540/1575/91
f 1541/1576/233 1543/1579/234 1544/1581/87 1542/1578/89
f 1543/1579/234 1545/1582/223 1546/1584/77 1544/1581/87
f 1545/1582/223 1482/1487/82 1481/1486/78 1546/1584/77
f 1486/1494/118 1547/1585/117 1548/1587/83 1485/1493/114
f 1547/1585/117 1549/1588/236 1550/1590/84 1548/1587/83
f 1549/1588/236 1551/1591/237 1552/1593/111 1550/1590/84
f 1551/1591/237 1553/1594/238 1554/1596/109 1552/1593/111
f 1553/1594/238 1555/1597/239 1556/1599/107 1554/1596/109
f 1555/1597/239 1557/1600/240 1558/1602/105 1556/1599/107
f 1557/1600/240 1559/1603/229 1560/1605/95 1558/1602/105
f 1559/1603/229 1484/1491/100 1483/1490/96 1560/1605/95
f 1488/1497/136 1561/1606/135 1562/1608/101 1487/1496/132
f 1561/1606/135 1563/1609/242 1564/1611/102 1562/1608/101
f 1563/1609/242 1565/1612/243 1566/1614/129 1564/1611/102
f 1565/1612/243 1567/1615/244 1568/1617/127 1566/1614/129
f 1567/1615/244 1569/1618/245 1570/1620/125 1568/1617/127
f 1569/1618/245 1571/1621/246 1572/1623/123 1570/1620/125
f 1571/1621/246 1573/1624/235 1574/1626/113 1572/1623/123
f 1573/1624/235 1486/1494/118 1485/1493/114 1574/1626/113
f 1490/1500/3 1575/1627/2 1576/1629/119 1489/1499/145
f 1575/1627/2 1577/1630/248 1578/1632/120 1576/1629/119
f 1577/1630/248 1579/1633/249 1580/1635/143 1578/1632/120
f 1579/1633/249 1581/1636/250 1582/1638/141 1580/1635/143
f 1581/1636/250 1583/1639/251 1584/1641/139 1582/1638/141
f 1583/1639/251 1585/1642/252 1586/1644/137 1584/1641/139
f 1585/1642/252 1587/1645/241 1588/1647/131 1586/1644/137
f 1587/1645/241 1488/1497/136 1487/1496/132 1588/1647/131
f 1475/1475/216 1589/1648/253 1590/1650/24 1476/1477/23
f 1589/1648/253 1591/1651/254 1592/1653/17 1590/1650/24
f 1591/1651/254 1593/1654/255 1594/1656/15 1592/1653/17
f 1593/1654/255 1595/1657/256 1596/1659/13 1594/1656/15
f 1595/1657/256 1597/1660/257 1598/1662/11 1596/1659/13
f 1597/1660/257 1599/1663/258 1600/1665/7 1598/1662/11
f 1599/1663/258 1601/1666/247 1602/1668/8 1600/1665/7
f 1601/1666/247 1490/1500/3 1489/1499/145 1602/1668/8
f 1606/1675/22 1619/1696/21 1620/1697/148 1605/1673/155
f 1619/1696/21 1621/1699/42 1622/1700/147 1620/1697/148
f 1621/1699/42 1623/1702/40 1624/1703/162 1622/1700/147
f 1623/1702/40 1625/1705/38 1626/1706/161 1624/1703/162
f 1625/1705/38 1627/1708/36 1628/1709/160 1626/1706/161
f 1627/1708/36 1629/1711/34 1630/1712/159 1628/1709/160
f 1629/1711/34 1631/1713/33 1632/1715/6 1630/1712/159
f 1631/1713/33 1603/1670/26 1604/1672/4 1632/1715/6
f 1608/1678/61 1633/1717/30 1634/1718/158 1607/1676/164
f 1633/1717/30 1635/1720/29 1636/1721/157 1634/1718/158
f 1635/1720/29 1637/1723/58 1638/1724/170 1636/1721/157
f 1637/1723/58 1639/1726/56 1640/1727/169 1638/1724/170
f 1639/1726/56 1641/1729/54 1642/1730/168 1640/1727/169
f 1641/1729/54 1643/1732/52 1644/1733/167 1642/1730/168
f 1643/1732/52 1645/1735/44 1646/1736/163 1644/1733/167
f 1645/1735/44 1606/1675/22 1605/1673/155 1646/1736/163
f 1610/1681/79 1647/1738/50 1648/1739/166 1609/1679/172
f 1647/1738/50 1649/1741/49 1650/1742/165 1648/1739/166
f 1649/1741/49 1651/1744/76 1652/1745/178 1650/1742/165
f 1651/1744/76 1653/1747/74 1654/1748/177 1652/1745/178
f 1653/1747/74 1655/1750/72 1656/1751/176 1654/1748/177
f 1655/1750/72 1657/1753/70 1658/1754/175 1656/1751/176
f 1657/1753/70 1659/1756/62 1660/1757/171 1658/1754/175
f 1659/1756/62 1608/1678/61 1607/1676/164 1660/1757/171
f 1612/1685/97 1661/1759/68 1662/1760/174 1611/1682/180
f 1661/1759/68 1663/1762/67 1664/1763/173 1662/1760/174
f 1663/1762/67 1665/1765/94 1666/1766/186 1664/1763/173
f 1665/1765/94 1667/1768/92 1668/1769/185 1666/1766/186
f 1667/1768/92 1669/1771/90 1670/1772/184 1668/1769/185
f 1669/1771/90 1671/1774/88 1672/1775/183 1670/1772/184
f 1671/1774/88 1673/1777/80 1674/1778/179 1672/1775/183
f 1673/1777/80 1610/1681/79 1609/1679/172 1674/1778/179
f 1614/1688/115 1675/1780/86 1676/1781/182 1613/1686/188
f 1675/1780/86 1677/1783/85 1678/1784/181 1676/1781/182
f 1677/1783/85 1679/1786/112 1680/1787/194 1678/1784/181
f 1679/1786/112 1681/1789/110 1682/1790/193 1680/1787/194
f 1681/1789/110 1683/1792/108 1684/1793/192 1682/1790/193
f 1683/1792/108 1685/1795/106 1686/1796/191 1684/1793/192
f 1685/1795/106 1687/1798/98 1688/1799/187 1686/1796/191
f 1687/1798/98 1612/1685/97 1611/1682/180 1688/1799/187
f 1616/1691/133 1689/1801/104 1690/1802/190 1615/1689/196
f 1689/1801/104 1691/1804/103 1692/1805/189 1690/1802/190
f 1691/1804/103 1693/1807/130 1694/1808/202 1692/1805/189
f 1693/1807/130 1695/1810/128 1696/1811/201 1694/1808/202
f 1695/1810/128 1697/1813/126 1698/1814/200 1696/1811/201
f 1697/1813/126 1699/1816/124 1700/1817/199 1698/1814/200
f 1699/1816/124 1701/1819/116 1702/1820/195 1700/1817/199
f 1701/1819/116 1614/1688/115 1613/1686/188 1702/1820/195
f 1618/1694/146 1703/1822/122 1704/1823/198 1617/1692/204
f 1703/1822/122 1705/1825/121 1706/1826/197 1704/1823/198
f 1705/1825/121 1707/1828/144 1708/1829/208 1706/1826/197
f 1707/1828/144 1709/1831/142 1710/1832/207 1708/1829/208
f 1709/1831/142 1711/1834/140 1712/1835/206 1710/1832/207
f 1711/1834/140 1713/1837/138 1714/1838/205 1712/1835/206
f 1713/1837/138 1715/1840/134 1716/1841/203 1714/1838/205
f 1715/1840/134 1616/1691/133 1615/1689/196 1716/1841/203
f 1603/1670/26 1717/1843/25 1718/1844/156 1604/1672/4
f 1717/1843/25 1719/1846/18 1720/1847/154 1718/1844/156
f 1719/1846/18 1721/1849/16 1722/1850/153 1720/1847/154
f 1721/1849/16 1723/1852/14 1724/1853/152 1722/1850/153
f 1723/1852/14 1725/1855/12 1726/1856/151 1724/1853/152
f 1725/1855/12 1727/1858/10 1728/1859/150 1726/1856/151
f 1727/1858/10 1729/1861/9 1730/1862/149 1728/1859/150
f 1729/1861/9 1618/1694/146 1617/1692/204 1730/1862/149
f 1504/1521/32 1476/1478/23 1603/1671/26 1631/1714/33
